Company Name, Stock Symbol, DPM Name, Post/Station
"--Placeholder--","VRMMW","","5/1"
"-1x Short VIX Futures ETF","SVIX","Citadel Securities LLC","9/1"
"1 800 FLOWERS COM INC CL A","FLWS","Belvedere Trading LLC","6/1"
"10X GENOMICS INC CL A COM","TXG","Susquehanna Securities, LLC","4/1"
"17 ED & TECHNOLOGY GROUP INC SPONSORED ADR","YQ","Belvedere Trading LLC","4/1"
"180 DEGREE CAP CORP COM NEW","TURN","Citadel Securities LLC","5/1"
"1ST SOURCE CORP COM","SRCE","Citadel Securities LLC","1/1"
"1STDIBS COM INC COM","DIBS","Wolverine Trading, LLC","3/1"
"22ND CENTY GROUP INC COM NEW","XXII","Citadel Securities LLC","3/1"
"23ANDME HOLDING CO CL A NEW","ME","Belvedere Trading LLC","2/1"
"2SEVENTY BIO INC COMMON STOCK","TSVT","Group One Trading LLC","4/1"
"2x Bitcoin Strategy ETF","BITX","Wolverine Trading, LLC","8/1"
"2x Ether ETF","ETHU","Belvedere Trading LLC","1/1"
"2x Long VIX Futures ETF ","UVIX","Wolverine Trading, LLC","9/1"
"3-D SYS CORP DEL COM NEW","DDD","Susquehanna Securities, LLC","1/1"
"3M CO COM","MMM","Susquehanna Securities, LLC","2/1"
"4D MOLECULAR THERAPEUTICS INC COM","FDMT","Susquehanna Securities, LLC","4/1"
"5E ADVANCED MATERIALS INC COMMON STOCK","FEAM","Susquehanna Securities, LLC","2/1"
"89BIO INC COM","ETNB","Susquehanna Securities, LLC","2/1"
"8X8 INC NEW COM","EGHT","Susquehanna Securities, LLC","6/1"
"908 DEVICES INC COM","MASS","Citadel Securities LLC","1/1"
"A-MARK PRECIOUS METALS INC COM","AMRK","Susquehanna Securities, LLC","1/1"
"A10 NETWORKS INC COM","ATEN","Citadel Securities LLC","3/1"
"AAON INC COM PAR $0.004","AAON","Wolverine Trading, LLC","3/1"
"AAR CORP COM","AIR","Citadel Securities LLC","1/1"
"Abacus FCF ETF Trust","ABFL","Belvedere Trading LLC","2/1"
"ABACUS LIFE INC CL A","ABL","Susquehanna Securities, LLC","1/1"
"ABBOTT LABS COM","ABT","Susquehanna Securities, LLC","4/1"
"ABBVIE INC COM","ABBV","Susquehanna Securities, LLC","1/1"
"ABCELLERA BIOLOGICS INC COM","ABCL","Group One Trading LLC","4/1"
"ABEONA THERAPEUTICS INC COM NEW","ABEO","Group One Trading LLC","1/1"
"ABERCROMBIE & FITCH CO CL A","ANF","Susquehanna Securities, LLC","1/1"
"ABITS GROUP INC ORDINARY SHARES","ABTS","Susquehanna Securities, LLC","6/1"
"ABM INDS INC COM","ABM","Susquehanna Securities, LLC","3/1"
"ABRDN ETFS BBG INDUSTRL MET","BCIM","Belvedere Trading LLC","1/1"
"ABRDN ETFS BBRG ALL COMD K1","BCI","Belvedere Trading LLC","2/1"
"ABRDN ETFS BBRG ALL COMMDY","BCD","Belvedere Trading LLC","1/1"
"ABRDN PALLADIUM ETF TRUST PHYSICAL PALLADM","PALL","","16/1"
"ABRDN PLATINUM ETF TRUST PHYSCL PLATM SHS","PPLT","","16/1"
"ABRDN SILVER ETF TRUST PHYSCL SILVR SHS","SIVR","Morgan Stanley & Co. LLC","3/1"
"ABSCI CORPORATION COM","ABSI","Citadel Securities LLC","6/1"
"ACACIA RESH CORP ACACIA TCH COM","ACTG","Morgan Stanley & Co. LLC","1/1"
"ACADEMY SPORTS & OUTDOORS INC COM","ASO","Belvedere Trading LLC","1/1"
"ACADIA HEALTHCARE COMPANY INC COM","ACHC","Group One Trading LLC","1/1"
"ACADIA PHARMACEUTICALS INC COM","ACAD","Susquehanna Securities, LLC","3/1"
"ACADIAN ASSET MANAGEMENT INC COM","AAMI","Group One Trading LLC","4/1"
"ACCEL ENTERTAINMENT INC COM CL A1","ACEL","Belvedere Trading LLC","3/1"
"ACCELERATE DIAGNOSTICS INC COM NEW","AXDX","Citadel Securities LLC","4/1"
"ACCENTURE PLC IRELAND SHS CLASS A","ACN","Citadel Securities LLC","5/1"
"ACCO BRANDS CORP COM","ACCO","Susquehanna Securities, LLC","1/1"
"ACCOLADE INC COM","ACCD","Citadel Securities LLC","3/1"
"ACCURAY INC COM","ARAY","Group One Trading LLC","4/1"
"ACELYRIN INC COM","SLRN","Belvedere Trading LLC","5/1"
"ACHIEVE LIFE SCIENCES INC COM","ACHV","Group One Trading LLC","1/1"
"ACI WORLDWIDE INC COM","ACIW","Morgan Stanley & Co. LLC","2/1"
"ACLARIS THERAPEUTICS INC COM","ACRS","Group One Trading LLC","4/1"
"ACM RESH INC COM CL A","ACMR","Group One Trading LLC","4/1"
"ACNB CORP COM","ACNB","Jane Street Options, LLC","3/1"
"ACRES COMMERCIAL REALTY CORP COM NEW","ACR","Wolverine Trading, LLC","1/1"
"ACTINIUM PHARMACEUTICALS INC COM","ATNM","Belvedere Trading LLC","3/1"
"ACUITY BRANDS INC COM","AYI","Citadel Securities LLC","4/1"
"ACUMEN PHARMACEUTICALS INC COM","ABOS","Group One Trading LLC","4/1"
"ACUSHNET HLDGS CORP COM","GOLF","Citadel Securities LLC","3/1"
"ACV AUCTIONS INC COM CL A","ACVA","Citadel Securities LLC","1/1"
"ADAM NAT RES FD INC COM","PEO","Susquehanna Securities, LLC","3/1"
"ADAPTHEALTH CORP COMMON STOCK","AHCO","Group One Trading LLC","4/1"
"ADAPTIMMUNE THERAPEUTICS PLC SPONDS ADR","ADAP","Citadel Securities LLC","3/1"
"ADAPTIVE BIOTECHNOLOGIES CORP COM","ADPT","Susquehanna Securities, LLC","1/1"
"ADC THERAPEUTICS SA SHS","ADCT","Citadel Securities LLC","2/1"
"ADDUS HOMECARE CORP COM","ADUS","Citadel Securities LLC","1/1"
"ADECOAGRO S A COM","AGRO","Wolverine Trading, LLC","3/1"
"ADEIA INC COM","ADEA","Citadel Securities LLC","5/1"
"ADICET BIO INC COM","ACET","Group One Trading LLC","4/1"
"ADIENT PLC ORD SHS","ADNT","Belvedere Trading LLC","1/1"
"ADMA BIOLOGICS INC COM","ADMA","Susquehanna Securities, LLC","2/1"
"ADOBE INC COM","ADBE","IMC-Chicago, LLC dba IMC Financial Markets","1/1"
"ADT INC DEL COM","ADT","Belvedere Trading LLC","3/1"
"ADTALEM GLOBAL ED INC COM","ATGE","Belvedere Trading LLC","1/1"
"ADTRAN HOLDINGS INC COM","ADTN","Belvedere Trading LLC","1/1"
"ADVANCE AUTO PARTS INC COM","AAP","Susquehanna Securities, LLC","1/1"
"ADVANCED DRAIN SYS INC DEL COM","WMS","Wolverine Trading, LLC","3/1"
"ADVANCED ENERGY INDS COM","AEIS","Susquehanna Securities, LLC","6/1"
"ADVANCED FLOWER CAP INC COM","AFCG","Susquehanna Securities, LLC","1/1"
"ADVANCED MICRO DEVICES INC COM","AMD","Citadel Securities LLC","2/1"
"ADVANSIX INC COM","ASIX","Citadel Securities LLC","6/1"
"ADVANTAGE SOLUTIONS INC COM CL A","ADV","Wolverine Trading, LLC","3/1"
"ADVERUM BIOTECHNOLOGIES INC COM NEW","ADVM","Citadel Securities LLC","3/1"
"ADVISORSHARES TR GERBER KAWASAKI","GK","Wolverine Trading, LLC","3/1"
"ADVISORSHARES TR MSOS DAILY LVRGD","MSOX","Belvedere Trading LLC","2/1"
"ADVISORSHARES TR PURE CANNABIS","YOLO","Belvedere Trading LLC","3/1"
"ADVISORSHARES TR PURE US CANNABIS","MSOS","Citadel Securities LLC","3/1"
"ADVISORSHARES TR Q DYNAMIC GROWTH","QPX","Belvedere Trading LLC","1/1"
"ADVISORSHARES TR RANGER EQUITY BE","HDGE","Susquehanna Securities, LLC","7/1"
"AECOM COM","ACM","Morgan Stanley & Co. LLC","1/1"
"AEGON LTD AMER REG 1 CERT","AEG","Belvedere Trading LLC","1/1"
"AEHR TEST SYS COM","AEHR","Susquehanna Securities, LLC","1/1"
"AEMETIS INC COM NEW","AMTX","Belvedere Trading LLC","3/1"
"AERCAP HOLDINGS NV SHS","AER","Susquehanna Securities, LLC","4/1"
"AEROVATE THERAPEUTICS INC COM","AVTE","Susquehanna Securities, LLC","4/1"
"AEROVIRONMENT INC COM","AVAV","Susquehanna Securities, LLC","3/1"
"AERSALE CORPORATION COM","ASLE","Wolverine Trading, LLC","3/1"
"AES CORP COM","AES","Susquehanna Securities, LLC","6/1"
"AEVA TECHNOLOGIES INC COM NEW","AEVA","Susquehanna Securities, LLC","5/1"
"AFFILIATED MANAGERS GROUP INC COM","AMG","Susquehanna Securities, LLC","3/1"
"AFFIRM HLDGS INC COM CL A","AFRM","Citadel Securities LLC","2/1"
"AFLAC INC COM","AFL","Citadel Securities LLC","5/1"
"AFYA LTD CL A COM","AFYA","Wolverine Trading, LLC","1/1"
"AG MTG INVT TR INC COM NEW","MITT","Wolverine Trading, LLC","3/1"
"AGCO CORP COM","AGCO","Citadel Securities LLC","6/1"
"AGEAGLE AERIAL SYS INC NEW COM SHS","UAVS","Wolverine Trading, LLC","3/1"
"AGENUS INC COM NEW","AGEN","Group One Trading LLC","4/1"
"AGILENT TECHNOLOGIES INC COM","A","Susquehanna Securities, LLC","3/1"
"AGILON HEALTH INC COM","AGL","Morgan Stanley & Co. LLC","1/1"
"AGILYSYS INC COM","AGYS","Citadel Securities LLC","4/1"
"AGIOS PHARMACEUTICALS INC COM","AGIO","Susquehanna Securities, LLC","4/1"
"AGNC INVT CORP COM","AGNC","Morgan Stanley & Co. LLC","4/1"
"AGNICO EAGLE MINES LTD COM","AEM","Susquehanna Securities, LLC","1/1"
"AGORA INC ADS","API","Wolverine Trading, LLC","3/1"
"AGREE RLTY CORP COM","ADC","Wolverine Trading, LLC","3/1"
"AIR LEASE CORP CL A","AL","Susquehanna Securities, LLC","2/1"
"AIR PRODS & CHEMS INC COM","APD","Susquehanna Securities, LLC","1/1"
"AIR TRANSPORT SERVICES GRP INC COM","ATSG","Group One Trading LLC","4/1"
"AIRBNB INC COM CL A","ABNB","Susquehanna Securities, LLC","3/1"
"AIRGAIN INC COM","AIRG","Susquehanna Securities, LLC","3/1"
"AIRSHIP AI HLDGS INC COM","AISP","Susquehanna Securities, LLC","1/1"
"AIX INC SPONSORED ADS","AIFU","Citadel Securities LLC","3/1"
"AKAMAI TECHNOLOGIES INC COM","AKAM","Susquehanna Securities, LLC","6/1"
"AKEBIA THERAPEUTICS INC COM","AKBA","Citadel Securities LLC","1/1"
"AKERO THERAPEUTICS INC COM","AKRO","Group One Trading LLC","4/1"
"AKOUSTIS TECHNOLOGIES INC COM","AKTSQ","Group One Trading LLC","4/1"
"AKOYA BIOSCIENCES INC COM","AKYA","Citadel Securities LLC","3/1"
"ALAMO GROUP INC COM","ALG","Wolverine Trading, LLC","3/1"
"ALAMOS GOLD INC NEW COM CL A","AGI","Wolverine Trading, LLC","3/1"
"ALARM COM HLDGS INC COM","ALRM","Susquehanna Securities, LLC","1/1"
"ALASKA AIR GROUP INC COM","ALK","Susquehanna Securities, LLC","5/1"
"ALBANY INTL CORP CL A","AIN","Susquehanna Securities, LLC","1/1"
"ALBEMARLE CORP COM","ALB","Susquehanna Securities, LLC","1/1"
"ALBERTSONS COS INC COMMON STOCK","ACI","Wolverine Trading, LLC","3/1"
"ALCOA CORP COM","AA","Citadel Securities LLC","5/1"
"ALCON AG ORD SHS","ALC","Citadel Securities LLC","4/1"
"ALDEYRA THERAPEUTICS INC COM","ALDX","Group One Trading LLC","4/1"
"ALECTOR INC COM","ALEC","Citadel Securities LLC","1/1"
"ALERUS FINL CORP COM","ALRS","Belvedere Trading LLC","3/1"
"ALEXANDER & BALDWIN INC NEW COM","ALEX","Citadel Securities LLC","3/1"
"ALEXANDRIA REAL ESTATE EQ INC COM","ARE","Wolverine Trading, LLC","2/1"
"ALGOMA STL GROUP INC COM","ASTL","Group One Trading LLC","4/1"
"ALGONQUIN PWR UTILS CORP COM","AQN","Wolverine Trading, LLC","3/1"
"ALIBABA GROUP HLDG LTD SPONSORED ADS","BABA","Susquehanna Securities, LLC","3/1"
"ALIGHT INC COM CL A","ALIT","Belvedere Trading LLC","6/1"
"ALIGN TECHNOLOGY INC COM","ALGN","Susquehanna Securities, LLC","1/1"
"ALIGNMENT HEALTHCARE INC COM","ALHC","Citadel Securities LLC","3/1"
"ALIGOS THERAPEUTICS INC COM NEW","ALGS","Citadel Securities LLC","6/1"
"ALKAMI TECHNOLOGY INC COM","ALKT","Group One Trading LLC","1/1"
"ALKERMES PLC SHS","ALKS","Citadel Securities LLC","2/1"
"ALLAKOS INC COM","ALLK","Susquehanna Securities, LLC","3/1"
"ALLBIRDS INC CL A NEW","BIRD","Susquehanna Securities, LLC","1/1"
"ALLEGIANT TRAVEL CO COM","ALGT","Susquehanna Securities, LLC","5/1"
"ALLEGION PLC ORD SHS","ALLE","Wolverine Trading, LLC","3/1"
"ALLEGO N V ORD SHS","ALLGF","Group One Trading LLC","3/1"
"ALLEGRO MICROSYSTEMS INC COM","ALGM","Morgan Stanley & Co. LLC","6/1"
"ALLIANCE RESOURCE PARTNERS L P UT LTD PART","ARLP","Susquehanna Securities, LLC","5/1"
"ALLIANCEBERNSTEIN HLDG L P UNIT LTD PARTN","AB","Susquehanna Securities, LLC","3/1"
"ALLIANT ENERGY CORP COM","LNT","Citadel Securities LLC","3/1"
"ALLIENT INC COM","ALNT","Susquehanna Securities, LLC","3/1"
"ALLISON TRANSMISSION HLDGS INC COM","ALSN","Susquehanna Securities, LLC","5/1"
"ALLOGENE THERAPEUTICS INC COM","ALLO","Group One Trading LLC","4/1"
"ALLOT LTD SHS","ALLT","Susquehanna Securities, LLC","2/1"
"ALLOVIR INC COM NEW","ALVR","Citadel Securities LLC","1/1"
"ALLSTATE CORP COM","ALL","Susquehanna Securities, LLC","5/1"
"ALLURION TECHNOLOGIES INC COMMON STOCK","ALUR","Belvedere Trading LLC","3/1"
"ALLY FINL INC COM","ALLY","Citadel Securities LLC","1/1"
"ALNYLAM PHARMACEUTICALS INC COM","ALNY","Susquehanna Securities, LLC","2/1"
"ALPHA & OMEGA SEMICONDUCTOR LT SHS","AOSL","Morgan Stanley & Co. LLC","2/1"
"ALPHA METALLURGICAL RESOUR INC COM","AMR","Morgan Stanley & Co. LLC","1/1"
"ALPHA PRO TECH LTD COM","APT","Citadel Securities LLC","2/1"
"ALPHABET INC CAP STK CL A","GOOGL","Susquehanna Securities, LLC","6/1"
"ALPHABET INC CAP STK CL C","GOOG","Susquehanna Securities, LLC","6/1"
"ALPHATEC HLDGS INC COM NEW","ATEC","Group One Trading LLC","4/1"
"ALPINE 4 HOLDINGS INC CL A NEW","ALPP","Susquehanna Securities, LLC","3/1"
"ALPINE INCOME PPTY TR INC COM","PINE","Citadel Securities LLC","5/1"
"ALPS - O'Shares Global Internet Giants ETF","OGIG","Belvedere Trading LLC","2/1"
"ALPS - O'Shares U.S. Quality Dividend ETF","OUSA","Belvedere Trading LLC","3/1"
"ALPS ETF TR ALERIAN MLP","AMLP","Susquehanna Securities, LLC","7/1"
"ALPS ETF TR BARRONS 400 ETF","BFOR","Wolverine Trading, LLC","7/1"
"ALPS ETF TR CLEAN ENERGY","ACES","Wolverine Trading, LLC","3/1"
"ALPS ETF TR DISRUPTIVE TECH","DTEC","Belvedere Trading LLC","3/1"
"ALPS ETF TR MED BREAKTHGH","SBIO","Belvedere Trading LLC","6/1"
"ALPS ETF TR SECTR DIV DOGS","SDOG","Wolverine Trading, LLC","5/1"
"ALTA EQUIPMENT GROUP INC COMMON STOCK","ALTG","Group One Trading LLC","4/1"
"ALTAIR ENGR INC COM CL A","ALTR","Citadel Securities LLC","6/1"
"ALTICE USA INC CL A","ATUS","Citadel Securities LLC","5/1"
"ALTIMMUNE INC COM NEW","ALT","Group One Trading LLC","4/1"
"ALTO INGREDIENTS INC COM","ALTO","Group One Trading LLC","4/1"
"ALTRIA GROUP INC COM","MO","Susquehanna Securities, LLC","1/1"
"ALTUS POWER INC COM CL A","AMPS","Citadel Securities LLC","1/1"
"ALX ONCOLOGY HLDGS INC COM","ALXO","Group One Trading LLC","4/1"
"AMALGAMATED FINANCIAL CORP COM","AMAL","Citadel Securities LLC","4/1"
"AMARIN CORP PLC SPONS ADR NEW","AMRN","Group One Trading LLC","4/1"
"AMAZON COM INC COM","AMZN","Citadel Securities LLC","5/1"
"AMBAC FINL GROUP INC COM NEW","AMBC","Wolverine Trading, LLC","3/1"
"AMBARELLA INC SHS","AMBA","Susquehanna Securities, LLC","1/1"
"AMBEV SA SPONSORED ADR","ABEV","Susquehanna Securities, LLC","2/1"
"AMC ENTMT HLDGS INC CL A NEW","AMC","Citadel Securities LLC","6/1"
"AMC NETWORKS INC CL A","AMCX","Susquehanna Securities, LLC","4/1"
"AMCOR PLC ORD","AMCR","Belvedere Trading LLC","6/1"
"AMDOCS LTD SHS","DOX","Susquehanna Securities, LLC","2/1"
"AMEDISYS INC COM","AMED","Citadel Securities LLC","3/1"
"AMENTUM HOLDINGS INC COM","AMTM","Morgan Stanley & Co. LLC","1/1"
"AMER SPORTS INC COM SHS","AS","Citadel Securities LLC","1/1"
"AMER STATES WTR CO COM","AWR","Susquehanna Securities, LLC","1/1"
"AMERANT BANCORP INC CL A","AMTB","Citadel Securities LLC","1/1"
"AMEREN CORP COM","AEE","Susquehanna Securities, LLC","6/1"
"AMERESCO INC CL A","AMRC","Wolverine Trading, LLC","3/1"
"AMERICA MOVIL SAB DE CV SPON ADS RP CL B","AMX","Citadel Securities LLC","5/1"
"AMERICAN AIRLS GROUP INC COM","AAL","Susquehanna Securities, LLC","2/1"
"AMERICAN ASSETS TR INC COM","AAT","Wolverine Trading, LLC","3/1"
"AMERICAN AXLE & MFG HLDGS INC COM","AXL","Susquehanna Securities, LLC","2/1"
"AMERICAN BATTERY TECHNOLOGY COM NEW","ABAT","Group One Trading LLC","1/1"
"American Century Quality Preferred ETF","QPFF","Belvedere Trading LLC","6/1"
"AMERICAN CENTY ETF TR AVANTIS ALL EQT","AVGV","Belvedere Trading LLC","4/1"
"AMERICAN CENTY ETF TR AVANTIS ALL EQT","AVGE","Belvedere Trading LLC","3/1"
"AMERICAN CENTY ETF TR AVANTIS EMGMKT","AVEM","Citadel Securities LLC","2/1"
"AMERICAN CENTY ETF TR AVANTIS RESPON U","AVSU","Belvedere Trading LLC","4/1"
"AMERICAN CENTY ETF TR AVANTIS US LARG","AVLC","Belvedere Trading LLC","5/1"
"AMERICAN CENTY ETF TR AVANTIS US MID C","AVMC","Belvedere Trading LLC","6/1"
"AMERICAN CENTY ETF TR AVANTIS US MID C","AVMV","Belvedere Trading LLC","2/1"
"AMERICAN CENTY ETF TR AVANTIS US SMALL","AVSC","Belvedere Trading LLC","3/1"
"AMERICAN CENTY ETF TR CORE MUNI FXD IN","AVMU","Belvedere Trading LLC","1/1"
"AMERICAN CENTY ETF TR INTL EQT ETF","AVDE","Wolverine Trading, LLC","3/1"
"AMERICAN CENTY ETF TR US QUALITY GROW","QGRO","Wolverine Trading, LLC","5/1"
"AMERICAN COASTAL INS CORP COM","ACIC","Citadel Securities LLC","2/1"
"AMERICAN EAGLE OUTFITTERS INC COM","AEO","Susquehanna Securities, LLC","3/1"
"AMERICAN ELEC PWR CO INC COM","AEP","Citadel Securities LLC","5/1"
"AMERICAN EXPRESS CO COM","AXP","Jane Street Options, LLC","6/1"
"AMERICAN FINL GROUP INC OHIO COM","AFG","Wolverine Trading, LLC","3/1"
"AMERICAN HEALTHCARE REIT INC COM SHS","AHR","Morgan Stanley & Co. LLC","1/1"
"AMERICAN HOMES 4 RENT CL A","AMH","Susquehanna Securities, LLC","2/1"
"AMERICAN INTL GROUP INC COM NEW","AIG","Citadel Securities LLC","1/1"
"AMERICAN OUTDOOR BRANDS INC COM","AOUT","Morgan Stanley & Co. LLC","6/1"
"AMERICAN PUB ED INC COM","APEI","Morgan Stanley & Co. LLC","5/1"
"AMERICAN RES CORP CL A","AREC","Susquehanna Securities, LLC","3/1"
"AMERICAN SUPERCONDUCTOR CORP SHS NEW","AMSC","Susquehanna Securities, LLC","3/1"
"AMERICAN TOWER CORP NEW COM","AMT","Susquehanna Securities, LLC","1/1"
"AMERICAN VANGUARD CORP COM","AVD","Wolverine Trading, LLC","2/1"
"AMERICAN WELL CORP COM CL A NEW","AMWL","Citadel Securities LLC","3/1"
"AMERICAN WOODMARK CORPORATION COM","AMWD","Susquehanna Securities, LLC","1/1"
"AMERICAN WTR WKS CO INC NEW COM","AWK","Susquehanna Securities, LLC","4/1"
"AMERICOLD REALTY TRUST INC COM","COLD","Wolverine Trading, LLC","3/1"
"AMERIPRISE FINL INC COM","AMP","Citadel Securities LLC","1/1"
"AMERIS BANCORP COM","ABCB","Citadel Securities LLC","2/1"
"AMES NATL CORP COM","ATLO","Citadel Securities LLC","1/1"
"AMETEK INC COM","AME","Citadel Securities LLC","4/1"
"AMGEN INC COM","AMGN","Citadel Securities LLC","4/1"
"AMICUS THERAPEUTICS INC COM","FOLD","Group One Trading LLC","4/1"
"AMKOR TECHNOLOGY INC COM","AMKR","Citadel Securities LLC","1/1"
"AMMO INC COM","POWW","Belvedere Trading LLC","6/1"
"AMN HEALTHCARE SVCS INC COM","AMN","Wolverine Trading, LLC","2/1"
"AMNEAL PHARMACEUTICALS INC COM STK CL A","AMRX","Citadel Securities LLC","4/1"
"AMPCO-PITTSBURG CORP COM","AP","Wolverine Trading, LLC","3/1"
"AMPHASTAR PHARMACEUTICALS INC COM","AMPH","Belvedere Trading LLC","6/1"
"AMPHENOL CORP NEW CL A","APH","IMC-Chicago, LLC dba IMC Financial Markets","1/1"
"AMPLIFY COMMODITY TRUST BREAKWAVE DRY BU","BDRY","Belvedere Trading LLC","1/1"
"AMPLIFY ENERGY CORP NEW COM","AMPY","Wolverine Trading, LLC","3/1"
"AMPLIFY ETF TR AMPLIFY ALTERNAT","MJ","Belvedere Trading LLC","5/1"
"AMPLIFY ETF TR AMPLIFY BLOOMBER","AIVC","Belvedere Trading LLC","4/1"
"AMPLIFY ETF TR AMPLIFY BLUESTAR","ITEQ","Belvedere Trading LLC","5/1"
"AMPLIFY ETF TR AMPLIFY CYBERSEC","HACK","Belvedere Trading LLC","2/1"
"AMPLIFY ETF TR AMPLIFY JUNIOR S","SILJ","Susquehanna Securities, LLC","5/1"
"AMPLIFY ETF TR AMPLIFY LITHIUM","BATT","Belvedere Trading LLC","3/1"
"AMPLIFY ETF TR AMPLIFY TRAVEL T","AWAY","Belvedere Trading LLC","2/1"
"AMPLIFY ETF TR BLACKSWAN GRWT","SWAN","Citadel Securities LLC","2/1"
"AMPLIFY ETF TR BLOCKCHAIN LDR","BLOK","Belvedere Trading LLC","1/1"
"AMPLIFY ETF TR CASH FLOW DIVID","COWS","Belvedere Trading LLC","4/1"
"AMPLIFY ETF TR CWP ENHANCED DIV","DIVO","Wolverine Trading, LLC","3/1"
"AMPLIFY ETF TR CWP INTL ENHANCE","IDVO","Belvedere Trading LLC","6/1"
"AMPLIFY ETF TR ONLIN RETL ETF","IBUY","Belvedere Trading LLC","6/1"
"AMPLIFY ETF TR SEYMOUR CANNBS","CNBS","Belvedere Trading LLC","2/1"
"AMPLITUDE INC COM CL A","AMPL","Group One Trading LLC","4/1"
"AMPRIUS TECHNOLOGIES INC COMMON STOCK","AMPX","Susquehanna Securities, LLC","2/1"
"AMTECH SYS INC COM PAR $0.01N","ASYS","Susquehanna Securities, LLC","1/1"
"AMYLYX PHARMACEUTICALS INC COM","AMLX","Susquehanna Securities, LLC","3/1"
"ANALOG DEVICES INC COM","ADI","Citadel Securities LLC","4/1"
"ANAPTYSBIO INC COM","ANAB","Susquehanna Securities, LLC","1/1"
"ANAVEX LIFE SCIENCES CORP COM NEW","AVXL","Citadel Securities LLC","3/1"
"ANDERSONS INC COM","ANDE","Susquehanna Securities, LLC","4/1"
"ANGI INC COM CL A NEW","ANGI","Susquehanna Securities, LLC","3/1"
"ANGIODYNAMICS INC COM","ANGO","Belvedere Trading LLC","1/1"
"ANGLOGOLD ASHANTI PLC COM SHS","AU","Citadel Securities LLC","1/1"
"ANHEUSER BUSCH INBEV SA/NV SPONSORED ADR","BUD","Susquehanna Securities, LLC","1/1"
"ANI PHARMACEUTICALS INC COM","ANIP","Susquehanna Securities, LLC","6/1"
"ANIKA THERAPEUTICS INC COM","ANIK","Group One Trading LLC","4/1"
"ANNALY CAPITAL MANAGEMENT INC COM NEW","NLY","Citadel Securities LLC","1/1"
"ANNEXON INC COM","ANNX","Citadel Securities LLC","3/1"
"ANNOVIS BIO INC COM","ANVS","Group One Trading LLC","4/1"
"ANSYS INC COM","ANSS","Morgan Stanley & Co. LLC","1/1"
"ANTERIX INC COM","ATEX","Belvedere Trading LLC","5/1"
"ANTERO MIDSTREAM CORP COM","AM","Susquehanna Securities, LLC","5/1"
"ANTERO RESOURCES CORP COM","AR","Susquehanna Securities, LLC","1/1"
"ANYWHERE REAL ESTATE INC COM","HOUS","Morgan Stanley & Co. LLC","4/1"
"AON PLC SHS CL A","AON","Susquehanna Securities, LLC","3/1"
"APA CORPORATION COM","APA","Susquehanna Securities, LLC","4/1"
"APARTMENT INVT & MGMT CO CL A","AIV","Wolverine Trading, LLC","4/1"
"APELLIS PHARMACEUTICALS INC COM","APLS","Susquehanna Securities, LLC","1/1"
"API GROUP CORP COM STK","APG","Group One Trading LLC","3/1"
"APOGEE ENTERPRISES INC COM","APOG","Belvedere Trading LLC","1/1"
"APOGEE THERAPEUTICS INC COM","APGE","Belvedere Trading LLC","2/1"
"APOLLO COML REAL EST FIN INC COM","ARI","Belvedere Trading LLC","5/1"
"APOLLO GLOBAL MGMT INC COM","APO","Citadel Securities LLC","1/1"
"APPFOLIO INC COM CL A","APPF","Susquehanna Securities, LLC","4/1"
"APPIAN CORP CL A","APPN","Susquehanna Securities, LLC","1/1"
"APPLE HOSPITALITY REIT INC COM NEW","APLE","Susquehanna Securities, LLC","1/1"
"APPLE INC COM","AAPL","Susquehanna Securities, LLC","3/1"
"APPLIED DIGITAL CORP COM NEW","APLD","Belvedere Trading LLC","1/1"
"APPLIED INDL TECHNOLOGIES INC COM","AIT","Group One Trading LLC","4/1"
"APPLIED MATLS INC COM","AMAT","Citadel Securities LLC","5/1"
"APPLIED OPTOELECTRONICS INC COM","AAOI","Wolverine Trading, LLC","2/1"
"APPLOVIN CORP COM CL A","APP","Morgan Stanley & Co. LLC","2/1"
"APTARGROUP INC COM","ATR","Citadel Securities LLC","1/1"
"APTIV PLC COM SHS","APTV","Susquehanna Securities, LLC","3/1"
"Aptus Large Cap Enhanced Yield ETF","DUBS","Belvedere Trading LLC","5/1"
"AQUA METALS INC COM NEW","AQMS","Group One Trading LLC","4/1"
"AQUESTIVE THERAPEUTICS INC COM","AQST","Citadel Securities LLC","6/1"
"ARAMARK COM","ARMK","Susquehanna Securities, LLC","3/1"
"ARBE ROBOTICS LTD ORDINARY SHARES","ARBE","Belvedere Trading LLC","3/1"
"ARBOR REALTY TRUST INC COM","ABR","Wolverine Trading, LLC","3/1"
"ARBUTUS BIOPHARMA CORP COM","ABUS","Susquehanna Securities, LLC","3/1"
"ARCADIUM LITHIUM PLC COM SHS","ALTM","Wolverine Trading, LLC","3/1"
"ARCBEST CORP COM","ARCB","Citadel Securities LLC","1/1"
"ARCELLX INC COMMON STOCK","ACLX","Susquehanna Securities, LLC","1/1"
"ARCELORMITTAL SA LUXEMBOURG NY REGISTRY SH","MT","Susquehanna Securities, LLC","5/1"
"ARCH CAP GROUP LTD ORD","ACGL","Susquehanna Securities, LLC","6/1"
"ARCHER AVIATION INC COM CL A","ACHR","Citadel Securities LLC","3/1"
"ARCHER DANIELS MIDLAND CO COM","ADM","Optiver US LLC","6/1"
"ARCHROCK INC COM","AROC","Citadel Securities LLC","6/1"
"ARCOS DORADOS HOLDINGS INC SHS CLASS -A -","ARCO","Group One Trading LLC","4/1"
"ARCOSA INC COM","ACA","Citadel Securities LLC","1/1"
"ARCTURUS THERAPEUTICS HLDGS COM","ARCT","Group One Trading LLC","4/1"
"ARCUS BIOSCIENCES INC COM","RCUS","Susquehanna Securities, LLC","6/1"
"ARCUTIS BIOTHERAPEUTICS INC COM","ARQT","Citadel Securities LLC","6/1"
"ARDAGH METAL PACKAGING S A SHS","AMBP","Susquehanna Securities, LLC","1/1"
"ARDELYX INC COM","ARDX","Citadel Securities LLC","2/1"
"ARDENT HEALTH PARTNERS INC COM","ARDT","IMC-Chicago, LLC dba IMC Financial Markets","2/1"
"ARDMORE SHIPPING CORP COM","ASC","Wolverine Trading, LLC","2/1"
"ARES CAPITAL CORP COM","ARCC","Citadel Securities LLC","6/1"
"ARES COML REAL ESTATE CORP COM","ACRE","Susquehanna Securities, LLC","5/1"
"ARES MANAGEMENT CORPORATION CL A COM STK","ARES","Susquehanna Securities, LLC","1/1"
"ARGAN INC COM","AGX","Wolverine Trading, LLC","2/1"
"ARGENX SE SPONSORED ADR","ARGX","Susquehanna Securities, LLC","2/1"
"ARGO BLOCKCHAIN PLC ADS","ARBK","Group One Trading LLC","4/1"
"ARHAUS INC COM CL A","ARHS","Susquehanna Securities, LLC","1/1"
"ARIS WATER SOLUTIONS INC CLASS A COM","ARIS","Citadel Securities LLC","1/1"
"ARISTA NETWORKS INC COM SHS","ANET","Wolverine Trading, LLC","1/1"
"ARK 21Shares Bitcoin ETF","ARKB","Wolverine Trading, LLC","8/1"
"ARK Autonomous Technology & Robotics ETF","ARKQ","Wolverine Trading, LLC","3/1"
"ARK ETF TR FINTECH INNOVA","ARKF","Group One Trading LLC","4/1"
"ARK ETF TR INNOVATION ETF","ARKK","Belvedere Trading LLC","1/1"
"ARK ETF TR NEXT GNRTN INTER","ARKW","Wolverine Trading, LLC","3/1"
"ARK Genomic Revolution ETF","ARKG","Belvedere Trading LLC","2/1"
"ARK Israel Innovative Technology ETF","IZRL","Belvedere Trading LLC","6/1"
"ARK Space Exploration & Innovation ETF","ARKX","Wolverine Trading, LLC","3/1"
"ARKO CORP COM","ARKO","Wolverine Trading, LLC","3/1"
"ARLO TECHNOLOGIES INC COM","ARLO","Group One Trading LLC","4/1"
"ARM HOLDINGS PLC SPONSORED ADS","ARM","Susquehanna Securities, LLC","1/1"
"ARMADA HOFFLER PPTYS INC COM","AHH","Susquehanna Securities, LLC","6/1"
"ARMOUR RESIDENTIAL REIT INC COM SHS","ARR","Group One Trading LLC","4/1"
"ARMSTRONG WORLD INDS INC NEW COM","AWI","Citadel Securities LLC","2/1"
"ARQIT QUANTUM INC COM NEW","ARQQ","Citadel Securities LLC","16/1"
"ARRAY TECHNOLOGIES INC COM SHS","ARRY","Citadel Securities LLC","1/1"
"ARROW ELECTRS INC COM","ARW","Citadel Securities LLC","2/1"
"ARROW ETF TR ARROW DJ GLB YLD","GYLD","Wolverine Trading, LLC","3/1"
"ARROWHEAD PHARMACEUTICALS INC COM","ARWR","Wolverine Trading, LLC","3/1"
"ARTERIS INC COM","AIP","Group One Trading LLC","3/1"
"ARTISAN PARTNERS ASSET MGMT IN CL A","APAM","Citadel Securities LLC","3/1"
"ARTIVION INC COM","AORT","Belvedere Trading LLC","5/1"
"ARVINAS INC COM","ARVN","Susquehanna Securities, LLC","3/1"
"ASA GOLD AND PRECIOUS MTLS LMT SHS","ASA","Susquehanna Securities, LLC","3/1"
"ASANA INC CL A","ASAN","Susquehanna Securities, LLC","3/1"
"ASBURY AUTOMOTIVE GROUP INC COM","ABG","Group One Trading LLC","5/1"
"ASCENDIS PHARMA A/S SPONSORED ADR","ASND","Susquehanna Securities, LLC","4/1"
"ASE TECHNOLOGY HLDG CO LTD SPONSORED ADS","ASX","Group One Trading LLC","4/1"
"ASGN INC COM","ASGN","Wolverine Trading, LLC","2/1"
"ASHFORD HOSPITALITY TR INC COM NEW","AHT","Wolverine Trading, LLC","2/1"
"ASHLAND INC COM","ASH","Citadel Securities LLC","5/1"
"ASML HOLDING N V N Y REGISTRY SHS","ASML","Susquehanna Securities, LLC","4/1"
"ASP ISOTOPES INC COM","ASPI","Susquehanna Securities, LLC","2/1"
"ASPEN AEROGELS INC COM","ASPN","Group One Trading LLC","4/1"
"ASPEN TECHNOLOGY INC COM","AZPN","Susquehanna Securities, LLC","2/1"
"ASSERTIO HOLDINGS INC COM NEW","ASRT","Morgan Stanley & Co. LLC","4/1"
"ASSOCIATED BANC CORP COM","ASB","Susquehanna Securities, LLC","1/1"
"ASSURANT INC COM","AIZ","Citadel Securities LLC","3/1"
"ASSURED GUARANTY LTD COM","AGO","Wolverine Trading, LLC","4/1"
"AST SPACEMOBILE INC COM CL A","ASTS","Belvedere Trading LLC","1/1"
"ASTEC INDS INC COM","ASTE","Susquehanna Securities, LLC","4/1"
"ASTERA LABS INC COM","ALAB","Citadel Securities LLC","1/1"
"ASTRANA HEALTH INC COM NEW","ASTH","Susquehanna Securities, LLC","3/1"
"ASTRAZENECA PLC SPONSORED ADR","AZN","Citadel Securities LLC","1/1"
"ASTRIA THERAPEUTICS INC COM","ATXS","Citadel Securities LLC","1/1"
"ASTRONICS CORP COM","ATRO","Wolverine Trading, LLC","3/1"
"ASURE SOFTWARE INC COM","ASUR","Wolverine Trading, LLC","3/1"
"AT&T INC COM","T","Susquehanna Securities, LLC","6/1"
"ATAI LIFE SCIENCES NV SHS","ATAI","Citadel Securities LLC","2/1"
"ATEA PHARMACEUTICALS INC COM","AVIR","Citadel Securities LLC","1/1"
"ATERIAN INC COM NEW","ATER","Susquehanna Securities, LLC","2/1"
"ATHIRA PHARMA INC COM","ATHA","Susquehanna Securities, LLC","4/1"
"ATI INC COM","ATI","Citadel Securities LLC","3/1"
"ATKORE INC COM","ATKR","Wolverine Trading, LLC","3/1"
"ATLANTA BRAVES HLDGS INC COM SER A","BATRA","Citadel Securities LLC","5/1"
"ATLANTIC UN BANKSHARES CORP COM","AUB","Citadel Securities LLC","3/1"
"ATLAS ENERGY SOLUTIONS INC COM NEW","AESI","Citadel Securities LLC","1/1"
"ATLAS LITHIUM CORP COM NEW","ATLX","Citadel Securities LLC","6/1"
"ATLASSIAN CORPORATION CL A","TEAM","Morgan Stanley & Co. LLC","1/1"
"ATMOS ENERGY CORP COM","ATO","Wolverine Trading, LLC","5/1"
"ATMUS FILTRATION TECHNOLOGIES COM","ATMU","Belvedere Trading LLC","1/1"
"ATN INTL INC COM","ATNI","Wolverine Trading, LLC","3/1"
"ATOMERA INC COM","ATOM","Susquehanna Securities, LLC","3/1"
"ATOSSA THERAPEUTICS INC COM","ATOS","Susquehanna Securities, LLC","6/1"
"ATRICURE INC COM","ATRC","Citadel Securities LLC","2/1"
"ATS CORPORATION COM","ATS","Susquehanna Securities, LLC","5/1"
"ATYR PHARMA INC COM NEW","ATYR","Susquehanna Securities, LLC","1/1"
"AUDIOCODES LTD ORD","AUDC","Citadel Securities LLC","2/1"
"AURA BIOSCIENCES INC COM","AURA","Citadel Securities LLC","3/1"
"AURINIA PHARMACEUTICALS INC COM","AUPH","Citadel Securities LLC","1/1"
"AURORA CANNABIS INC COM","ACB","Susquehanna Securities, LLC","1/1"
"AURORA INNOVATION INC CLASS A COM","AUR","Belvedere Trading LLC","5/1"
"AUTODESK INC COM","ADSK","Susquehanna Securities, LLC","1/1"
"AUTOHOME INC SP ADS RP CL A","ATHM","Wolverine Trading, LLC","2/1"
"AUTOLIV INC COM","ALV","Citadel Securities LLC","2/1"
"AUTOLUS THERAPEUTICS PLC SPON ADS","AUTL","Belvedere Trading LLC","2/1"
"AUTOMATIC DATA PROCESSING INC COM","ADP","Susquehanna Securities, LLC","1/1"
"AUTONATION INC COM","AN","Susquehanna Securities, LLC","4/1"
"AUTOZONE INC COM","AZO","Susquehanna Securities, LLC","1/1"
"AVADEL PHARMACEUTICALS PLC COM SHS","AVDL","Susquehanna Securities, LLC","5/1"
"AVALONBAY CMNTYS INC COM","AVB","Citadel Securities LLC","3/1"
"AVANOS MED INC COM","AVNS","Susquehanna Securities, LLC","1/1"
"AVANTOR INC COM","AVTR","Susquehanna Securities, LLC","3/1"
"AVEANNA HEALTHCARE HLDGS INC COM","AVAH","Susquehanna Securities, LLC","1/1"
"AVEPOINT INC COM CL A","AVPT","Susquehanna Securities, LLC","1/1"
"AVERY DENNISON CORP COM","AVY","Wolverine Trading, LLC","5/1"
"AVIAT NETWORKS INC COM NEW","AVNW","Susquehanna Securities, LLC","1/1"
"AVID BIOSERVICES INC COM","CDMO","Group One Trading LLC","4/1"
"AVIDITY BIOSCIENCES INC COM","RNA","Belvedere Trading LLC","1/1"
"AVIDXCHANGE HOLDINGS INC COM","AVDX","Susquehanna Securities, LLC","3/1"
"AVIENT CORPORATION COM","AVNT","Wolverine Trading, LLC","3/1"
"AVIS BUDGET GROUP COM","CAR","Citadel Securities LLC","1/1"
"AVISTA CORP COM","AVA","Citadel Securities LLC","6/1"
"AVITA MEDICAL INC COM","RCEL","Belvedere Trading LLC","2/1"
"AVNET INC COM","AVT","Morgan Stanley & Co. LLC","1/1"
"AWARE INC MASS COM","AWRE","Susquehanna Securities, LLC","2/1"
"AXALTA COATING SYS LTD COM","AXTA","Citadel Securities LLC","5/1"
"AXCELIS TECHNOLOGIES INC COM NEW","ACLS","Citadel Securities LLC","1/1"
"AXIS CAP HLDGS LTD SHS","AXS","Citadel Securities LLC","1/1"
"AXOGEN INC COM","AXGN","Group One Trading LLC","3/1"
"AXON ENTERPRISE INC COM","AXON","Susquehanna Securities, LLC","1/1"
"AXOS FINANCIAL INC COM","AX","Wolverine Trading, LLC","4/1"
"AXSOME THERAPEUTICS INC COM","AXSM","Susquehanna Securities, LLC","3/1"
"AXT INC COM","AXTI","Morgan Stanley & Co. LLC","3/1"
"AZEK CO INC CL A","AZEK","Wolverine Trading, LLC","3/1"
"AZENTA INC COM","AZTA","Citadel Securities LLC","3/1"
"AZUL S A SPONSR ADR PFD","AZUL","Susquehanna Securities, LLC","5/1"
"AZZ INC COM","AZZ","Belvedere Trading LLC","2/1"
"B & G FOODS INC NEW COM","BGS","Wolverine Trading, LLC","4/1"
"B. RILEY FINANCIAL INC COM","RILY","Susquehanna Securities, LLC","4/1"
"B2GOLD CORP COM","BTG","Wolverine Trading, LLC","3/1"
"BABCOCK & WILCOX ENTERPRISES I COM","BW","Group One Trading LLC","4/1"
"BACKBLAZE INC COM CL A","BLZE","Citadel Securities LLC","3/1"
"BADGER METER INC COM","BMI","Susquehanna Securities, LLC","1/1"
"BAIDU INC SPON ADR REP A","BIDU","Citadel Securities LLC","3/1"
"BAKER HUGHES COMPANY CL A","BKR","Citadel Securities LLC","2/1"
"BAKKT HOLDINGS INC COM CL A NEW","BKKT","Belvedere Trading LLC","4/1"
"BALCHEM CORP COM","BCPC","Susquehanna Securities, LLC","2/1"
"BALL CORP COM","BALL","Susquehanna Securities, LLC","2/1"
"BALLARD PWR SYS INC NEW COM","BLDP","Citadel Securities LLC","5/1"
"BALLYS CORPORATION COM","BALY","Group One Trading LLC","4/1"
"BANC OF CALIFORNIA INC COM","BANC","Wolverine Trading, LLC","2/1"
"BANCO BBVA ARGENTINA S A SPONSORED ADS","BBAR","Group One Trading LLC","6/1"
"BANCO BILBAO VIZCAYA ARGENTARI SPONSORED ADR","BBVA","Group One Trading LLC","4/1"
"BANCO BRADESCO S A SP ADR PFD NEW","BBD","Belvedere Trading LLC","2/1"
"BANCO DE CHILE SPONSORED ADS","BCH","Wolverine Trading, LLC","3/1"
"BANCO LATINOAMERICANO DE COMER SHS E","BLX","Citadel Securities LLC","5/1"
"BANCO MACRO SA SPON ADR B","BMA","Susquehanna Securities, LLC","4/1"
"BANCO SANTANDER BRASIL S A ADS REP 1 UNIT","BSBR","Susquehanna Securities, LLC","2/1"
"BANCO SANTANDER CHILE NEW SP ADR REP COM","BSAC","Wolverine Trading, LLC","3/1"
"BANCO SANTANDER S.A. ADR","SAN","Wolverine Trading, LLC","3/1"
"BANDWIDTH INC COM CL A","BAND","Susquehanna Securities, LLC","3/1"
"BANK AMERICA CORP COM","BAC","Optiver US LLC","1/1"
"BANK HAWAII CORP COM","BOH","Group One Trading LLC","4/1"
"BANK MARIN BANCORP COM","BMRC","Group One Trading LLC","3/1"
"BANK MONTREAL MEDIUM NT LKD 38","FNGS","Citadel Securities LLC","3/1"
"BANK MONTREAL QUE COM","BMO","Morgan Stanley & Co. LLC","2/1"
"BANK NEW YORK MELLON CORP COM","BK","Morgan Stanley & Co. LLC","6/1"
"BANK NOVA SCOTIA HALIFAX COM","BNS","Citadel Securities LLC","3/1"
"BANK OF NT BUTTERFIELD&SON LTD SHS NEW","NTB","Citadel Securities LLC","3/1"
"BANK OZK LITTLE ROCK ARK COM","OZK","Morgan Stanley & Co. LLC","3/1"
"BANKFINANCIAL CORP COM","BFIN","Susquehanna Securities, LLC","2/1"
"BANKUNITED INC COM","BKU","Citadel Securities LLC","3/1"
"BANNER CORP COM NEW","BANR","Susquehanna Securities, LLC","2/1"
"BAOZUN INC SPONSORED ADR","BZUN","Wolverine Trading, LLC","1/1"
"BAR HBR BANKSHARES COM","BHB","Belvedere Trading LLC","3/1"
"BARCLAYS BANK PLC DJUBS CMDT ETN36","DJP","Wolverine Trading, LLC","8/1"
"BARCLAYS BANK PLC IPATH SER B ETN","GRN","Wolverine Trading, LLC","3/1"
"BARCLAYS PLC ADR","BCS","Susquehanna Securities, LLC","1/1"
"BARINGS BDC INC COM","BBDC","Citadel Securities LLC","1/1"
"BARK INC COM","BARK","Group One Trading LLC","4/1"
"BARNES & NOBLE ED INC COM NEW","BNED","Wolverine Trading, LLC","2/1"
"BARNES GROUP INC COM","B","Wolverine Trading, LLC","6/1"
"BARRETT BUSINESS SVCS INC COM","BBSI","Wolverine Trading, LLC","2/1"
"BARRICK GOLD CORP COM","GOLD","Wolverine Trading, LLC","6/1"
"BASSETT FURNITURE INDS INC COM","BSET","Wolverine Trading, LLC","6/1"
"BATH & BODY WORKS INC COM","BBWI","Morgan Stanley & Co. LLC","2/1"
"BAUSCH HEALTH COS INC COM","BHC","Susquehanna Securities, LLC","5/1"
"BAUSCH PLUS LOMB CORP COMMON SHARES","BLCO","Citadel Securities LLC","6/1"
"BAXTER INTL INC COM","BAX","Citadel Securities LLC","5/1"
"BAYCOM CORP COM","BCML","Wolverine Trading, LLC","2/1"
"BAYTEX ENERGY CORP COM","BTE","Citadel Securities LLC","3/1"
"BBB FOODS INC CL A COM","TBBB","Citadel Securities LLC","1/1"
"BCE INC COM NEW","BCE","Citadel Securities LLC","5/1"
"BEACON ROOFING SUPPLY INC COM","BECN","Citadel Securities LLC","2/1"
"BEAM GLOBAL COM","BEEM","Wolverine Trading, LLC","3/1"
"BEAM THERAPEUTICS INC COM","BEAM","Citadel Securities LLC","1/1"
"BEAZER HOMES USA INC COM NEW","BZH","Citadel Securities LLC","2/1"
"BECTON DICKINSON & CO COM","BDX","Susquehanna Securities, LLC","2/1"
"BEIGENE LTD SPONSORED ADS","ONC","Citadel Securities LLC","3/1"
"BELDEN INC COM","BDC","Wolverine Trading, LLC","1/1"
"BELLRING BRANDS INC COMMON STOCK","BRBR","Citadel Securities LLC","5/1"
"BENCHMARK ELECTRS INC COM","BHE","Susquehanna Securities, LLC","1/1"
"BENSON HILL INC COM NEW","BHIL","Group One Trading LLC","4/1"
"BENTLEY SYS INC COM CL B","BSY","Group One Trading LLC","4/1"
"BERKLEY W R CORP COM","WRB","Wolverine Trading, LLC","3/1"
"BERKSHIRE HATHAWAY INC DEL CL B NEW","BRK.B","Susquehanna Securities, LLC","5/1"
"BERRY GLOBAL GROUP INC COM","BERY","Susquehanna Securities, LLC","3/1"
"BEST BUY INC COM","BBY","Susquehanna Securities, LLC","1/1"
"BEST INC SPONSORED ADS","BEST","Citadel Securities LLC","4/1"
"BETTERWARE DE MEXC S A P I DE SHS","BWMX","Wolverine Trading, LLC","3/1"
"BEYOND AIR INC COM","XAIR","Wolverine Trading, LLC","3/1"
"BEYOND INC COM","BYON","Citadel Securities LLC","5/1"
"BEYOND MEAT INC COM","BYND","Susquehanna Securities, LLC","1/1"
"BEYONDSPRING INC SHS","BYSI","Citadel Securities LLC","3/1"
"BGC GROUP INC CL A","BGC","Wolverine Trading, LLC","2/1"
"BHP GROUP LTD SPONSORED ADS","BHP","Susquehanna Securities, LLC","2/1"
"BICARA THERAPEUTICS INC COM","BCAX","Group One Trading LLC","1/1"
"BICYCLE THERAPEUTICS PLC SPONSORED ADS","BCYC","Group One Trading LLC","4/1"
"BIG 5 SPORTING GOODS CORP COM","BGFV","Wolverine Trading, LLC","4/1"
"BIGBEAR AI HLDGS INC COM","BBAI","Wolverine Trading, LLC","3/1"
"BIGCOMMERCE HLDGS INC COM SER 1","BIGC","Susquehanna Securities, LLC","1/1"
"BILIBILI INC SPONS ADS REP Z","BILI","Citadel Securities LLC","5/1"
"BILL HOLDINGS INC COM","BILL","Wolverine Trading, LLC","3/1"
"BIO RAD LABS INC CL A","BIO","Susquehanna Securities, LLC","3/1"
"BIO-TECHNE CORP COM","TECH","Susquehanna Securities, LLC","6/1"
"BIOATLA INC COM","BCAB","Group One Trading LLC","4/1"
"BIOCERES CROP SOLUTIONS CORP SHS","BIOX","Group One Trading LLC","3/1"
"BIOCRYST PHARMACEUTICALS INC COM","BCRX","Group One Trading LLC","4/1"
"BIODESIX INC COM","BDSX","Citadel Securities LLC","3/1"
"BIOGEN INC COM","BIIB","Susquehanna Securities, LLC","2/1"
"BIOHAVEN LTD COM","BHVN","Group One Trading LLC","3/1"
"BIOLIFE SOLUTIONS INC COM NEW","BLFS","Citadel Securities LLC","1/1"
"BIOMARIN PHARMACEUTICAL INC COM","BMRN","Citadel Securities LLC","1/1"
"BIOMEA FUSION INC COM","BMEA","Citadel Securities LLC","3/1"
"BIONANO GENOMICS INC COM NEW","BNGO","Belvedere Trading LLC","3/1"
"BIONTECH SE SPONSORED ADS","BNTX","Citadel Securities LLC","3/1"
"BIORA THERAPEUTICS INC COM","BIORQ","","3/1"
"BIOTRICITY INC COM NEW","BTCY","Belvedere Trading LLC","1/1"
"BIOVENTUS INC COM CL A","BVS","Belvedere Trading LLC","5/1"
"BIOXCEL THERAPEUTICS INC COM","BTAI","Susquehanna Securities, LLC","5/1"
"BIRKENSTOCK HOLDING PLC COM SHS","BIRK","Morgan Stanley & Co. LLC","5/1"
"BIT DIGITAL INC SHS","BTBT","Wolverine Trading, LLC","3/1"
"BIT MINING LIMITED SPON ADR","BTCM","Wolverine Trading, LLC","2/1"
"BITDEER TECHNOLOGIES GROUP CL A ORD SHS","BTDR","Wolverine Trading, LLC","2/1"
"BITFARMS LTD COM","BITF","Susquehanna Securities, LLC","1/1"
"BITWISE BITCOIN ETF TR SHS BEN INT","BITB","Citadel Securities LLC","8/1"
"BITWISE FUNDS TRUST TRENDWISE BTC","BTOP","Belvedere Trading LLC","5/1"
"BITWISE FUNDS TRUST TRENDWISE ETHER","AETH","IMC-Chicago, LLC dba IMC Financial Markets","4/1"
"BJS RESTAURANTS INC COM","BJRI","Susquehanna Securities, LLC","1/1"
"BJS WHSL CLUB HLDGS INC COM","BJ","Citadel Securities LLC","2/1"
"BKV CORP COM","BKV","Susquehanna Securities, LLC","2/1"
"BLACK HILLS CORP COM","BKH","Wolverine Trading, LLC","3/1"
"BLACK STONE MINERALS L P COM UNIT","BSM","Susquehanna Securities, LLC","4/1"
"BLACKBAUD INC COM","BLKB","Citadel Securities LLC","3/1"
"BLACKBERRY LTD COM","BB","Susquehanna Securities, LLC","3/1"
"BLACKLINE INC COM","BL","Susquehanna Securities, LLC","3/1"
"BLACKROCK ETF TRUST WORLD EX US CARB","LCTD","Wolverine Trading, LLC","3/1"
"BLACKROCK INC COM","BLK","Susquehanna Securities, LLC","1/1"
"BLACKROCK TCP CAPITAL CORP COM","TCPC","Wolverine Trading, LLC","3/1"
"BLACKSKY TECHNOLOGY INC CL A NEW","BKSY","Susquehanna Securities, LLC","4/1"
"BLACKSTONE INC COM","BX","Wolverine Trading, LLC","3/1"
"BLACKSTONE MTG TR INC COM CL A","BXMT","Susquehanna Securities, LLC","3/1"
"BLACKSTONE SECD LENDING FD COMMON STOCK","BXSL","Citadel Securities LLC","3/1"
"BLADE AIR MOBILITY INC CL A COM","BLDE","Belvedere Trading LLC","2/1"
"BLEND LABS INC CL A","BLND","Belvedere Trading LLC","3/1"
"BLINK CHARGING CO COM","BLNK","Group One Trading LLC","4/1"
"BLOCK H & R INC COM","HRB","Citadel Securities LLC","6/1"
"BLOOM ENERGY CORP COM CL A","BE","Group One Trading LLC","4/1"
"BLOOMIN BRANDS INC COM","BLMN","Susquehanna Securities, LLC","5/1"
"BLUE BIRD CORP COM","BLBD","Belvedere Trading LLC","3/1"
"BLUE FOUNDRY BANCORP COM","BLFY","Wolverine Trading, LLC","3/1"
"BLUE OWL CAPITAL CORPORATION COM","OBDC","Citadel Securities LLC","3/1"
"BLUE OWL CAPITAL INC COM CL A","OWL","Group One Trading LLC","4/1"
"BLUE RIDGE BANKSHARES INC VA COM","BRBS","Wolverine Trading, LLC","3/1"
"BLUEBIRD BIO INC COM NEW","BLUE","Citadel Securities LLC","4/1"
"BLUELINX HLDGS INC COM NEW","BXC","Citadel Securities LLC","6/1"
"BLUEPRINT MEDICINES CORP COM","BPMC","Citadel Securities LLC","1/1"
"BM TECHNOLOGIES INC CL A COM","BMTX","Belvedere Trading LLC","3/1"
"BOEING CO COM","BA","Citadel Securities LLC","5/1"
"BOISE CASCADE CO DEL COM","BCC","Susquehanna Securities, LLC","3/1"
"BOK FINL CORP COM NEW","BOKF","Citadel Securities LLC","5/1"
"BONDBLOXX ETF TRUST USD HIGH YIELD B","HYSA","Wolverine Trading, LLC","3/1"
"BOOKING HOLDINGS INC COM","BKNG","Susquehanna Securities, LLC","3/1"
"BOOT BARN HLDGS INC COM","BOOT","Citadel Securities LLC","2/1"
"BOOZ ALLEN HAMILTON HLDG CORP CL A","BAH","Wolverine Trading, LLC","3/1"
"BORGWARNER INC COM","BWA","Citadel Securities LLC","5/1"
"BORR DRILLING LTD SHS","BORR","Susquehanna Securities, LLC","2/1"
"BOSTON BEER INC CL A","SAM","Susquehanna Securities, LLC","4/1"
"BOSTON OMAHA CORP CL A COM STK","BOC","Susquehanna Securities, LLC","3/1"
"BOSTON SCIENTIFIC CORP COM","BSX","Citadel Securities LLC","5/1"
"BOX INC CL A","BOX","Citadel Securities LLC","5/1"
"BOYD GAMING CORP COM","BYD","Susquehanna Securities, LLC","5/1"
"BP PLC SPONSORED ADR","BP","IMC-Chicago, LLC dba IMC Financial Markets","6/1"
"BP PRUDHOE BAY RTY TR UNIT BEN INT","BPT","Citadel Securities LLC","5/1"
"BRADY CORP CL A","BRC","Wolverine Trading, LLC","6/1"
"BRAEMAR HOTELS & RESORTS INC COM","BHR","Citadel Securities LLC","3/1"
"BRAGG GAMING GROUP INC COM NEW","BRAG","Group One Trading LLC","4/1"
"BRAINSTORM CELL THERAPEUTICS I COM","BCLI","Group One Trading LLC","4/1"
"BRANDYWINE RLTY TR SH BEN INT NEW","BDN","Wolverine Trading, LLC","4/1"
"BRAZE INC COM CL A","BRZE","Citadel Securities LLC","1/1"
"BRC INC COM CL A","BRCC","Citadel Securities LLC","6/1"
"BREAD FINANCIAL HOLDINGS INC COM","BFH","Susquehanna Securities, LLC","1/1"
"BRF SA SPONSORED ADR","BRFS","Citadel Securities LLC","5/1"
"BRIACELL THERAPEUTICS CORP COM","BCTX","Belvedere Trading LLC","5/1"
"BRIDGE INVT GROUP HLDGS INC COM CL A","BRDG","Wolverine Trading, LLC","2/1"
"BRIDGEBIO PHARMA INC COM","BBIO","Citadel Securities LLC","6/1"
"BRIDGEWATER BANCSHARES INC COM","BWB","Wolverine Trading, LLC","3/1"
"BRIGHT GREEN CORP COMMON STOCK","BGXX","Group One Trading LLC","3/1"
"BRIGHT HORIZONS FAM SOL IN DEL COM","BFAM","Wolverine Trading, LLC","6/1"
"BRIGHTCOVE INC COM","BCOV","Susquehanna Securities, LLC","1/1"
"BRIGHTHOUSE FINL INC COM","BHF","Susquehanna Securities, LLC","3/1"
"BRIGHTSPIRE CAPITAL INC COM CL A","BRSP","Group One Trading LLC","4/1"
"BRIGHTSPRING HEALTH SVCS INC COM","BTSG","Susquehanna Securities, LLC","2/1"
"BRIGHTVIEW HLDGS INC COM","BV","Citadel Securities LLC","2/1"
"BRILLIANT EARTH GROUP INC CL A COM","BRLT","Citadel Securities LLC","3/1"
"BRINKER INTL INC COM","EAT","Wolverine Trading, LLC","3/1"
"BRINKS CO COM","BCO","Susquehanna Securities, LLC","3/1"
"BRISTOL-MYERS SQUIBB CO COM","BMY","IMC-Chicago, LLC dba IMC Financial Markets","6/1"
"BRISTOW GROUP INC COM","VTOL","Susquehanna Securities, LLC","1/1"
"BRITISH AMERN TOB PLC SPONSORED ADR","BTI","Susquehanna Securities, LLC","4/1"
"BRIXMOR PPTY GROUP INC COM","BRX","Wolverine Trading, LLC","3/1"
"BROADCOM INC COM","AVGO","Susquehanna Securities, LLC","4/1"
"BROADRIDGE FINL SOLUTIONS INC COM","BR","Wolverine Trading, LLC","4/1"
"BROADSTONE NET LEASE INC COM","BNL","Belvedere Trading LLC","3/1"
"BROADWIND INC COM NEW","BWEN","Wolverine Trading, LLC","3/1"
"BROOKDALE SR LIVING INC COM","BKD","Wolverine Trading, LLC","2/1"
"BROOKFIELD ASSET MANAGMT LTD CL A LMT VTG SHS","BAM","Citadel Securities LLC","4/1"
"BROOKFIELD BUSINESS PARTNERS L UNIT LTD L P","BBU","Wolverine Trading, LLC","3/1"
"BROOKFIELD CORP CL A LTD VT SH","BN","Belvedere Trading LLC","6/1"
"BROOKFIELD INFRAST PARTNERS LP LP INT UNIT","BIP","Wolverine Trading, LLC","3/1"
"BROOKFIELD INFRASTRUCTURE CORP COM SUB VTG A","BIPC","Wolverine Trading, LLC","3/1"
"BROOKFIELD RENEWABLE CORP CL A EX SUB VTG","BEPC","Belvedere Trading LLC","3/1"
"BROOKFIELD RENEWABLE PARTNERS PARTNERSHIP UNIT","BEP","Wolverine Trading, LLC","3/1"
"BROOKFIELD WEALTH SOL LTD CL A EXCHANGEAB","BNT","Group One Trading LLC","4/1"
"BROOKLINE BANCORP INC DEL COM","BRKL","Wolverine Trading, LLC","3/1"
"BROWN & BROWN INC COM","BRO","Citadel Securities LLC","3/1"
"BROWN FORMAN CORP CL B","BF.B","Wolverine Trading, LLC","1/1"
"BRP INC COM SUN VTG","DOOO","Morgan Stanley & Co. LLC","4/1"
"BRUKER CORP COM","BRKR","Citadel Securities LLC","5/1"
"BRUNSWICK CORP COM","BC","Susquehanna Securities, LLC","3/1"
"BUCKLE INC COM","BKE","Wolverine Trading, LLC","4/1"
"BUILD FUNDS TRUST BOND INNOVATION","BFIX","Belvedere Trading LLC","3/1"
"BUILD-A-BEAR WORKSHOP INC COM","BBW","Citadel Securities LLC","1/1"
"BUILDERS FIRSTSOURCE INC COM","BLDR","Wolverine Trading, LLC","5/1"
"BUMBLE INC COM CL A","BMBL","Susquehanna Securities, LLC","1/1"
"BUNGE GLOBAL SA COM SHS","BG","Citadel Securities LLC","3/1"
"BURFORD CAP LTD ORD SHS","BUR","Belvedere Trading LLC","1/1"
"BURGERFI INTERNATIONAL INC COM","BFICQ","Group One Trading LLC","4/1"
"BURLINGTON STORES INC COM","BURL","Susquehanna Securities, LLC","1/1"
"BUSINESS FIRST BANCSHARES INC COM","BFST","Wolverine Trading, LLC","3/1"
"BUTTERFLY NETWORK INC COM CL A","BFLY","Susquehanna Securities, LLC","4/1"
"BUZZFEED INC CL A NEW","BZFD","Citadel Securities LLC","2/1"
"BWX TECHNOLOGIES INC COM","BWXT","Susquehanna Securities, LLC","5/1"
"BXP INC COM","BXP","Susquehanna Securities, LLC","5/1"
"BYLINE BANCORP INC COM","BY","Morgan Stanley & Co. LLC","1/1"
"BYRNA TECHNOLOGIES INC COM NEW","BYRN","Susquehanna Securities, LLC","4/1"
"C H ROBINSON WORLDWIDE INC COM NEW","CHRW","Citadel Securities LLC","1/1"
"C3 AI INC CL A","AI","Susquehanna Securities, LLC","2/1"
"C4 THERAPEUTICS INC COM STK","CCCC","Susquehanna Securities, LLC","1/1"
"CABALETTA BIO INC COM","CABA","Citadel Securities LLC","3/1"
"CABOT CORP COM","CBT","Wolverine Trading, LLC","3/1"
"CACI INTL INC CL A","CACI","Wolverine Trading, LLC","6/1"
"CADENCE BANK COM","CADE","Wolverine Trading, LLC","3/1"
"CADENCE DESIGN SYSTEM INC COM","CDNS","Citadel Securities LLC","6/1"
"CADIZ INC COM NEW","CDZI","Citadel Securities LLC","1/1"
"CADRE HLDGS INC COM","CDRE","Belvedere Trading LLC","3/1"
"CAE INC COM","CAE","Wolverine Trading, LLC","3/1"
"CAESARS ENTERTAINMENT INC NEW COM","CZR","Group One Trading LLC","1/1"
"CAESARSTONE LTD ORD SHS","CSTE","Citadel Securities LLC","1/1"
"CAL MAINE FOODS INC COM NEW","CALM","Wolverine Trading, LLC","4/1"
"CALAVO GROWERS INC COM","CVGW","Citadel Securities LLC","4/1"
"CALEDONIA MNG CORP PLC SHS NEW","CMCL","Wolverine Trading, LLC","2/1"
"CALERES INC COM","CAL","Wolverine Trading, LLC","6/1"
"CALIFORNIA RES CORP COM STOCK","CRC","Belvedere Trading LLC","3/1"
"CALIFORNIA WTR SVC GROUP COM","CWT","Citadel Securities LLC","5/1"
"CALIX INC COM","CALX","Morgan Stanley & Co. LLC","4/1"
"CALUMET INC COM","CLMT","Belvedere Trading LLC","5/1"
"CAMBIUM NETWORKS CORP SHS","CMBM","Citadel Securities LLC","1/1"
"Cambria Cannabis ETF","TOKE","Wolverine Trading, LLC","3/1"
"Cambria Shareholder Yield ETF","SYLD","Wolverine Trading, LLC","3/1"
"Cambria Tail Risk ETF","TAIL","Belvedere Trading LLC","6/1"
"CAMDEN NATL CORP COM","CAC","Susquehanna Securities, LLC","1/1"
"CAMDEN PPTY TR SH BEN INT","CPT","Susquehanna Securities, LLC","1/1"
"CAMECO CORP COM","CCJ","Susquehanna Securities, LLC","1/1"
"CAMPING WORLD HLDGS INC CL A","CWH","Susquehanna Securities, LLC","3/1"
"CAMTEK LTD ORD","CAMT","Wolverine Trading, LLC","1/1"
"CANAAN INC SPONSORED ADS","CAN","Susquehanna Securities, LLC","3/1"
"CANADA GOOSE HLDGS INC SHS SUB VTG","GOOS","Citadel Securities LLC","3/1"
"CANADIAN IMPERIAL BK COMM COM","CM","Morgan Stanley & Co. LLC","5/1"
"CANADIAN NAT RES LTD COM","CNQ","Citadel Securities LLC","5/1"
"CANADIAN NATL RY CO COM","CNI","Susquehanna Securities, LLC","6/1"
"CANADIAN PACIFIC KANSAS CITY COM","CP","Citadel Securities LLC","4/1"
"CANADIAN SOLAR INC COM","CSIQ","Susquehanna Securities, LLC","3/1"
"CANNAE HLDGS INC COM","CNNE","Wolverine Trading, LLC","3/1"
"CANOPY GROWTH CORP COM NEW","CGC","Susquehanna Securities, LLC","3/1"
"CANTALOUPE INC COM","CTLP","Wolverine Trading, LLC","2/1"
"CAPITAL CITY BK GROUP INC COM","CCBG","Wolverine Trading, LLC","3/1"
"CAPITAL CLEAN ENERGY CARRIERS COM","CCEC","Wolverine Trading, LLC","6/1"
"CAPITAL GROUP CORE EQUITY ETF SHS CREATION UNI","CGUS","Wolverine Trading, LLC","3/1"
"CAPITAL GROUP DIVIDEND VALUE E SHS CREATION UNI","CGDV","Wolverine Trading, LLC","3/1"
"CAPITAL GROUP GROWTH ETF SHS CREATION UNI","CGGR","Citadel Securities LLC","2/1"
"CAPITAL ONE FINL CORP COM","COF","Morgan Stanley & Co. LLC","6/1"
"CAPITAL SOUTHWEST CORP COM","CSWC","Wolverine Trading, LLC","3/1"
"CAPITOL FED FINL INC COM","CFFN","Susquehanna Securities, LLC","4/1"
"CAPRI HOLDINGS LIMITED SHS","CPRI","Morgan Stanley & Co. LLC","4/1"
"CAPRICOR THERAPEUTICS INC COM NEW","CAPR","Citadel Securities LLC","1/1"
"CARA THERAPEUTICS INC COM NEW","CARA","Citadel Securities LLC","4/1"
"CARDIFF ONCOLOGY INC COM","CRDF","Citadel Securities LLC","1/1"
"CARDINAL HEALTH INC COM","CAH","Citadel Securities LLC","4/1"
"CARDIOL THERAPEUTICS INC COM CL A","CRDL","Belvedere Trading LLC","5/1"
"CARDLYTICS INC COM","CDLX","Citadel Securities LLC","3/1"
"CAREDX INC COM","CDNA","Group One Trading LLC","4/1"
"CARETRUST REIT INC COM","CTRE","Susquehanna Securities, LLC","2/1"
"CARGO THERAPEUTICS INC COM","CRGX","Citadel Securities LLC","1/1"
"CARGURUS INC COM CL A","CARG","Susquehanna Securities, LLC","5/1"
"CARIBOU BIOSCIENCES INC COM","CRBU","Belvedere Trading LLC","5/1"
"CARLISLE COS INC COM","CSL","Susquehanna Securities, LLC","3/1"
"CARLYLE GROUP INC COM","CG","Susquehanna Securities, LLC","4/1"
"CARLYLE SECURED LENDING INC COM","CGBD","Wolverine Trading, LLC","3/1"
"CARMAX INC COM","KMX","Susquehanna Securities, LLC","2/1"
"CARNIVAL CORP PAIRED CTF","CCL","Citadel Securities LLC","6/1"
"CARNIVAL PLC ADS","CUK","Belvedere Trading LLC","2/1"
"CARPARTS COM INC COM","PRTS","Group One Trading LLC","4/1"
"CARPENTER TECHNOLOGY CORP COM","CRS","Citadel Securities LLC","1/1"
"CARRIAGE SVCS INC COM","CSV","Susquehanna Securities, LLC","3/1"
"CARRIER GLOBAL CORPORATION COM","CARR","Citadel Securities LLC","1/1"
"CARS COM INC COM","CARS","Belvedere Trading LLC","5/1"
"CARTER BANKSHARES INC COM NEW","CARE","Group One Trading LLC","4/1"
"CARTERS INC COM","CRI","Susquehanna Securities, LLC","1/1"
"CARVANA CO CL A","CVNA","Wolverine Trading, LLC","3/1"
"CASELLA WASTE SYS INC CL A","CWST","Belvedere Trading LLC","3/1"
"CASEYS GEN STORES INC COM","CASY","Wolverine Trading, LLC","3/1"
"CASI PHARMACEUTICALS INC ORD SHS","CASI","Group One Trading LLC","3/1"
"CASSAVA SCIENCES INC COM","SAVA","Group One Trading LLC","4/1"
"CASTLE BIOSCIENCES INC COM","CSTL","Susquehanna Securities, LLC","2/1"
"CASTOR MARITIME INC SHS","CTRM","Susquehanna Securities, LLC","1/1"
"CATALYST PHARMACEUTICALS INC COM","CPRX","Group One Trading LLC","1/1"
"CATERPILLAR INC COM","CAT","Citadel Securities LLC","4/1"
"CATHAY GEN BANCORP COM","CATY","Citadel Securities LLC","4/1"
"CATO CORP NEW CL A","CATO","Susquehanna Securities, LLC","6/1"
"CAVA GROUP INC COM","CAVA","Citadel Securities LLC","1/1"
"CAVCO INDS INC DEL COM","CVCO","Wolverine Trading, LLC","4/1"
"CBAK ENERGY TECHNOLOGY INC COM","CBAT","Citadel Securities LLC","3/1"
"CBIZ INC COM","CBZ","Citadel Securities LLC","5/1"
"CBL & ASSOC PPTYS INC COMMON STOCK","CBL","Susquehanna Securities, LLC","4/1"
"Cboe Bitcoin Index","CBTX","","8/1"
"Cboe Global Markets, Inc.","CBOE","Susquehanna Securities, LLC","3/1"
"Cboe Mini Bitcoin Index","MBTX","","8/1"
"CBOE Volatility Index","VIX","","9/1"
"CBRE GROUP INC CL A","CBRE","Susquehanna Securities, LLC","1/1"
"CCC INTELLIGENT SOLUTIONS HLD COM","CCCS","Belvedere Trading LLC","3/1"
"CDW CORP COM","CDW","Susquehanna Securities, LLC","4/1"
"CECO ENVIRONMENTAL CORP COM","CECO","Belvedere Trading LLC","1/1"
"CEL-SCI CORP COM PAR NEW","CVM","Citadel Securities LLC","1/1"
"CELANESE CORP DEL COM","CE","Citadel Securities LLC","5/1"
"CELCUITY INC COM","CELC","Group One Trading LLC","4/1"
"CELESTICA INC COM","CLS","Susquehanna Securities, LLC","5/1"
"CELLDEX THERAPEUTICS INC NEW COM NEW","CLDX","Citadel Securities LLC","5/1"
"CELLEBRITE DI LTD ORDINARY SHARES","CLBT","Wolverine Trading, LLC","3/1"
"CELLECTAR BIOSCIENCES INC COM NEW","CLRB","Group One Trading LLC","2/1"
"CELLECTIS S A SPON ADS","CLLS","Group One Trading LLC","6/1"
"CELSIUS HLDGS INC COM NEW","CELH","Wolverine Trading, LLC","3/1"
"CELULARITY INC CL A NEW","CELU","Citadel Securities LLC","1/1"
"CEMEX SAB DE CV SPON ADR NEW","CX","Citadel Securities LLC","4/1"
"CENCORA INC COM","COR","Susquehanna Securities, LLC","4/1"
"CENNTRO INC COM","CENN","Susquehanna Securities, LLC","6/1"
"CENOVUS ENERGY INC COM","CVE","Wolverine Trading, LLC","1/1"
"CENTENE CORP DEL COM","CNC","Susquehanna Securities, LLC","6/1"
"CENTERPOINT ENERGY INC COM","CNP","Citadel Securities LLC","3/1"
"CENTERSPACE COM","CSR","Citadel Securities LLC","6/1"
"CENTESSA PHARMACEUTICALS PLC SPONSORED ADS","CNTA","Group One Trading LLC","2/1"
"CENTRAL GARDEN & PET CO CL A NON-VTG","CENTA","Wolverine Trading, LLC","6/1"
"CENTRAL PAC FINL CORP COM NEW","CPF","Wolverine Trading, LLC","3/1"
"CENTRAL PUERTO S A SPONSORED ADR","CEPU","Susquehanna Securities, LLC","1/1"
"CENTRUS ENERGY CORP CL A","LEU","Wolverine Trading, LLC","3/1"
"CENTURI HOLDINGS INC COM SHS","CTRI","Citadel Securities LLC","2/1"
"CENTURY ALUM CO COM","CENX","Citadel Securities LLC","6/1"
"CENTURY CASINOS INC COM","CNTY","Belvedere Trading LLC","3/1"
"CENTURY CMNTYS INC COM","CCS","Susquehanna Securities, LLC","4/1"
"CENTURY THERAPEUTICS INC COM","IPSC","Susquehanna Securities, LLC","3/1"
"CERAGON NETWORKS LTD ORD","CRNT","Citadel Securities LLC","5/1"
"CERENCE INC COM","CRNC","Wolverine Trading, LLC","3/1"
"CERTARA INC COM","CERT","Susquehanna Securities, LLC","6/1"
"CERUS CORP COM","CERS","Citadel Securities LLC","5/1"
"CEVA INC COM","CEVA","Morgan Stanley & Co. LLC","3/1"
"CF INDS HLDGS INC COM","CF","Susquehanna Securities, LLC","1/1"
"CG ONCOLOGY INC COM","CGON","Citadel Securities LLC","1/1"
"CGI INC CL A SUB VTG","GIB","Susquehanna Securities, LLC","6/1"
"CHAMPION HOMES INC COM","SKY","IMC-Chicago, LLC dba IMC Financial Markets","4/1"
"CHAMPIONS ONCOLOGY INC COM NEW","CSBR","Citadel Securities LLC","1/1"
"CHAMPIONX CORPORATION COM","CHX","Citadel Securities LLC","1/1"
"CHARGEPOINT HOLDINGS INC COM CL A","CHPT","Wolverine Trading, LLC","3/1"
"CHARLES RIV LABS INTL INC COM","CRL","Citadel Securities LLC","6/1"
"CHART INDS INC COM","GTLS","Susquehanna Securities, LLC","1/1"
"CHARTER COMMUNICATIONS INC NEW CL A","CHTR","Susquehanna Securities, LLC","3/1"
"CHATHAM LODGING TR COM","CLDT","Wolverine Trading, LLC","2/1"
"CHECK POINT SOFTWARE TECH LTD ORD","CHKP","Citadel Securities LLC","3/1"
"CHECKPOINT THERAPEUTICS INC COM NEW","CKPT","Susquehanna Securities, LLC","4/1"
"CHEESECAKE FACTORY INC COM","CAKE","Morgan Stanley & Co. LLC","5/1"
"CHEETAH MOBILE INC SPONSORED ADS","CMCM","Susquehanna Securities, LLC","4/1"
"CHEFS WHSE INC COM","CHEF","Wolverine Trading, LLC","3/1"
"CHEGG INC COM","CHGG","Susquehanna Securities, LLC","3/1"
"CHEMED CORP NEW COM","CHE","Susquehanna Securities, LLC","1/1"
"CHEMOURS CO COM","CC","Susquehanna Securities, LLC","6/1"
"CHENIERE ENERGY INC COM NEW","LNG","Wolverine Trading, LLC","2/1"
"CHENIERE ENERGY PARTNERS LP COM UNIT","CQP","Citadel Securities LLC","2/1"
"CHEVRON CORP NEW COM","CVX","Citadel Securities LLC","3/1"
"CHEWY INC CL A","CHWY","Citadel Securities LLC","3/1"
"CHICAGO ATLANTIC REAL ESTATE F COM","REFI","Wolverine Trading, LLC","2/1"
"CHILDRENS PL INC NEW COM","PLCE","Wolverine Trading, LLC","6/1"
"CHIMERA INVT CORP COM SHS","CIM","Wolverine Trading, LLC","3/1"
"CHIMERIX INC COM","CMRX","Citadel Securities LLC","4/1"
"CHINA AUTOMOTIVE SYS INC COM","CAAS","Susquehanna Securities, LLC","2/1"
"CHINA YUCHAI INTL LTD COM","CYD","Group One Trading LLC","4/1"
"CHIPOTLE MEXICAN GRILL INC COM","CMG","Susquehanna Securities, LLC","5/1"
"CHOICE HOTELS INTL INC COM","CHH","Citadel Securities LLC","3/1"
"CHORD ENERGY CORPORATION COM NEW","CHRD","Belvedere Trading LLC","5/1"
"CHROMADEX CORP COM NEW","CDXC","Belvedere Trading LLC","3/1"
"CHUBB LIMITED COM","CB","Morgan Stanley & Co. LLC","3/1"
"CHUNGHWA TELECOM CO LTD SPON ADR NEW11","CHT","Susquehanna Securities, LLC","3/1"
"CHURCH & DWIGHT CO INC COM","CHD","Morgan Stanley & Co. LLC","3/1"
"CHURCHILL DOWNS INC COM","CHDN","Wolverine Trading, LLC","6/1"
"CI&T INC COM CL A","CINT","Citadel Securities LLC","5/1"
"CIA ENERGETICA DE MINAS GERAIS SP ADR N-V PFD","CIG","Susquehanna Securities, LLC","5/1"
"CIBUS INC CL A COM STK","CBUS","Group One Trading LLC","5/1"
"CIENA CORP COM NEW","CIEN","Morgan Stanley & Co. LLC","5/1"
"CIMPRESS PLC SHS EURO","CMPR","Susquehanna Securities, LLC","1/1"
"CINCINNATI FINL CORP COM","CINF","Citadel Securities LLC","1/1"
"CINEMARK HLDGS INC COM","CNK","Susquehanna Securities, LLC","1/1"
"CINTAS CORP COM","CTAS","Susquehanna Securities, LLC","1/1"
"CION INVT CORP COM","CION","Belvedere Trading LLC","1/1"
"CIPHER MINING INC COM","CIFR","Wolverine Trading, LLC","3/1"
"CIRRUS LOGIC INC COM","CRUS","Morgan Stanley & Co. LLC","4/1"
"CISCO SYS INC COM","CSCO","Citadel Securities LLC","5/1"
"CITI TRENDS INC COM","CTRN","Citadel Securities LLC","5/1"
"CITIGROUP INC COM NEW","C","Susquehanna Securities, LLC","1/1"
"CITIUS PHARMACEUTICALS INC COM","CTXR","Susquehanna Securities, LLC","1/1"
"CITIZENS FINL GROUP INC COM","CFG","Citadel Securities LLC","3/1"
"CITIZENS INC CL A","CIA","Belvedere Trading LLC","1/1"
"CITY OFFICE REIT INC COM","CIO","Susquehanna Securities, LLC","2/1"
"CIVEO CORP CDA COM NEW","CVEO","Susquehanna Securities, LLC","5/1"
"CIVITAS RESOURCES INC COM NEW","CIVI","IMC-Chicago, LLC dba IMC Financial Markets","4/1"
"CLARIVATE PLC ORD SHS","CLVT","Group One Trading LLC","4/1"
"CLAROS MTG TR INC COMMON STOCK","CMTG","Susquehanna Securities, LLC","2/1"
"CLARUS CORP NEW COM","CLAR","Citadel Securities LLC","5/1"
"CLEAN ENERGY FUELS CORP COM","CLNE","Morgan Stanley & Co. LLC","3/1"
"CLEAN HARBORS INC COM","CLH","Morgan Stanley & Co. LLC","1/1"
"CLEANSPARK INC COM NEW","CLSK","Citadel Securities LLC","4/1"
"CLEAR CHANNEL OUTDOOR HLDGS IN COM","CCO","Susquehanna Securities, LLC","3/1"
"CLEAR SECURE INC COM CL A","YOU","Wolverine Trading, LLC","3/1"
"CLEARFIELD INC COM","CLFD","Susquehanna Securities, LLC","2/1"
"CLEARPOINT NEURO INC COM","CLPT","Citadel Securities LLC","6/1"
"CLEARSIDE BIOMEDICAL INC COM","CLSD","Susquehanna Securities, LLC","6/1"
"CLEARSIGN TECHNOLOGIES CORP COM","CLIR","Group One Trading LLC","4/1"
"CLEARWATER ANALYTICS HLDGS INC CL A","CWAN","Susquehanna Securities, LLC","2/1"
"CLEARWATER PAPER CORP COM","CLW","Wolverine Trading, LLC","3/1"
"CLEARWAY ENERGY INC CL A","CWEN.A","Wolverine Trading, LLC","1/1"
"CLEARWAY ENERGY INC CL C","CWEN","Citadel Securities LLC","5/1"
"CLEVELAND-CLIFFS INC NEW COM","CLF","Susquehanna Securities, LLC","1/1"
"CLIPPER RLTY INC COM","CLPR","Susquehanna Securities, LLC","1/1"
"CLOROX CO DEL COM","CLX","Susquehanna Securities, LLC","1/1"
"CLOUDFLARE INC CL A COM","NET","Citadel Securities LLC","5/1"
"CLOVER HEALTH INVESTMENTS CORP COM CL A","CLOV","Susquehanna Securities, LLC","2/1"
"CMB.TECH NV SHS","CMBT","Susquehanna Securities, LLC","5/1"
"CME GROUP INC COM","CME","Susquehanna Securities, LLC","1/1"
"CMS ENERGY CORP COM","CMS","Susquehanna Securities, LLC","6/1"
"CNA FINL CORP COM","CNA","Group One Trading LLC","4/1"
"CNH INDL N V SHS","CNH","Wolverine Trading, LLC","6/1"
"CNO FINL GROUP INC COM","CNO","Morgan Stanley & Co. LLC","4/1"
"CNX RES CORP COM","CNX","Belvedere Trading LLC","6/1"
"COCA COLA CO COM","KO","Morgan Stanley & Co. LLC","2/1"
"COCA-COLA EUROPACIFIC PARTNERS SHS","CCEP","Susquehanna Securities, LLC","4/1"
"COCA-COLA FEMSA SAB DE CV SPONS ADS REP","KOF","Morgan Stanley & Co. LLC","3/1"
"CODEXIS INC COM","CDXS","Wolverine Trading, LLC","3/1"
"COEUR MNG INC COM NEW","CDE","Citadel Securities LLC","5/1"
"COGENT COMMUNICATIONS HLDGS IN COM NEW","CCOI","Group One Trading LLC","4/1"
"COGNEX CORP COM","CGNX","Wolverine Trading, LLC","6/1"
"COGNIZANT TECHNOLOGY SOLUTIONS CL A","CTSH","Citadel Securities LLC","5/1"
"COGNYTE SOFTWARE LTD ORD SHS","CGNT","Morgan Stanley & Co. LLC","4/1"
"COHEN & STEERS INC COM","CNS","Citadel Securities LLC","4/1"
"COHERENT CORP COM","COHR","Morgan Stanley & Co. LLC","5/1"
"COHERUS BIOSCIENCES INC COM","CHRS","Group One Trading LLC","4/1"
"COHU INC COM","COHU","Susquehanna Securities, LLC","3/1"
"COINBASE GLOBAL INC COM CL A","COIN","Citadel Securities LLC","2/1"
"COLGATE PALMOLIVE CO COM","CL","Susquehanna Securities, LLC","6/1"
"COLLABORATIVE INVESTMNT SER TR THE SPAC AND NEW","SPCX","Belvedere Trading LLC","5/1"
"COLLEGIUM PHARMACEUTICAL INC COM","COLL","Citadel Securities LLC","2/1"
"COLLIERS INTL GROUP INC SUB VTG SHS","CIGI","Citadel Securities LLC","2/1"
"COLLPLANT BIOTECHNOLOGIES LTD SHS NEW","CLGN","Susquehanna Securities, LLC","2/1"
"COLUMBIA BKG SYS INC COM","COLB","Citadel Securities LLC","2/1"
"COLUMBIA ETF TR II RESEARCH ENHANCD","ECON","Susquehanna Securities, LLC","7/1"
"COLUMBIA FINL INC COM","CLBK","Group One Trading LLC","4/1"
"COLUMBIA SPORTSWEAR CO COM","COLM","Morgan Stanley & Co. LLC","6/1"
"COLUMBUS MCKINNON CORP N Y COM","CMCO","Susquehanna Securities, LLC","3/1"
"COMCAST CORP NEW CL A","CMCSA","Citadel Securities LLC","5/1"
"COMERICA INC COM","CMA","Citadel Securities LLC","5/1"
"COMFORT SYS USA INC COM","FIX","Citadel Securities LLC","5/1"
"COMMERCE BANCSHARES INC COM","CBSH","Susquehanna Securities, LLC","1/1"
"COMMERCIAL METALS CO COM","CMC","Wolverine Trading, LLC","3/1"
"COMMERCIAL VEH GROUP INC COM","CVGI","Belvedere Trading LLC","1/1"
"COMMSCOPE HLDG CO INC COM","COMM","Susquehanna Securities, LLC","2/1"
"COMMUNITY FINANCIAL SYSTEM INC COM","CBU","Morgan Stanley & Co. LLC","3/1"
"COMMUNITY HEALTH SYS INC NEW COM","CYH","Susquehanna Securities, LLC","3/1"
"COMMUNITY HEALTHCARE TR INC COM","CHCT","Citadel Securities LLC","5/1"
"COMMUNITY TR BANCORP INC COM","CTBI","Susquehanna Securities, LLC","6/1"
"COMMUNITY WEST BANCSHARES NEW COM","CWBC","Citadel Securities LLC","5/1"
"COMMVAULT SYS INC COM","CVLT","Citadel Securities LLC","4/1"
"COMPANHIA DE SANEAMENTO BASICO SPONSORED ADR","SBS","Group One Trading LLC","4/1"
"COMPANHIA PARANAENSE DE ENERGI SPON ADS","ELP","Susquehanna Securities, LLC","6/1"
"COMPANHIA SIDERURGICA NACIONAL SPONSORED ADR","SID","Citadel Securities LLC","6/1"
"COMPANIA CERVECERIAS UNIDAS S SPONSORED ADR","CCU","Wolverine Trading, LLC","3/1"
"COMPANIA DE MINAS BUENAVENTURA SPONSORED ADR","BVN","Susquehanna Securities, LLC","5/1"
"COMPASS DIVERSIFIED SH BEN INT","CODI","Citadel Securities LLC","6/1"
"COMPASS INC CL A","COMP","Citadel Securities LLC","3/1"
"COMPASS MINERALS INTL INC COM","CMP","Susquehanna Securities, LLC","4/1"
"COMPASS PATHWAYS PLC SPONSORED ADS","CMPS","Susquehanna Securities, LLC","6/1"
"COMPOSECURE INC COM CL A","CMPO","Wolverine Trading, LLC","5/1"
"COMPUGEN LTD ORD","CGEN","Susquehanna Securities, LLC","1/1"
"COMSTOCK INC COM NEW","LODE","Citadel Securities LLC","5/1"
"COMSTOCK RES INC COM","CRK","Citadel Securities LLC","3/1"
"COMTECH TELECOMMUNICATIONS CP COM NEW","CMTL","Group One Trading LLC","1/1"
"CONAGRA BRANDS INC COM","CAG","Group One Trading LLC","4/1"
"CONCENTRA GROUP HOLDINGS PAREN COMMON STOCK","CON","Morgan Stanley & Co. LLC","5/1"
"CONCENTRIX CORP COM","CNXC","Wolverine Trading, LLC","3/1"
"CONDUENT INC COM","CNDT","Susquehanna Securities, LLC","1/1"
"CONFLUENT INC CLASS A COM","CFLT","Citadel Securities LLC","3/1"
"CONMED CORP COM","CNMD","Citadel Securities LLC","5/1"
"CONNECT BIOPHARMA HLDGS LTD ADS","CNTB","Group One Trading LLC","4/1"
"CONNECTONE BANCORP INC COM","CNOB","Group One Trading LLC","1/1"
"CONOCOPHILLIPS COM","COP","Susquehanna Securities, LLC","2/1"
"CONSENSUS CLOUD SOLUTIONS INC COM","CCSI","Wolverine Trading, LLC","4/1"
"CONSOLIDATED EDISON INC COM","ED","Citadel Securities LLC","3/1"
"CONSOLIDATED WATER CO INC ORD","CWCO","Belvedere Trading LLC","3/1"
"CONSTELLATION BRANDS INC CL A","STZ","Citadel Securities LLC","5/1"
"CONSTELLATION ENERGY CORP COM","CEG","Citadel Securities LLC","1/1"
"CONSTELLIUM SE CL A SHS","CSTM","Group One Trading LLC","4/1"
"CONSUMER PORTFOLIO SVCS INC COM","CPSS","Group One Trading LLC","4/1"
"CONTAINER STORE GROUP INC COM NEW","TCSGQ","","3/1"
"CONTEXTLOGIC INC CL A NEW","LOGC","Citadel Securities LLC","2/1"
"CONTROLADORA VUELA COMP DE AVI SPON ADR RP 10","VLRS","Wolverine Trading, LLC","3/1"
"COOPER COS INC COM","COO","Morgan Stanley & Co. LLC","6/1"
"COOPER STD HLDGS INC COM","CPS","Citadel Securities LLC","3/1"
"COPA HOLDINGS SA CL A","CPA","Morgan Stanley & Co. LLC","6/1"
"COPART INC COM","CPRT","Citadel Securities LLC","6/1"
"COPT DEFENSE PROPERTIES SHS BEN INT","CDP","Susquehanna Securities, LLC","5/1"
"CORBUS PHARMACEUTICALS HLDGS I COM NEW","CRBP","Group One Trading LLC","2/1"
"CORCEPT THERAPEUTICS INC COM","CORT","Group One Trading LLC","4/1"
"CORE & MAIN INC CL A","CNM","Belvedere Trading LLC","1/1"
"CORE LABORATORIES INC COM","CLB","Susquehanna Securities, LLC","3/1"
"CORE NATURAL RESOURCES INC COM SHS","CNR","Wolverine Trading, LLC","3/1"
"CORE SCIENTIFIC INC NEW COM","CORZ","Wolverine Trading, LLC","4/1"
"COREBRIDGE FINL INC COM","CRBG","Citadel Securities LLC","5/1"
"CORECIVIC INC COM","CXW","Wolverine Trading, LLC","3/1"
"CORMEDIX INC COM","CRMD","Morgan Stanley & Co. LLC","3/1"
"CORNING INC COM","GLW","Wolverine Trading, LLC","6/1"
"CORPAY INC COM SHS","CPAY","Morgan Stanley & Co. LLC","3/1"
"CORPORACION AMER ARPTS S A COM","CAAP","Citadel Securities LLC","4/1"
"CORSAIR GAMING INC COM","CRSR","Susquehanna Securities, LLC","3/1"
"CORTEVA INC COM","CTVA","Citadel Securities LLC","2/1"
"CORVUS PHARMACEUTICALS INC COM","CRVS","Group One Trading LLC","4/1"
"COSMOS HEALTH INC COM","COSM","Group One Trading LLC","3/1"
"COSTAMARE INC SHS","CMRE","Susquehanna Securities, LLC","3/1"
"COSTAR GROUP INC COM","CSGP","Citadel Securities LLC","2/1"
"COSTCO WHSL CORP NEW COM","COST","Wolverine Trading, LLC","1/1"
"COTERRA ENERGY INC COM","CTRA","Susquehanna Securities, LLC","3/1"
"COTY INC COM CL A","COTY","Susquehanna Securities, LLC","3/1"
"COUCHBASE INC COM","BASE","Citadel Securities LLC","5/1"
"COUPANG INC CL A","CPNG","Susquehanna Securities, LLC","3/1"
"COURSERA INC COM","COUR","Citadel Securities LLC","1/1"
"COUSINS PPTYS INC COM NEW","CUZ","Group One Trading LLC","4/1"
"COVENANT LOGISTICS GROUP INC CL A","CVLG","Wolverine Trading, LLC","3/1"
"CPS TECHNOLOGIES CORP COM","CPSH","Wolverine Trading, LLC","3/1"
"CRACKER BARREL OLD CTRY STORE COM","CBRL","Susquehanna Securities, LLC","5/1"
"CRANE COMPANY COMMON STOCK","CR","Wolverine Trading, LLC","2/1"
"CRANE NXT CO COM","CXT","Wolverine Trading, LLC","3/1"
"CREDICORP LTD COM","BAP","Susquehanna Securities, LLC","5/1"
"CREDO TECHNOLOGY GROUP HOLDING ORDINARY SHARES","CRDO","Citadel Securities LLC","2/1"
"CRESCENT CAP BDC INC COM","CCAP","Belvedere Trading LLC","3/1"
"CRESCENT ENERGY COMPANY CL A COM","CRGY","Wolverine Trading, LLC","6/1"
"CRESUD S A C I F Y A SPONSORED ADR","CRESY","Susquehanna Securities, LLC","5/1"
"CRH PLC ORD","CRH","Susquehanna Securities, LLC","4/1"
"CRICUT INC COM CL A","CRCT","Group One Trading LLC","4/1"
"CRINETICS PHARMACEUTICALS INC COM","CRNX","Citadel Securities LLC","3/1"
"CRISPR THERAPEUTICS AG NAMEN AKT","CRSP","Group One Trading LLC","4/1"
"CRITEO S A SPONS ADS","CRTO","Wolverine Trading, LLC","6/1"
"CROCS INC COM","CROX","Susquehanna Securities, LLC","5/1"
"CRONOS GROUP INC COM","CRON","Group One Trading LLC","4/1"
"CROSS CTRY HEALTHCARE INC COM","CCRN","Belvedere Trading LLC","5/1"
"CROSSAMERICA PARTNERS LP UT LTD PTN INT","CAPL","Citadel Securities LLC","6/1"
"CROSSFIRST BANKSHARES INC COM","CFB","Wolverine Trading, LLC","5/1"
"CROWDSTRIKE HLDGS INC CL A","CRWD","Susquehanna Securities, LLC","3/1"
"CROWN CASTLE INC COM","CCI","Susquehanna Securities, LLC","6/1"
"CROWN CRAFTS INC COM","CRWS","Wolverine Trading, LLC","3/1"
"CROWN HLDGS INC COM","CCK","IMC-Chicago, LLC dba IMC Financial Markets","5/1"
"CRYOPORT INC COM PAR $0.001","CYRX","Belvedere Trading LLC","1/1"
"CS DISCO INC COM","LAW","Citadel Securities LLC","5/1"
"CSG SYS INTL INC COM","CSGS","Susquehanna Securities, LLC","1/1"
"CSW INDUSTRIALS INC COM","CSWI","Wolverine Trading, LLC","3/1"
"CSX CORP COM","CSX","IMC-Chicago, LLC dba IMC Financial Markets","6/1"
"CTO RLTY GROWTH INC NEW COM","CTO","Susquehanna Securities, LLC","6/1"
"CTS CORP COM","CTS","Citadel Securities LLC","2/1"
"CUBESMART COM","CUBE","Susquehanna Securities, LLC","2/1"
"CUE BIOPHARMA INC COM","CUE","Citadel Securities LLC","3/1"
"CULLEN FROST BANKERS INC COM","CFR","Susquehanna Securities, LLC","5/1"
"CULLINAN THERAPEUTICS INC COM","CGEM","Group One Trading LLC","4/1"
"CULP INC COM","CULP","Belvedere Trading LLC","5/1"
"CUMBERLAND PHARMACEUTICALS INC COM","CPIX","Group One Trading LLC","4/1"
"CUMMINS INC COM","CMI","Susquehanna Securities, LLC","3/1"
"CUMULUS MEDIA INC COM CL A","CMLS","Susquehanna Securities, LLC","6/1"
"CUREVAC N V COM","CVAC","Group One Trading LLC","4/1"
"CURIOSITYSTREAM INC COM CL A","CURI","Susquehanna Securities, LLC","3/1"
"CURTISS WRIGHT CORP COM","CW","Citadel Securities LLC","6/1"
"CUSHMAN WAKEFIELD PLC SHS","CWK","Wolverine Trading, LLC","3/1"
"CUSTOM TRUCK ONE SOURCE INC COM CL A","CTOS","Wolverine Trading, LLC","3/1"
"CUSTOMERS BANCORP INC COM","CUBI","Wolverine Trading, LLC","3/1"
"CUTERA INC COM","CUTR","Morgan Stanley & Co. LLC","6/1"
"CVB FINL CORP COM","CVBF","Susquehanna Securities, LLC","1/1"
"CVR ENERGY INC COM","CVI","Susquehanna Securities, LLC","2/1"
"CVR PARTNERS LP COM","UAN","Wolverine Trading, LLC","3/1"
"CVRX INC COM","CVRX","Wolverine Trading, LLC","3/1"
"CVS HEALTH CORP COM","CVS","Susquehanna Securities, LLC","1/1"
"CYBERARK SOFTWARE LTD SHS","CYBR","Wolverine Trading, LLC","1/1"
"CYTEK BIOSCIENCES INC COM","CTKB","Group One Trading LLC","3/1"
"CYTOKINETICS INC COM NEW","CYTK","Group One Trading LLC","4/1"
"CYTOSORBENTS CORP COM NEW","CTSO","Citadel Securities LLC","1/1"
"D R HORTON INC COM","DHI","Susquehanna Securities, LLC","4/1"
"D-WAVE QUANTUM INC COM","QBTS","Jane Street Options, LLC","1/1"
"DADA NEXUS LTD ADS","DADA","Wolverine Trading, LLC","3/1"
"DAKTRONICS INC COM","DAKT","Susquehanna Securities, LLC","2/1"
"DANA INC COM","DAN","Wolverine Trading, LLC","6/1"
"DANAHER CORPORATION COM","DHR","Citadel Securities LLC","1/1"
"DANAOS CORPORATION SHS","DAC","Wolverine Trading, LLC","3/1"
"DANIMER SCIENTIFIC INC COM SHS","DNMR","Citadel Securities LLC","6/1"
"DAQO NEW ENERGY CORP SPNSRD ADS NEW","DQ","Citadel Securities LLC","2/1"
"DARDEN RESTAURANTS INC COM","DRI","Jane Street Options, LLC","6/1"
"DARIOHEALTH CORP COM NEW","DRIO","Citadel Securities LLC","1/1"
"DARLING INGREDIENTS INC COM","DAR","Susquehanna Securities, LLC","6/1"
"DATA I O CORP COM","DAIO","Citadel Securities LLC","3/1"
"DATADOG INC CL A COM","DDOG","Citadel Securities LLC","6/1"
"DAVE & BUSTERS ENTMT INC COM","PLAY","Wolverine Trading, LLC","6/1"
"DAVE INC CLASS A COM NEW","DAVE","Jane Street Options, LLC","6/1"
"Davis Select Financial ETF","DFNL","Belvedere Trading LLC","2/1"
"Davis Select U.S. Equity ETF","DUSA","Wolverine Trading, LLC","4/1"
"DAVITA INC COM","DVA","Susquehanna Securities, LLC","3/1"
"DAY ONE BIOPHARMACEUTICALS INC COM","DAWN","Belvedere Trading LLC","6/1"
"DAYFORCE INC COM","DAY","Group One Trading LLC","1/1"
"DBX ETF TR DALY HOM B&S BUL","NAIL","Belvedere Trading LLC","6/1"
"DBX ETF TR XTRACK CSI 500 A","ASHS","Belvedere Trading LLC","2/1"
"DBX ETF TR XTRACK HRVST CSI","ASHR","Susquehanna Securities, LLC","7/1"
"DBX ETF TR XTRACK MSCI EAFE","DBEF","Susquehanna Securities, LLC","7/1"
"DBX ETF TR XTRACK MSCI EURP","DBEU","Susquehanna Securities, LLC","7/1"
"DBX ETF TR XTRACK MSCI JAPN","DBJP","Belvedere Trading LLC","4/1"
"DBX ETF TR XTRACK USD HIGH","HYLB","Belvedere Trading LLC","3/1"
"DBX ETF TR XTRACKERS S&P","SNPE","Wolverine Trading, LLC","3/1"
"DECKERS OUTDOOR CORP COM","DECK","Susquehanna Securities, LLC","3/1"
"DEERE & CO COM","DE","Citadel Securities LLC","2/1"
"DEFINITIVE HEALTHCARE CORP CLASS A COM","DH","Citadel Securities LLC","3/1"
"DELCATH SYS INC COM NEW","DCTH","Group One Trading LLC","4/1"
"DELEK LOGISTICS PARTNERS LP COM UNT RP INT","DKL","Citadel Securities LLC","6/1"
"DELEK US HLDGS INC NEW COM","DK","Susquehanna Securities, LLC","3/1"
"DELL TECHNOLOGIES INC CL C","DELL","Susquehanna Securities, LLC","1/1"
"DELTA AIR LINES INC DEL COM NEW","DAL","Susquehanna Securities, LLC","1/1"
"DELUXE CORP COM","DLX","Citadel Securities LLC","3/1"
"DENALI THERAPEUTICS INC COM","DNLI","Group One Trading LLC","4/1"
"DENISON MINES CORP COM","DNN","Susquehanna Securities, LLC","4/1"
"DENNYS CORP COM","DENN","Susquehanna Securities, LLC","3/1"
"DENTSPLY SIRONA INC COM","XRAY","Wolverine Trading, LLC","1/1"
"DESCARTES SYS GROUP INC COM","DSGX","Citadel Securities LLC","2/1"
"DESIGN THERAPEUTICS INC COM","DSGN","Group One Trading LLC","4/1"
"DESIGNER BRANDS INC CL A","DBI","Morgan Stanley & Co. LLC","6/1"
"DESKTOP METAL INC COM CL A","DM","Citadel Securities LLC","1/1"
"DESPEGAR COM CORP ORD SHS","DESP","Susquehanna Securities, LLC","3/1"
"DESTINATION XL GROUP INC COM","DXLG","Susquehanna Securities, LLC","5/1"
"DEUTSCHE BANK A G NAMEN AKT","DB","Citadel Securities LLC","5/1"
"DEVON ENERGY CORP NEW COM","DVN","Morgan Stanley & Co. LLC","1/1"
"DEXCOM INC COM","DXCM","Susquehanna Securities, LLC","3/1"
"DHI GROUP INC COM","DHX","Susquehanna Securities, LLC","1/1"
"DHT HOLDINGS INC SHS NEW","DHT","Citadel Securities LLC","3/1"
"DIAGEO PLC SPON ADR NEW","DEO","Susquehanna Securities, LLC","6/1"
"DIAMEDICA THERAPEUTICS INC COM NEW","DMAC","Wolverine Trading, LLC","3/1"
"DIAMONDBACK ENERGY INC COM","FANG","Susquehanna Securities, LLC","4/1"
"DIAMONDROCK HOSPITALITY CO COM","DRH","Susquehanna Securities, LLC","3/1"
"DIANA SHIPPING INC COM","DSX","Citadel Securities LLC","5/1"
"DIANTHUS THERAPEUTICS INC COM","DNTH","Group One Trading LLC","3/1"
"DICKS SPORTING GOODS INC COM","DKS","Citadel Securities LLC","2/1"
"DIEBOLD NIXDORF INC COM SHS","DBD","Wolverine Trading, LLC","1/1"
"DIGI INTL INC COM","DGII","Susquehanna Securities, LLC","3/1"
"DIGIMARC CORP NEW COM","DMRC","Wolverine Trading, LLC","3/1"
"DIGITAL RLTY TR INC COM","DLR","Morgan Stanley & Co. LLC","6/1"
"DIGITAL TURBINE INC COM NEW","APPS","Group One Trading LLC","6/1"
"DIGITALBRIDGE GROUP INC CL A NEW","DBRG","Susquehanna Securities, LLC","5/1"
"DIGITALOCEAN HLDGS INC COM","DOCN","Citadel Securities LLC","5/1"
"DIME CMNTY BANCSHARES INC COM","DCOM","Citadel Securities LLC","2/1"
"DIMENSIONAL ETF TRUST INFLATION PROTE","DFIP","Wolverine Trading, LLC","3/1"
"DIMENSIONAL ETF TRUST INTERNATNAL VAL","DFIV","Citadel Securities LLC","4/1"
"DIMENSIONAL ETF TRUST US CORE EQT MKT","DFAU","Wolverine Trading, LLC","3/1"
"DIMENSIONAL ETF TRUST US EQUITY MARKET","DFUS","Citadel Securities LLC","2/1"
"DIMENSIONAL ETF TRUST US HIGH PROFITAB","DUHP","Citadel Securities LLC","5/1"
"DIMENSIONAL ETF TRUST US MKTWIDE VALUE","DFUV","Wolverine Trading, LLC","3/1"
"DIMENSIONAL ETF TRUST US REAL ESTATE E","DFAR","Wolverine Trading, LLC","3/1"
"DIMENSIONAL ETF TRUST US SMALL CAP VAL","DFSV","Wolverine Trading, LLC","3/1"
"DIMENSIONAL ETF TRUST WORLD EX US CORE","DFAX","Citadel Securities LLC","4/1"
"Dimensional International Core Equity 2 ETF","DFIC","Morgan Stanley & Co. LLC","3/1"
"DINE BRANDS GLOBAL INC COM","DIN","Susquehanna Securities, LLC","4/1"
"DIODES INC COM","DIOD","Citadel Securities LLC","3/1"
"DIREXION SHS ETF TR 20YR TRES BEAR","TMV","IMC-Chicago, LLC dba IMC Financial Markets","6/1"
"DIREXION SHS ETF TR 7 10YR TRES BEAR","TYO","Susquehanna Securities, LLC","7/1"
"DIREXION SHS ETF TR 7 10YR TRES BULL","TYD","Susquehanna Securities, LLC","7/1"
"DIREXION SHS ETF TR AUSPCE CMD STG","COM","Wolverine Trading, LLC","3/1"
"DIREXION SHS ETF TR BRZ BL 2X SHS","BRZU","Citadel Securities LLC","2/1"
"DIREXION SHS ETF TR CSI 300 BULL2X","CHAU","Belvedere Trading LLC","5/1"
"DIREXION SHS ETF TR DAILY 20+ YEAR T","TMF","Belvedere Trading LLC","1/1"
"DIREXION SHS ETF TR DAILY AMZN BR 1X","AMZD","Belvedere Trading LLC","1/1"
"DIREXION SHS ETF TR DAILY CSI 2X SH","CWEB","Wolverine Trading, LLC","3/1"
"DIREXION SHS ETF TR DAILY DJ BULL","WEBL","Wolverine Trading, LLC","3/1"
"DIREXION SHS ETF TR DAILY ENERGY BEA","ERY","Group One Trading LLC","4/1"
"DIREXION SHS ETF TR DAILY FINL BEAR","FAZ","Wolverine Trading, LLC","1/1"
"DIREXION SHS ETF TR DAILY FTSE CHINA","YANG","Susquehanna Securities, LLC","7/1"
"DIREXION SHS ETF TR DAILY GOLD MINER","DUST","Citadel Securities LLC","3/1"
"DIREXION SHS ETF TR DAILY GOOGL 2X S","GGLL","Belvedere Trading LLC","1/1"
"DIREXION SHS ETF TR DAILY GOOGL BR1X","GGLS","Belvedere Trading LLC","1/1"
"DIREXION SHS ETF TR DAILY JR GLD MIN","JNUG","Susquehanna Securities, LLC","7/1"
"DIREXION SHS ETF TR DAILY JR GOLD MI","JDST","Susquehanna Securities, LLC","7/1"
"DIREXION SHS ETF TR DAILY META BULL","METU","Jane Street Options, LLC","2/1"
"DIREXION SHS ETF TR DAILY MSCI EMERG","EDZ","Belvedere Trading LLC","6/1"
"DIREXION SHS ETF TR DAILY MSCI INDIA","INDL","Susquehanna Securities, LLC","7/1"
"DIREXION SHS ETF TR DAILY MSFT 2X SH","MSFU","Belvedere Trading LLC","5/1"
"DIREXION SHS ETF TR DAILY MSFT BR 1X","MSFD","Belvedere Trading LLC","4/1"
"DIREXION SHS ETF TR DAILY NVDA 2X SH","NVDU","Belvedere Trading LLC","1/1"
"DIREXION SHS ETF TR DAILY NVDA BEAR","NVDD","Belvedere Trading LLC","1/1"
"DIREXION SHS ETF TR DAILY REAL EST B","DRN","Belvedere Trading LLC","6/1"
"DIREXION SHS ETF TR DAILY REAL ESTAT","DRV","Citadel Securities LLC","6/1"
"DIREXION SHS ETF TR DAILY REGIONAL","DPST","Belvedere Trading LLC","2/1"
"DIREXION SHS ETF TR DAILY ROBOTICS","UBOT","Belvedere Trading LLC","5/1"
"DIREXION SHS ETF TR DAILY S&P 500 HI","HIBS","Belvedere Trading LLC","2/1"
"DIREXION SHS ETF TR DAILY S&P BIOTCH","LABU","Citadel Securities LLC","3/1"
"DIREXION SHS ETF TR DAILY S&P BIOTEC","LABD","Wolverine Trading, LLC","3/1"
"DIREXION SHS ETF TR DAILY S&P BULL","HIBL","Citadel Securities LLC","2/1"
"DIREXION SHS ETF TR DAILY SEMICONDUC","SOXS","Susquehanna Securities, LLC","1/1"
"DIREXION SHS ETF TR DAILY SM CP BEAR","TZA","Belvedere Trading LLC","2/1"
"DIREXION SHS ETF TR DAILY TECHNOLOGY","TECS","Belvedere Trading LLC","6/1"
"DIREXION SHS ETF TR DAILY TRANS 3X","TPOR","Wolverine Trading, LLC","3/1"
"DIREXION SHS ETF TR DAILY TSLA 2X SH","TSLL","Morgan Stanley & Co. LLC","1/1"
"DIREXION SHS ETF TR DIREXION 2X SHAR","AMZU","Belvedere Trading LLC","1/1"
"DIREXION SHS ETF TR DL FTSE BULL 3X","YINN","Susquehanna Securities, LLC","7/1"
"DIREXION SHS ETF TR DLY AAPL BEAR 1X","AAPD","Wolverine Trading, LLC","3/1"
"DIREXION SHS ETF TR DLY AAPL BULL 2X","AAPU","Wolverine Trading, LLC","3/1"
"DIREXION SHS ETF TR DLY AEROSPC 3X","DFEN","Belvedere Trading LLC","6/1"
"DIREXION SHS ETF TR DLY CNMSR BULL","WANT","Belvedere Trading LLC","6/1"
"DIREXION SHS ETF TR DLY EMG MK BL 3X","EDC","Belvedere Trading LLC","6/1"
"DIREXION SHS ETF TR DLY ENRGY BULL2X","ERX","Morgan Stanley & Co. LLC","1/1"
"DIREXION SHS ETF TR DLY FIN BULL NEW","FAS","IMC-Chicago, LLC dba IMC Financial Markets","1/1"
"DIREXION SHS ETF TR DLY FTS BUL 3X","EURL","Belvedere Trading LLC","3/1"
"DIREXION SHS ETF TR DLY GOLD INDX 2X","NUGT","Citadel Securities LLC","7/1"
"DIREXION SHS ETF TR DLY INDL BU 3X","DUSL","Belvedere Trading LLC","3/1"
"DIREXION SHS ETF TR DLY MIDCAP ETF3X","MIDU","Belvedere Trading LLC","5/1"
"DIREXION SHS ETF TR DLY MSCI MX 3X","MEXX","Belvedere Trading LLC","5/1"
"DIREXION SHS ETF TR DLY S&P OIL GAS","DRIP","Susquehanna Securities, LLC","7/1"
"DIREXION SHS ETF TR DLY S&P500 2XS","SPUU","Belvedere Trading LLC","5/1"
"DIREXION SHS ETF TR DLY S&P500 BR 1X","SPDN","Belvedere Trading LLC","2/1"
"DIREXION SHS ETF TR DLY S&P500 BR 3X","SPXS","Belvedere Trading LLC","6/1"
"DIREXION SHS ETF TR DLY SCOND 3XBU","SOXL","Susquehanna Securities, LLC","5/1"
"DIREXION SHS ETF TR DLY SMCAP BULL3X","TNA","Belvedere Trading LLC","1/1"
"DIREXION SHS ETF TR DLY TECH BULL 3X","TECL","Belvedere Trading LLC","6/1"
"DIREXION SHS ETF TR DLY TSLA BEAR 1X","TSLS","Citadel Securities LLC","1/1"
"DIREXION SHS ETF TR DLY UTLTIES 3X","UTSL","Belvedere Trading LLC","1/1"
"DIREXION SHS ETF TR DRX S&P500BULL","SPXL","Morgan Stanley & Co. LLC","6/1"
"DIREXION SHS ETF TR HEALTHCARE BUL","CURE","Susquehanna Securities, LLC","7/1"
"DIREXION SHS ETF TR NAS100 EQL WGT","QQQE","Belvedere Trading LLC","1/1"
"DIREXION SHS ETF TR OIL GAS BL 2X SH","GUSH","Susquehanna Securities, LLC","3/1"
"DIREXION SHS ETF TR RETAIL BULL 3X","RETL","Belvedere Trading LLC","2/1"
"DISC MEDICINE INC COM","IRON","Belvedere Trading LLC","6/1"
"DISCOVER FINL SVCS COM","DFS","Susquehanna Securities, LLC","5/1"
"DISNEY WALT CO COM","DIS","Susquehanna Securities, LLC","2/1"
"DISTRIBUTION SOLUTIONS GRP INC COM","DSGR","Belvedere Trading LLC","5/1"
"DIVERSIFIED HEALTHCARE TR COM SH BEN INT","DHC","Wolverine Trading, LLC","6/1"
"DLH HLDGS CORP COM","DLHC","Group One Trading LLC","4/1"
"DLOCAL LTD CLASS A COM","DLO","Citadel Securities LLC","1/1"
"DMC GLOBAL INC COM","BOOM","Susquehanna Securities, LLC","1/1"
"DNOW INC COM","DNOW","Citadel Securities LLC","3/1"
"DOCEBO INC COM","DCBO","Susquehanna Securities, LLC","4/1"
"DOCGO INC COM","DCGO","Susquehanna Securities, LLC","2/1"
"DOCUSIGN INC COM","DOCU","Morgan Stanley & Co. LLC","2/1"
"DOLBY LABORATORIES INC COM CL A","DLB","Susquehanna Securities, LLC","1/1"
"DOLE PLC ORD SHS","DOLE","Wolverine Trading, LLC","3/1"
"DOLLAR GEN CORP NEW COM","DG","Susquehanna Securities, LLC","6/1"
"DOLLAR TREE INC COM","DLTR","Citadel Securities LLC","1/1"
"DOLPHIN ENTMT INC COM","DLPN","Group One Trading LLC","4/1"
"DOMINION ENERGY INC COM","D","Citadel Securities LLC","3/1"
"DOMINOS PIZZA INC COM","DPZ","Susquehanna Securities, LLC","4/1"
"DOMO INC COM CL B","DOMO","Citadel Securities LLC","1/1"
"DONALDSON INC COM","DCI","Morgan Stanley & Co. LLC","6/1"
"DONNELLEY FINL SOLUTIONS INC COM","DFIN","Citadel Securities LLC","4/1"
"DOORDASH INC CL A","DASH","Citadel Securities LLC","6/1"
"DORCHESTER MINERALS LP COM UNIT","DMLP","Belvedere Trading LLC","6/1"
"DORIAN LPG LTD SHS USD","LPG","Wolverine Trading, LLC","3/1"
"DORMAN PRODS INC COM","DORM","Citadel Securities LLC","6/1"
"DOUBLELINE INCOME SOLUTIONS FD COM","DSL","Susquehanna Securities, LLC","7/1"
"DOUBLEVERIFY HLDGS INC COM","DV","Citadel Securities LLC","3/1"
"DOUGLAS DYNAMICS INC COM","PLOW","Belvedere Trading LLC","4/1"
"DOUGLAS ELLIMAN INC COM","DOUG","Citadel Securities LLC","2/1"
"DOUGLAS EMMETT INC COM","DEI","Belvedere Trading LLC","6/1"
"DOVER CORP COM","DOV","Wolverine Trading, LLC","6/1"
"DOW INC COM","DOW","Citadel Securities LLC","3/1"
"Dow Jones Industrial Average","DJX","Wolverine Trading, LLC","8/1"
"DOXIMITY INC CL A","DOCS","Citadel Securities LLC","1/1"
"DR REDDYS LABS LTD ADR","RDY","Citadel Securities LLC","3/1"
"DRAFTKINGS INC NEW COM CL A","DKNG","Citadel Securities LLC","5/1"
"DRAGANFLY INC. COM","DPRO","Belvedere Trading LLC","6/1"
"DRDGOLD LIMITED SPON ADR REPSTG","DRD","Susquehanna Securities, LLC","1/1"
"DREAM FINDERS HOMES INC COM CL A","DFH","Group One Trading LLC","4/1"
"DRIVEN BRANDS HLDGS INC COM","DRVN","Citadel Securities LLC","1/1"
"DROPBOX INC CL A","DBX","Morgan Stanley & Co. LLC","6/1"
"DT MIDSTREAM INC COMMON STOCK","DTM","Group One Trading LLC","4/1"
"DTE ENERGY CO COM","DTE","Morgan Stanley & Co. LLC","2/1"
"DUCOMMUN INC DEL COM","DCO","Citadel Securities LLC","6/1"
"DUKE ENERGY CORP NEW COM NEW","DUK","Citadel Securities LLC","3/1"
"DUN & BRADSTREET HLDGS INC COM","DNB","Susquehanna Securities, LLC","3/1"
"DUOLINGO INC CL A COM","DUOL","Susquehanna Securities, LLC","1/1"
"DUPONT DE NEMOURS INC COM","DD","Citadel Securities LLC","3/1"
"DURECT CORP COM NEW","DRRX","Group One Trading LLC","4/1"
"DUTCH BROS INC CL A","BROS","Citadel Securities LLC","1/1"
"DXC TECHNOLOGY CO COM","DXC","Citadel Securities LLC","2/1"
"DXP ENTERPRISES INC COM NEW","DXPE","Wolverine Trading, LLC","3/1"
"DYADIC INTL INC DEL COM","DYAI","Citadel Securities LLC","3/1"
"DYCOM INDS INC COM","DY","Susquehanna Securities, LLC","3/1"
"DYNAGAS LNG PARTNERS LP COM UNIT LTD PT","DLNG","Wolverine Trading, LLC","2/1"
"DYNATRACE INC COM NEW","DT","Wolverine Trading, LLC","3/1"
"DYNAVAX TECHNOLOGIES CORP COM NEW","DVAX","Morgan Stanley & Co. LLC","1/1"
"DYNE THERAPEUTICS INC COM","DYN","Citadel Securities LLC","4/1"
"DYNEX CAP INC COM","DX","Wolverine Trading, LLC","6/1"
"E L F BEAUTY INC COM","ELF","Susquehanna Securities, LLC","2/1"
"E2OPEN PARENT HOLDINGS INC COM CL A","ETWO","Susquehanna Securities, LLC","1/1"
"EA SERIES TRUST EA BRIDGEWAY OMN","BSVO","Belvedere Trading LLC","3/1"
"EA SERIES TRUST STRIVE 500 ETF","STRV","Wolverine Trading, LLC","1/1"
"EA SERIES TRUST STRIVE US ENERGY","DRLL","Belvedere Trading LLC","1/1"
"EA SERIES TRUST US QUAN MOMENTUM","QMOM","Wolverine Trading, LLC","4/1"
"EAGLE BANCORP INC MD COM","EGBN","Wolverine Trading, LLC","6/1"
"EAGLE MATLS INC COM","EXP","IMC-Chicago, LLC dba IMC Financial Markets","1/1"
"EAGLE PHARMACEUTICALS INC COM","EGRX","Group One Trading LLC","4/1"
"EAST WEST BANCORP INC COM","EWBC","Wolverine Trading, LLC","3/1"
"EASTERLY GOVT PPTYS INC COM","DEA","Belvedere Trading LLC","2/1"
"EASTERN BANKSHARES INC COM","EBC","Susquehanna Securities, LLC","3/1"
"EASTMAN CHEM CO COM","EMN","Susquehanna Securities, LLC","3/1"
"EASTMAN KODAK CO COM NEW","KODK","Citadel Securities LLC","2/1"
"EATON CORP PLC SHS","ETN","Susquehanna Securities, LLC","5/1"
"EBAY INC. COM","EBAY","Citadel Securities LLC","5/1"
"ECHOSTAR CORP CL A","SATS","Susquehanna Securities, LLC","3/1"
"ECOLAB INC COM","ECL","Susquehanna Securities, LLC","6/1"
"ECOPETROL S A SPONSORED ADS","EC","Wolverine Trading, LLC","4/1"
"ECOVYST INC COM","ECVT","Susquehanna Securities, LLC","5/1"
"EDAP TMS S A SPONSORED ADR","EDAP","Susquehanna Securities, LLC","6/1"
"EDGEWELL PERS CARE CO COM","EPC","Wolverine Trading, LLC","3/1"
"EDGEWISE THERAPEUTICS INC COM","EWTX","Susquehanna Securities, LLC","1/1"
"EDISON INTL COM","EIX","Wolverine Trading, LLC","6/1"
"EDITAS MEDICINE INC COM","EDIT","Citadel Securities LLC","5/1"
"EDWARDS LIFESCIENCES CORP COM","EW","Susquehanna Securities, LLC","4/1"
"EGAIN CORP COM NEW","EGAN","Wolverine Trading, LLC","6/1"
"EHANG HLDGS LTD ADS","EH","Wolverine Trading, LLC","3/1"
"EHEALTH INC COM","EHTH","Group One Trading LLC","3/1"
"EKSO BIONICS HLDGS INC COM","EKSO","Belvedere Trading LLC","2/1"
"EL POLLO LOCO HLDGS INC COM","LOCO","Morgan Stanley & Co. LLC","1/1"
"ELANCO ANIMAL HEALTH INC COM","ELAN","Susquehanna Securities, LLC","4/1"
"ELASTIC N V ORD SHS","ESTC","Susquehanna Securities, LLC","3/1"
"ELDORADO GOLD CORP NEW COM","EGO","Wolverine Trading, LLC","3/1"
"ELECTRONIC ARTS INC COM","EA","Citadel Securities LLC","3/1"
"ELEDON PHARMACEUTICALS INC COM","ELDN","Citadel Securities LLC","5/1"
"ELEMENT SOLUTIONS INC COM","ESI","Wolverine Trading, LLC","2/1"
"ELEVANCE HEALTH INC COM","ELV","Susquehanna Securities, LLC","5/1"
"ELEVATION ONCOLOGY INC COM","ELEV","Belvedere Trading LLC","2/1"
"ELI LILLY & CO COM","LLY","Citadel Securities LLC","5/1"
"ELLINGTON CREDIT COMPANY COM SHS BEN INT","EARN","Susquehanna Securities, LLC","6/1"
"ELLINGTON FINANCIAL INC COM","EFC","Morgan Stanley & Co. LLC","2/1"
"ELME COMMUNITIES SH BEN INT","ELME","Citadel Securities LLC","5/1"
"EMBECTA CORP COMMON STOCK","EMBC","Citadel Securities LLC","2/1"
"EMBRAER S.A. SPONSORED ADS","ERJ","Susquehanna Securities, LLC","2/1"
"EMCOR GROUP INC COM","EME","Morgan Stanley & Co. LLC","4/1"
"EMCORE CORP COM","EMKR","Susquehanna Securities, LLC","2/1"
"EMERALD HOLDING INC COM","EEX","Wolverine Trading, LLC","3/1"
"EMEREN GROUP LTD SPONSORED ADS","SOL","Citadel Securities LLC","5/1"
"EMERGENT BIOSOLUTIONS INC COM","EBS","Wolverine Trading, LLC","3/1"
"EMERSON ELEC CO COM","EMR","Citadel Securities LLC","3/1"
"EMPIRE ST RLTY TR INC CL A","ESRT","Susquehanna Securities, LLC","5/1"
"EMX RTY CORP COM","EMX","Belvedere Trading LLC","2/1"
"ENACT HLDGS INC COM","ACT","Morgan Stanley & Co. LLC","3/1"
"ENANTA PHARMACEUTICALS INC COM","ENTA","Citadel Securities LLC","6/1"
"ENBRIDGE INC COM","ENB","Susquehanna Securities, LLC","6/1"
"ENCOMPASS HEALTH CORP COM","EHC","Wolverine Trading, LLC","5/1"
"ENCORE CAP GROUP INC COM","ECPG","Susquehanna Securities, LLC","5/1"
"ENCORE ENERGY CORP COM NEW","EU","Wolverine Trading, LLC","5/1"
"ENDAVA PLC ADS","DAVA","Group One Trading LLC","4/1"
"ENDEAVOR GROUP HLDGS INC CL A COM","EDR","Susquehanna Securities, LLC","1/1"
"ENDEAVOUR SILVER CORP COM","EXK","Morgan Stanley & Co. LLC","3/1"
"ENERGIZER HLDGS INC NEW COM","ENR","Susquehanna Securities, LLC","5/1"
"ENERGY FUELS INC COM NEW","UUUU","Susquehanna Securities, LLC","4/1"
"ENERGY RECOVERY INC COM","ERII","Susquehanna Securities, LLC","6/1"
"ENERGY TRANSFER L P COM UT LTD PTN","ET","Susquehanna Securities, LLC","3/1"
"ENERGY VAULT HOLDINGS INC COM","NRGV","Belvedere Trading LLC","2/1"
"ENERPAC TOOL GROUP CORP CL A COM","EPAC","Susquehanna Securities, LLC","3/1"
"ENERSYS COM","ENS","Susquehanna Securities, LLC","3/1"
"ENFUSION INC CL A","ENFN","Group One Trading LLC","4/1"
"ENHABIT INC COM","EHAB","Citadel Securities LLC","4/1"
"ENI S P A SPONSORED ADR","E","Susquehanna Securities, LLC","3/1"
"ENLIGHT RENEWABLE ENERGY LTD SHS","ENLT","Group One Trading LLC","4/1"
"ENLINK MIDSTREAM LLC COM UNIT REP LTD","ENLC","Belvedere Trading LLC","6/1"
"ENLIVEN THERAPEUTICS INC COM","ELVN","Belvedere Trading LLC","5/1"
"ENOVA INTL INC COM","ENVA","Belvedere Trading LLC","4/1"
"ENOVIS CORPORATION COM","ENOV","Citadel Securities LLC","2/1"
"ENOVIX CORPORATION COM","ENVX","Citadel Securities LLC","6/1"
"ENPHASE ENERGY INC COM","ENPH","IMC-Chicago, LLC dba IMC Financial Markets","4/1"
"ENPRO INC COM","NPO","Morgan Stanley & Co. LLC","6/1"
"ENSERVCO CORP COM NEW","ENSV","Susquehanna Securities, LLC","2/1"
"ENSIGN GROUP INC COM","ENSG","Wolverine Trading, LLC","3/1"
"ENSTAR GROUP LIMITED SHS","ESGR","Wolverine Trading, LLC","3/1"
"ENTEGRIS INC COM","ENTG","Susquehanna Securities, LLC","2/1"
"ENTERA BIO LTD SHS","ENTX","Susquehanna Securities, LLC","3/1"
"ENTERGY CORP NEW COM","ETR","Susquehanna Securities, LLC","1/1"
"ENTERPRISE BANCORP INC MASS COM","EBTC","Belvedere Trading LLC","5/1"
"ENTERPRISE FINL SVCS CORP COM","EFSC","Citadel Securities LLC","2/1"
"ENTERPRISE PRODS PARTNERS L P COM","EPD","Citadel Securities LLC","4/1"
"ENTRAVISION COMMUNICATIONS CP CL A","EVC","Wolverine Trading, LLC","2/1"
"ENVELA CORP COM","ELA","Belvedere Trading LLC","3/1"
"ENVIRI CORP COM","NVRI","Belvedere Trading LLC","2/1"
"ENVIROTECH VEHICLES INC COM NEW","EVTV","Belvedere Trading LLC","2/1"
"ENVISTA HOLDINGS CORPORATION COM","NVST","Citadel Securities LLC","6/1"
"ENVVENO MEDICAL CORPORATION COM","NVNO","Susquehanna Securities, LLC","6/1"
"ENZO BIOCHEM INC COM","ENZ","Susquehanna Securities, LLC","6/1"
"EOG RES INC COM","EOG","Citadel Securities LLC","5/1"
"EOS ENERGY ENTERPRISES INC COM CL A","EOSE","Susquehanna Securities, LLC","4/1"
"EPAM SYS INC COM","EPAM","Susquehanna Securities, LLC","6/1"
"EPLUS INC COM","PLUS","Belvedere Trading LLC","1/1"
"EPR PPTYS COM SH BEN INT","EPR","Susquehanna Securities, LLC","3/1"
"EPSILON ENERGY LTD COM","EPSN","Wolverine Trading, LLC","3/1"
"EQT CORP COM","EQT","Susquehanna Securities, LLC","1/1"
"EQUIFAX INC COM","EFX","Citadel Securities LLC","5/1"
"EQUILLIUM INC COM","EQ","Citadel Securities LLC","5/1"
"EQUINIX INC COM","EQIX","Susquehanna Securities, LLC","1/1"
"EQUINOR ASA SPONSORED ADR","EQNR","Group One Trading LLC","4/1"
"EQUINOX GOLD CORP COM","EQX","Wolverine Trading, LLC","3/1"
"EQUITABLE HLDGS INC COM","EQH","Susquehanna Securities, LLC","3/1"
"EQUITY BANCSHARES INC COM CL A","EQBK","Wolverine Trading, LLC","3/1"
"EQUITY COMWLTH COM SH BEN INT","EQC","Citadel Securities LLC","6/1"
"EQUITY RESIDENTIAL SH BEN INT","EQR","IMC-Chicago, LLC dba IMC Financial Markets","6/1"
"ERASCA INC COM","ERAS","Susquehanna Securities, LLC","6/1"
"ERIE INDTY CO CL A","ERIE","Wolverine Trading, LLC","6/1"
"ERMENEGILDO ZEGNA N V ORD SHS","ZGN","Susquehanna Securities, LLC","1/1"
"ERO COPPER CORP COM","ERO","Group One Trading LLC","4/1"
"ESAB CORPORATION COM","ESAB","Citadel Securities LLC","6/1"
"ESCALADE INC COM","ESCA","Citadel Securities LLC","1/1"
"ESCO TECHNOLOGIES INC COM","ESE","Wolverine Trading, LLC","3/1"
"ESPERION THERAPEUTICS INC NEW COM","ESPR","Susquehanna Securities, LLC","3/1"
"ESS TECH INC COM NEW","GWH","Wolverine Trading, LLC","3/1"
"ESSA PHARMA INC COM NEW","EPIX","Belvedere Trading LLC","4/1"
"ESSENT GROUP LTD COM","ESNT","Belvedere Trading LLC","2/1"
"ESSENTIAL PPTYS RLTY TR INC COM","EPRT","Citadel Securities LLC","6/1"
"ESSENTIAL UTILS INC COM","WTRG","Citadel Securities LLC","6/1"
"ESSEX PPTY TR INC COM","ESS","Citadel Securities LLC","4/1"
"ESTABLISHMENT LABS HLDGS INC COM","ESTA","Susquehanna Securities, LLC","1/1"
"ETF OPPORTUNITIES TRUST REX AI EQUITY PR","AIPI","Belvedere Trading LLC","1/1"
"ETF OPPORTUNITIES TRUST REX CRYPTO EQUIT","CEPI","Belvedere Trading LLC","4/1"
"ETF OPPORTUNITIES TRUST REX FANG & INNOV","FEPI","Belvedere Trading LLC","1/1"
"ETF OPPORTUNITIES TRUST TUTTLE CAP DAILY","SKRE","Belvedere Trading LLC","6/1"
"ETF SER SOLUTIONS ACQUIRERS DEEP V","DEEP","Belvedere Trading LLC","1/1"
"ETF SER SOLUTIONS DEFIANCE NEXT GE","HDRO","Belvedere Trading LLC","2/1"
"ETF SER SOLUTIONS DEFIANCE QUANTUM","QTUM","Citadel Securities LLC","4/1"
"ETF SER SOLUTIONS HOYA CAPT HI DIV","RIET","Belvedere Trading LLC","3/1"
"ETF SER SOLUTIONS U S GLOBAL SEA T","SEA","Belvedere Trading LLC","2/1"
"ETF SER SOLUTIONS US GLB JETS","JETS","Wolverine Trading, LLC","3/1"
"ETFIS SER TR I VIRTUS INFRCAP","PFFA","Wolverine Trading, LLC","3/1"
"ETFS GOLD TR PHYSCL GOLD SHS","SGOL","Morgan Stanley & Co. LLC","5/1"
"ETHAN ALLEN INTERIORS INC COM","ETD","Susquehanna Securities, LLC","1/1"
"ETON PHARMACEUTICALS INC COM","ETON","Susquehanna Securities, LLC","1/1"
"ETSY INC COM","ETSY","Wolverine Trading, LLC","2/1"
"EURONET WORLDWIDE INC COM","EEFT","Susquehanna Securities, LLC","1/1"
"EUROPEAN WAX CTR INC CLASS A COM","EWCZ","Susquehanna Securities, LLC","4/1"
"EVE HLDG INC COM","EVEX","Susquehanna Securities, LLC","4/1"
"EVENTBRITE INC COM CL A","EB","Citadel Securities LLC","4/1"
"EVERCOMMERCE INC COM","EVCM","Group One Trading LLC","3/1"
"EVERCORE INC CLASS A","EVR","Morgan Stanley & Co. LLC","3/1"
"EVEREST GROUP LTD COM","EG","Citadel Securities LLC","1/1"
"EVERGY INC COM","EVRG","Susquehanna Securities, LLC","3/1"
"EVERI HLDGS INC COM","EVRI","Wolverine Trading, LLC","1/1"
"EVERQUOTE INC COM CL A","EVER","Citadel Securities LLC","5/1"
"EVERSOURCE ENERGY COM","ES","Wolverine Trading, LLC","6/1"
"EVERSPIN TECHNOLOGIES INC COM","MRAM","Susquehanna Securities, LLC","3/1"
"EVERTEC INC COM","EVTC","Wolverine Trading, LLC","3/1"
"EVGO INC CL A COM","EVGO","Wolverine Trading, LLC","3/1"
"EVOGENE LTD SHS NEW","EVGN","Susquehanna Securities, LLC","1/1"
"EVOLENT HEALTH INC CL A","EVH","Susquehanna Securities, LLC","6/1"
"EVOLUS INC COM","EOLS","Susquehanna Securities, LLC","4/1"
"EVOLUTION PETE CORP COM","EPM","Wolverine Trading, LLC","3/1"
"EVOLV TECHNOLOGIES HLDNGS INC COM CL A","EVLV","Group One Trading LLC","4/1"
"EXACT SCIENCES CORP COM","EXAS","Morgan Stanley & Co. LLC","4/1"
"EXCELERATE ENERGY INC CL A COM","EE","Wolverine Trading, LLC","3/1"
"EXCHANGE LISTED FDS TR CABANA TARGET 10","TDSC","Wolverine Trading, LLC","2/1"
"EXCHANGE LISTED FDS TR QRAFT AI ENHCD","QRFT","Belvedere Trading LLC","6/1"
"EXCHANGE TRADED CONCEPTS TRUST BITWISE CRYPTO","BITQ","Belvedere Trading LLC","3/1"
"EXCHANGE TRADED CONCEPTS TRUST EMQQ THE EMERGIN","EMQQ","Citadel Securities LLC","6/1"
"EXCHANGE TRADED CONCEPTS TRUST ROBO GLB ARTIF","THNQ","Belvedere Trading LLC","3/1"
"EXCHANGE TRADED CONCEPTS TRUST ROBO GLB ETF","ROBO","Belvedere Trading LLC","1/1"
"EXELA TECHNOLOGIES INC COM","XELA","Citadel Securities LLC","3/1"
"EXELIXIS INC COM","EXEL","Group One Trading LLC","4/1"
"EXELON CORP COM","EXC","Citadel Securities LLC","1/1"
"EXLSERVICE HOLDINGS INC COM","EXLS","Susquehanna Securities, LLC","3/1"
"EXP WORLD HLDGS INC COM","EXPI","Group One Trading LLC","3/1"
"EXPAND ENERGY CORPORATION COM","EXE","Citadel Securities LLC","2/1"
"EXPEDIA GROUP INC COM NEW","EXPE","Susquehanna Securities, LLC","3/1"
"EXPEDITORS INTL WASH INC COM","EXPD","Citadel Securities LLC","4/1"
"EXPENSIFY INC COM CL A","EXFY","Citadel Securities LLC","3/1"
"EXPONENT INC COM","EXPO","Wolverine Trading, LLC","3/1"
"EXPRO GROUP HOLDINGS NV COM","XPRO","Susquehanna Securities, LLC","5/1"
"EXTRA SPACE STORAGE INC COM","EXR","Wolverine Trading, LLC","6/1"
"EXTREME NETWORKS COM","EXTR","Citadel Securities LLC","3/1"
"EXXON MOBIL CORP COM","XOM","Susquehanna Securities, LLC","3/1"
"EYENOVIA INC COM","EYEN","Group One Trading LLC","4/1"
"EYEPOINT PHARMACEUTICALS INC COM NEW","EYPT","Group One Trading LLC","4/1"
"EZCORP INC CL A NON VTG","EZPW","Susquehanna Securities, LLC","1/1"
"F N B CORP COM","FNB","Wolverine Trading, LLC","3/1"
"F&G ANNUITIES & LIFE INC COMMON STOCK","FG","Belvedere Trading LLC","1/1"
"F5 INC COM","FFIV","Citadel Securities LLC","3/1"
"FABRINET SHS","FN","Wolverine Trading, LLC","5/1"
"FACTSET RESH SYS INC COM","FDS","Susquehanna Securities, LLC","2/1"
"FAIR ISAAC CORP COM","FICO","Wolverine Trading, LLC","2/1"
"FARADAY FUTURE INTLGT ELEC INC COM NEW CL A","FFIE","Susquehanna Securities, LLC","2/1"
"FARMERS & MERCHANTS BANCORP IN COM","FMAO","Wolverine Trading, LLC","1/1"
"FARMERS NATIONAL BANC CORP COM","FMNB","Wolverine Trading, LLC","3/1"
"FARMLAND PARTNERS INC COM","FPI","Belvedere Trading LLC","2/1"
"FARO TECHNOLOGIES INC COM","FARO","Susquehanna Securities, LLC","6/1"
"FASTENAL CO COM","FAST","Susquehanna Securities, LLC","1/1"
"FASTLY INC CL A","FSLY","Susquehanna Securities, LLC","3/1"
"FATE THERAPEUTICS INC COM","FATE","Susquehanna Securities, LLC","6/1"
"FATHOM HOLDINGS INC COM","FTHM","Group One Trading LLC","4/1"
"FEDERAL AGRIC MTG CORP CL C","AGM","Citadel Securities LLC","3/1"
"FEDERAL RLTY INVT TR NEW SH BEN INT NEW","FRT","Wolverine Trading, LLC","6/1"
"FEDERAL SIGNAL CORP COM","FSS","Wolverine Trading, LLC","2/1"
"FEDERATED HERMES ETF TRUST US STRATEGIC DIV","FDV","Belvedere Trading LLC","5/1"
"FEDERATED HERMES INC CL B","FHI","Group One Trading LLC","4/1"
"FEDEX CORP COM","FDX","Citadel Securities LLC","6/1"
"FENNEC PHARMACEUTICALS INC COM","FENC","Susquehanna Securities, LLC","2/1"
"FERGUSON ENTERPRISES INC COMMON STOCK NEW","FERG","Citadel Securities LLC","3/1"
"FERRARI N V COM","RACE","Citadel Securities LLC","2/1"
"FERROGLOBE PLC SHS","GSM","Susquehanna Securities, LLC","6/1"
"FIBROGEN INC COM","FGEN","Group One Trading LLC","4/1"
"Fidelity Clean Energy ETF","FRNW","Belvedere Trading LLC","6/1"
"Fidelity Cloud Computing ETF","FCLD","Belvedere Trading LLC","5/1"
"FIDELITY COMWLTH TR NASDAQ COMPSIT","ONEQ","Belvedere Trading LLC","5/1"
"FIDELITY COVINGTON TRUST CONSMR STAPLES","FSTA","Belvedere Trading LLC","5/1"
"FIDELITY COVINGTON TRUST CRYPTO IND & DIG","FDIG","Group One Trading LLC","8/1"
"FIDELITY COVINGTON TRUST DISRUPTIVE AUTOM","FBOT","Belvedere Trading LLC","1/1"
"FIDELITY COVINGTON TRUST HIGH DIVID ETF","FDVV","Wolverine Trading, LLC","3/1"
"FIDELITY COVINGTON TRUST INT HG DIV ETF","FIDI","Belvedere Trading LLC","1/1"
"FIDELITY COVINGTON TRUST INT VL FCT ETF","FIVA","Wolverine Trading, LLC","2/1"
"FIDELITY COVINGTON TRUST METAVERSE ETF","FMET","Belvedere Trading LLC","2/1"
"FIDELITY COVINGTON TRUST MOMENTUM FACTR","FDMO","Belvedere Trading LLC","6/1"
"FIDELITY COVINGTON TRUST MSCI COMMNTN SVC","FCOM","Wolverine Trading, LLC","3/1"
"FIDELITY COVINGTON TRUST MSCI CONSM DIS","FDIS","Belvedere Trading LLC","3/1"
"FIDELITY COVINGTON TRUST MSCI ENERGY IDX","FENY","Susquehanna Securities, LLC","6/1"
"FIDELITY COVINGTON TRUST MSCI FINLS IDX","FNCL","Susquehanna Securities, LLC","1/1"
"FIDELITY COVINGTON TRUST MSCI HLTH CARE I","FHLC","Susquehanna Securities, LLC","2/1"
"FIDELITY COVINGTON TRUST MSCI INDL INDX","FIDU","Belvedere Trading LLC","6/1"
"FIDELITY COVINGTON TRUST MSCI INFO TECH I","FTEC","Belvedere Trading LLC","3/1"
"FIDELITY COVINGTON TRUST MSCI MATLS INDEX","FMAT","Belvedere Trading LLC","2/1"
"FIDELITY COVINGTON TRUST MSCI RL EST ETF","FREL","Belvedere Trading LLC","1/1"
"FIDELITY COVINGTON TRUST MSCI UTILS INDEX","FUTY","Belvedere Trading LLC","6/1"
"FIDELITY COVINGTON TRUST QLTY FCTOR ETF","FQAL","Belvedere Trading LLC","3/1"
"FIDELITY COVINGTON TRUST SML MID MLTFCT","FSMD","Belvedere Trading LLC","1/1"
"Fidelity Digital Health ETF","FDHT","Belvedere Trading LLC","2/1"
"FIDELITY MERRIMACK STR TR TOTAL BD ETF","FBND","Belvedere Trading LLC","5/1"
"FIDELITY NATIONAL FINANCIAL IN FNF GROUP COM","FNF","Citadel Securities LLC","3/1"
"FIDELITY NATL INFORMATION SVCS COM","FIS","Morgan Stanley & Co. LLC","1/1"
"Fidelity Wise Origin Bitcoin Fund","FBTC","Citadel Securities LLC","8/1"
"FIDUS INVT CORP COM","FDUS","Group One Trading LLC","3/1"
"FIFTH THIRD BANCORP COM","FITB","Citadel Securities LLC","5/1"
"FIGS INC CL A","FIGS","Susquehanna Securities, LLC","6/1"
"FINANCE OF AMERICA COMPAN CL A NEW","FOA","Group One Trading LLC","4/1"
"FINANCIAL INSTNS INC COM","FISI","Susquehanna Securities, LLC","3/1"
"Financial Select Sector Index S&P 500","SIXM","Susquehanna Securities, LLC","7/1"
"FINGERMOTION INC COM","FNGR","Susquehanna Securities, LLC","2/1"
"FINVOLUTION GROUP SPONSORED ADS","FINV","Wolverine Trading, LLC","3/1"
"FIRST ADVANTAGE CORP NEW COM","FA","Susquehanna Securities, LLC","5/1"
"FIRST AMERN FINL CORP COM","FAF","Citadel Securities LLC","3/1"
"FIRST BANCORP INC ME COM","FNLC","Belvedere Trading LLC","4/1"
"FIRST BANCORP N C COM","FBNC","Wolverine Trading, LLC","3/1"
"FIRST BANCORP P R COM NEW","FBP","Belvedere Trading LLC","2/1"
"FIRST BANCSHARES INC MISS COM","FBMS","Susquehanna Securities, LLC","5/1"
"FIRST BK WILLIAMSTOWN NEW JERS COM","FRBA","Citadel Securities LLC","4/1"
"FIRST CMNTY BANKSHARES INC VA COM","FCBC","Susquehanna Securities, LLC","3/1"
"FIRST COMWLTH FINL CORP PA COM","FCF","Belvedere Trading LLC","1/1"
"FIRST CTZNS BANCSHARES INC N C CL A","FCNCA","Susquehanna Securities, LLC","1/1"
"FIRST FINL BANCORP OH COM","FFBC","Citadel Securities LLC","2/1"
"FIRST FINL BANKSHARES INC COM","FFIN","Wolverine Trading, LLC","3/1"
"FIRST FINL CORP IND COM","THFF","Wolverine Trading, LLC","5/1"
"FIRST FNDTN INC COM","FFWM","Citadel Securities LLC","6/1"
"FIRST HAWAIIAN INC COM","FHB","Susquehanna Securities, LLC","6/1"
"FIRST HORIZON CORPORATION COM","FHN","Citadel Securities LLC","5/1"
"FIRST INDL RLTY TR INC COM","FR","Group One Trading LLC","4/1"
"FIRST INTERNET BANCORP COM","INBK","Citadel Securities LLC","5/1"
"FIRST INTST BANCSYSTEM INC COM","FIBK","Wolverine Trading, LLC","3/1"
"FIRST MAJESTIC SILVER CORP COM","AG","Citadel Securities LLC","4/1"
"FIRST MID ILL BANCSHARES INC COM","FMBH","Citadel Securities LLC","1/1"
"FIRST SOLAR INC COM","FSLR","Susquehanna Securities, LLC","3/1"
"FIRST TR EXCH TRADED FD III PFD SECS INC ETF","FPE","Wolverine Trading, LLC","3/1"
"FIRST TR EXCH TRD ALPHDX FD II CHINA ALPHADEX","FCA","Belvedere Trading LLC","2/1"
"FIRST TR EXCH TRD ALPHDX FD II DEV MRK EX US","FDT","Belvedere Trading LLC","1/1"
"FIRST TR EXCH TRD ALPHDX FD II EM SML CP ALPH","FEMS","Belvedere Trading LLC","6/1"
"FIRST TR EXCH TRD ALPHDX FD II EMERG MKT ALPH","FEM","Wolverine Trading, LLC","8/1"
"FIRST TR EXCH TRD ALPHDX FD II EURO ALPHADEX","FEUZ","Belvedere Trading LLC","2/1"
"FIRST TR EXCH TRD ALPHDX FD II EUROPE ALPHADEX","FEP","Belvedere Trading LLC","7/1"
"FIRST TR EXCH TRD ALPHDX FD II GERMANY ALPHA","FGM","Belvedere Trading LLC","4/1"
"FIRST TR EXCH TRD ALPHDX FD II INDIA NFTY50 EQW","NFTY","Belvedere Trading LLC","2/1"
"FIRST TR EXCH TRD ALPHDX FD II JAPAN ALPHADEX","FJP","Belvedere Trading LLC","5/1"
"FIRST TR EXCH TRD ALPHDX FD II SWITZLND ALPHA","FSZ","Belvedere Trading LLC","1/1"
"FIRST TR EXCHANGE TRAD FD VII FST TR GLB FD","FTGC","Belvedere Trading LLC","1/1"
"FIRST TR EXCHANGE TRADED FD II CLOUD COMPUTING","SKYY","Susquehanna Securities, LLC","7/1"
"FIRST TR EXCHANGE TRADED FD II CONSUMR DISCRE","FXD","Susquehanna Securities, LLC","7/1"
"FIRST TR EXCHANGE TRADED FD II CONSUMR STAPLE","FXG","Susquehanna Securities, LLC","7/1"
"FIRST TR EXCHANGE TRADED FD II DJ INTL INTRNT","FDNI","Wolverine Trading, LLC","3/1"
"FIRST TR EXCHANGE TRADED FD II ENERGY ALPHADX","FXN","Susquehanna Securities, LLC","7/1"
"FIRST TR EXCHANGE TRADED FD II HLTH CARE ALPH","FXH","Susquehanna Securities, LLC","7/1"
"FIRST TR EXCHANGE TRADED FD II INDLS PROD DUR","FXR","Susquehanna Securities, LLC","7/1"
"FIRST TR EXCHANGE TRADED FD II INDXX GLOBAL AGR","FTAG","Wolverine Trading, LLC","4/1"
"FIRST TR EXCHANGE TRADED FD II MATERIALS ALPH","FXZ","Susquehanna Securities, LLC","7/1"
"FIRST TR EXCHANGE TRADED FD II NASDAQ CYB ETF","CIBR","Belvedere Trading LLC","3/1"
"FIRST TR EXCHANGE TRADED FD II TECH ALPHADEX","FXL","Susquehanna Securities, LLC","7/1"
"FIRST TR EXCHANGE TRADED FD II UTILITIES ALPH","FXU","Susquehanna Securities, LLC","7/1"
"FIRST TR EXCHANGE-TRADED FD CAP STRENGTH ETF","FTCS","Belvedere Trading LLC","2/1"
"FIRST TR EXCHANGE-TRADED FD DJ INTERNT IDX","FDN","Belvedere Trading LLC","2/1"
"FIRST TR EXCHANGE-TRADED FD II GBL WND ENRG ETF","FAN","Wolverine Trading, LLC","3/1"
"FIRST TR EXCHANGE-TRADED FD INDXX AEROSPACE","MISL","Belvedere Trading LLC","5/1"
"FIRST TR EXCHANGE-TRADED FD IV FIRST TR ENH NEW","FTSM","Belvedere Trading LLC","3/1"
"FIRST TR EXCHANGE-TRADED FD IV FST LOW OPPT EFT","LMBS","Wolverine Trading, LLC","3/1"
"FIRST TR EXCHANGE-TRADED FD NAS CLNEDG GREEN","QCLN","Belvedere Trading LLC","5/1"
"FIRST TR EXCHANGE-TRADED FD NAT GAS ETF","FCG","Citadel Securities LLC","5/1"
"FIRST TR EXCHANGE-TRADED FD NY ARCA BIOTECH","FBT","Belvedere Trading LLC","3/1"
"FIRST TR EXCHANGE-TRADED FD US EQTY OPPT ETF","FPX","Belvedere Trading LLC","3/1"
"FIRST TR EXCHANGE-TRADED FD VI DORSEY WRT 5 ETF","FV","Belvedere Trading LLC","6/1"
"FIRST TR EXCHANGE-TRADED FD VI NASD TECH DIV","TDIV","Belvedere Trading LLC","5/1"
"FIRST TR EXCHANGE-TRADED FD VI NASDAQ BUYWRITE","FTQI","Belvedere Trading LLC","5/1"
"FIRST TR EXCHANGE-TRADED FD VI NASDQ ARTFCIAL","ROBT","Belvedere Trading LLC","5/1"
"FIRST TR EXCHANGE-TRADED FD VI SMID RISNG ETF","SDVY","Citadel Securities LLC","5/1"
"FIRST TR EXCHNG TRADED FD VIII SKYBRIDGE CRYPTO","CRPT","Wolverine Trading, LLC","8/1"
"FIRST TR EXCHNG TRADED FD VIII TCW OPPORTUNIS","FIXD","Belvedere Trading LLC","6/1"
"FIRST TR LRGE CP CORE ALPHA FD COM SHS","FEX","Belvedere Trading LLC","5/1"
"FIRST TR MORNINGSTAR DIVID LEA SHS","FDL","Belvedere Trading LLC","1/1"
"FIRST TR NAS100 EQ WEIGHTED IX SHS","QQEW","Susquehanna Securities, LLC","7/1"
"FIRST TR NASDAQ 100 TECH INDX SHS","QTEC","Susquehanna Securities, LLC","7/1"
"FIRST TR NASDAQ ABA CMNTY BK I UT COM SHS ETF","QABA","Belvedere Trading LLC","5/1"
"FIRST TR S&P REIT INDEX FD COM","FRI","Belvedere Trading LLC","3/1"
"FIRST TR VALUE LINE DIVID INDE SHS","FVD","Belvedere Trading LLC","3/1"
"FIRST TRUST LRGCP GWT ALPHADEX COM SHS","FTC","Wolverine Trading, LLC","7/1"
"FIRST WATCH RESTAURANT GROUP I COM","FWRG","Wolverine Trading, LLC","3/1"
"FIRSTCASH HOLDINGS INC COM","FCFS","Citadel Securities LLC","2/1"
"FIRSTENERGY CORP COM","FE","Citadel Securities LLC","5/1"
"FIRSTSERVICE CORP NEW COM","FSV","Group One Trading LLC","4/1"
"FISCALNOTE HOLDINGS INC COM CL A","NOTE","Group One Trading LLC","4/1"
"FISERV INC COM","FI","Jane Street Options, LLC","6/1"
"FIVE BELOW INC COM","FIVE","Susquehanna Securities, LLC","2/1"
"FIVE STAR BANCORP COM","FSBC","Wolverine Trading, LLC","2/1"
"FIVE9 INC COM","FIVN","Citadel Securities LLC","3/1"
"FIVERR INTL LTD ORD SHS","FVRR","Group One Trading LLC","4/1"
"FLAGSTAR FINANCIAL INC COM NEW","FLG","Susquehanna Securities, LLC","2/1"
"FLEX LNG LTD SHS","FLNG","Susquehanna Securities, LLC","2/1"
"FLEX LTD ORD","FLEX","Susquehanna Securities, LLC","3/1"
"FLEXSHARES TR INTL QLTDV IDX","IQDF","Wolverine Trading, LLC","3/1"
"FLEXSHARES TR MORNSTAR UPSTR","GUNR","Belvedere Trading LLC","4/1"
"FLEXSHARES TR QLT DIV DEF IDX","QDEF","Belvedere Trading LLC","6/1"
"FLOOR & DECOR HLDGS INC CL A","FND","Citadel Securities LLC","5/1"
"FLOTEK INDS INC DEL COM NEW","FTK","Citadel Securities LLC","6/1"
"FLOWERS FOODS INC COM","FLO","Citadel Securities LLC","3/1"
"FLOWSERVE CORP COM","FLS","Citadel Securities LLC","1/1"
"FLUENCE ENERGY INC COM CL A","FLNC","Citadel Securities LLC","6/1"
"FLUOR CORP NEW COM","FLR","Wolverine Trading, LLC","5/1"
"FLUTTER ENTMT PLC SHS","FLUT","Citadel Securities LLC","1/1"
"FLUX PWR HLDGS INC COM NEW","FLUX","Wolverine Trading, LLC","3/1"
"FLYWIRE CORPORATION COM VTG","FLYW","Belvedere Trading LLC","2/1"
"FMC CORP COM NEW","FMC","Wolverine Trading, LLC","3/1"
"FOCUS UNVL INC COM","FCUV","Belvedere Trading LLC","6/1"
"FOGHORN THERAPEUTICS INC COM","FHTX","Susquehanna Securities, LLC","6/1"
"FOMENTO ECONOMICO MEXICANO SAB SPON ADR UNITS","FMX","Wolverine Trading, LLC","3/1"
"FOOT LOCKER INC COM","FL","Susquehanna Securities, LLC","2/1"
"FORD MTR CO COM","F","Optiver US LLC","6/1"
"FORESIGHT AUTONOMOUS HLDGS LTD SPONSORED ADR","FRSX","Susquehanna Securities, LLC","3/1"
"FORESTAR GROUP INC COM","FOR","Citadel Securities LLC","1/1"
"FORGE GLOBAL HOLDINGS INC COM","FRGE","Susquehanna Securities, LLC","1/1"
"FORMFACTOR INC COM","FORM","Susquehanna Securities, LLC","1/1"
"FORRESTER RESH INC COM","FORR","Susquehanna Securities, LLC","5/1"
"FORTE BIOSCIENCES INC COM NEW","FBRX","Wolverine Trading, LLC","3/1"
"FORTINET INC COM","FTNT","Citadel Securities LLC","4/1"
"FORTIS INC COM","FTS","Wolverine Trading, LLC","3/1"
"FORTIVE CORP COM","FTV","Susquehanna Securities, LLC","5/1"
"FORTREA HLDGS INC COMMON STOCK","FTRE","Susquehanna Securities, LLC","1/1"
"FORTRESS BIOTECH INC COM NEW","FBIO","Wolverine Trading, LLC","3/1"
"FORTUNA MNG CORP COM NEW","FSM","Group One Trading LLC","4/1"
"FORTUNE BRANDS INNOVATIONS INC COM","FBIN","Morgan Stanley & Co. LLC","1/1"
"FORUM ENERGY TECHNOLOGIES INC COM","FET","Citadel Securities LLC","6/1"
"FORWARD AIR CORP COM","FWRD","Wolverine Trading, LLC","3/1"
"FOSSIL GROUP INC COM","FOSL","Morgan Stanley & Co. LLC","4/1"
"FOSTER L B CO COM","FSTR","Belvedere Trading LLC","1/1"
"FOX CORP CL A COM","FOXA","Susquehanna Securities, LLC","3/1"
"FOX CORP CL B COM","FOX","Wolverine Trading, LLC","3/1"
"FOX FACTORY HLDG CORP COM","FOXF","Wolverine Trading, LLC","3/1"
"FRANCO NEV CORP COM","FNV","Wolverine Trading, LLC","2/1"
"FRANKLIN BSP RLTY TR INC COMMON STOCK","FBRT","Morgan Stanley & Co. LLC","1/1"
"FRANKLIN ELEC INC COM","FELE","Citadel Securities LLC","1/1"
"Franklin Genomic Advancements ETF","HELX","Belvedere Trading LLC","5/1"
"FRANKLIN RESOURCES INC COM","BEN","Belvedere Trading LLC","2/1"
"FRANKLIN STR PPTYS CORP COM","FSP","Citadel Securities LLC","2/1"
"FRANKLIN TEMPLETON ETF TR FRANKLIN ASIA","FLAX","Belvedere Trading LLC","2/1"
"FRANKLIN TEMPLETON ETF TR FTSE JAPAN ETF","FLJP","Citadel Securities LLC","6/1"
"FRANKLIN TEMPLETON ETF TR FTSE JAPAN HDG","FLJH","Wolverine Trading, LLC","4/1"
"FRANKLIN TEMPLETON ETF TR FTSE MEXICO","FLMX","Wolverine Trading, LLC","6/1"
"Franklin U.S. Large Cap Multifactor Index ETF","FLQL","Belvedere Trading LLC","5/1"
"Freedom 100 Emerging Markets ETF","FRDM","Belvedere Trading LLC","1/1"
"FREEDOM HLDG CORP NEV COM","FRHC","Susquehanna Securities, LLC","6/1"
"FREEPORT-MCMORAN INC CL B","FCX","Citadel Securities LLC","6/1"
"FREIGHTCAR AMER INC COM","RAIL","Susquehanna Securities, LLC","5/1"
"FRESENIUS MEDICAL CARE AG SPONSORED ADR","FMS","Wolverine Trading, LLC","2/1"
"FRESH DEL MONTE PRODUCE INC ORD","FDP","Citadel Securities LLC","2/1"
"FRESHPET INC COM","FRPT","Citadel Securities LLC","4/1"
"FRESHWORKS INC CLASS A COM","FRSH","Susquehanna Securities, LLC","3/1"
"FREYR BATTERY INC COM NEW","FREY","Susquehanna Securities, LLC","3/1"
"FRONTDOOR INC COM","FTDR","Wolverine Trading, LLC","3/1"
"FRONTIER COMMUNICATIONS PARENT COM","FYBR","Wolverine Trading, LLC","3/1"
"FRONTIER GROUP HLDGS INC COM","ULCC","Citadel Securities LLC","6/1"
"FRONTLINE PLC COM","FRO","Susquehanna Securities, LLC","2/1"
"FS KKR CAP CORP COM","FSK","Citadel Securities LLC","3/1"
"FT Vest Gold Strategy Target Income ETF","IGLD","Belvedere Trading LLC","8/1"
"FT Vest Rising Dividend Achievers Target Income ETF","RDVI","Citadel Securities LLC","6/1"
"FTAI AVIATION LTD SHS","FTAI","Susquehanna Securities, LLC","4/1"
"FTC SOLAR INC COM NEW","FTCI","Group One Trading LLC","4/1"
"FTI CONSULTING INC COM","FCN","Wolverine Trading, LLC","1/1"
"FUBOTV INC COM","FUBO","Susquehanna Securities, LLC","2/1"
"FUEL TECH INC COM","FTEK","Wolverine Trading, LLC","3/1"
"FUELCELL ENERGY INC COM NEW","FCEL","Group One Trading LLC","4/1"
"FULCRUM THERAPEUTICS INC COM","FULC","Susquehanna Securities, LLC","1/1"
"FULGENT GENETICS INC COM","FLGT","Wolverine Trading, LLC","3/1"
"FULL HSE RESORTS INC COM","FLL","Morgan Stanley & Co. LLC","1/1"
"FULL TRUCK ALLIANCE CO LTD SPONSORED ADS","YMM","Citadel Securities LLC","6/1"
"FULLER H B CO COM","FUL","Citadel Securities LLC","4/1"
"FULTON FINL CORP PA COM","FULT","Wolverine Trading, LLC","3/1"
"FUNDAMENTAL GLOBAL INC COM NEW","FGF","Wolverine Trading, LLC","6/1"
"FUNKO INC COM CL A","FNKO","Susquehanna Securities, LLC","5/1"
"FUSION FUEL GREEN PLC CL A","HTOO","Wolverine Trading, LLC","3/1"
"FUTU HLDGS LTD SPON ADS CL A","FUTU","Susquehanna Securities, LLC","3/1"
"FUTURE FINTECH GROUP INC COM NEW","FTFT","Citadel Securities LLC","3/1"
"FUTUREFUEL CORP COM","FF","Susquehanna Securities, LLC","4/1"
"FVCBANKCORP INC COM","FVCB","Belvedere Trading LLC","1/1"
"G III APPAREL GROUP LTD COM","GIII","Wolverine Trading, LLC","3/1"
"GAIA INC NEW CL A","GAIA","Wolverine Trading, LLC","3/1"
"GAIN THERAPEUTICS INC COM","GANX","Group One Trading LLC","3/1"
"GALAPAGOS NV SPON ADR","GLPG","Susquehanna Securities, LLC","3/1"
"GALECTIN THERAPEUTICS INC COM NEW","GALT","Citadel Securities LLC","5/1"
"GALECTO INC COM NEW","GLTO","Citadel Securities LLC","1/1"
"GALIANO GOLD INC COM","GAU","Wolverine Trading, LLC","3/1"
"GALLAGHER ARTHUR J & CO COM","AJG","Wolverine Trading, LLC","3/1"
"GAMBLING COM GROUP LIMITED ORDINARY SHARES","GAMB","Belvedere Trading LLC","2/1"
"GAMESTOP CORP NEW CL A","GME","Wolverine Trading, LLC","3/1"
"GAMING & LEISURE PPTYS INC COM","GLPI","Citadel Securities LLC","1/1"
"GAN LTD SHS","GAN","Citadel Securities LLC","3/1"
"GANNETT CO INC COM","GCI","Belvedere Trading LLC","1/1"
"GAOTU TECHEDU INC SPONSORED ADS","GOTU","Susquehanna Securities, LLC","1/1"
"GAP INC COM","GAP","Susquehanna Securities, LLC","3/1"
"GARMIN LTD SHS","GRMN","Citadel Securities LLC","3/1"
"GARRETT MOTION INC COM","GTX","Susquehanna Securities, LLC","1/1"
"GARTNER INC COM","IT","Wolverine Trading, LLC","1/1"
"GATES INDL CORP PLC ORD SHS","GTES","Group One Trading LLC","4/1"
"GATX CORP COM","GATX","Citadel Securities LLC","1/1"
"GCM GROSVENOR INC COM CL A","GCMG","Citadel Securities LLC","5/1"
"GDS HLDGS LTD SPONSORED ADS","GDS","Wolverine Trading, LLC","3/1"
"GE AEROSPACE COM NEW","GE","Susquehanna Securities, LLC","2/1"
"GE HEALTHCARE TECHNOLOGIES INC COMMON STOCK","GEHC","Group One Trading LLC","3/1"
"GE VERNOVA INC COM","GEV","Wolverine Trading, LLC","1/1"
"GEN DIGITAL INC COM","GEN","Susquehanna Securities, LLC","4/1"
"GENASYS INC COM","GNSS","Wolverine Trading, LLC","4/1"
"GENCO SHIPPING & TRADING LTD SHS","GNK","Wolverine Trading, LLC","3/1"
"GENCOR INDS INC COM","GENC","Belvedere Trading LLC","6/1"
"GENEDX HOLDINGS CORP COM CL A","WGS","Wolverine Trading, LLC","3/1"
"GENERAC HLDGS INC COM","GNRC","Wolverine Trading, LLC","6/1"
"GENERAL DYNAMICS CORP COM","GD","Susquehanna Securities, LLC","3/1"
"GENERAL MLS INC COM","GIS","Citadel Securities LLC","6/1"
"GENERAL MTRS CO COM","GM","Morgan Stanley & Co. LLC","1/1"
"GENERATION BIO CO COM","GBIO","Group One Trading LLC","4/1"
"GENESCO INC COM","GCO","Citadel Securities LLC","1/1"
"GENESIS ENERGY L P UNIT LTD PARTN","GEL","Susquehanna Securities, LLC","6/1"
"GENIE ENERGY LTD CL B","GNE","Susquehanna Securities, LLC","6/1"
"GENIUS SPORTS LIMITED SHARES CL A","GENI","Belvedere Trading LLC","6/1"
"GENPACT LIMITED SHS","G","Group One Trading LLC","5/1"
"GENTEX CORP COM","GNTX","Morgan Stanley & Co. LLC","4/1"
"GENTHERM INC COM","THRM","Wolverine Trading, LLC","3/1"
"GENUINE PARTS CO COM","GPC","Morgan Stanley & Co. LLC","1/1"
"GENWORTH FINL INC COM SHS","GNW","Wolverine Trading, LLC","1/1"
"GEO GROUP INC NEW COM","GEO","Susquehanna Securities, LLC","1/1"
"GEOPARK LTD USD SHS","GPRK","Susquehanna Securities, LLC","2/1"
"GEOSPACE TECHNOLOGIES CORP COM","GEOS","Susquehanna Securities, LLC","3/1"
"GERDAU SA SPON ADR REP PFD","GGB","Group One Trading LLC","4/1"
"GERON CORP COM","GERN","Susquehanna Securities, LLC","1/1"
"GETTY IMAGES HOLDINGS INC CL A COM","GETY","Susquehanna Securities, LLC","1/1"
"GETTY RLTY CORP NEW COM","GTY","Belvedere Trading LLC","6/1"
"GEVO INC COM PAR","GEVO","Susquehanna Securities, LLC","3/1"
"GFL ENVIRONMENTAL INC SUB VTG SHS","GFL","Group One Trading LLC","4/1"
"GH RESEARCH PLC ORDINARY SHARES","GHRS","Group One Trading LLC","1/1"
"GIBRALTAR INDS INC COM","ROCK","Belvedere Trading LLC","6/1"
"GIGACLOUD TECHNOLOGY INC CLASS A ORD","GCT","Citadel Securities LLC","1/1"
"GILAT SATELLITE NETWORKS LTD SHS NEW","GILT","Belvedere Trading LLC","1/1"
"GILDAN ACTIVEWEAR INC COM","GIL","Susquehanna Securities, LLC","3/1"
"GILEAD SCIENCES INC COM","GILD","IMC-Chicago, LLC dba IMC Financial Markets","2/1"
"GINKGO BIOWORKS HOLDINGS INC CL A NEW","DNA","Group One Trading LLC","4/1"
"GITLAB INC CLASS A COM","GTLB","Citadel Securities LLC","5/1"
"GLACIER BANCORP INC NEW COM","GBCI","Wolverine Trading, LLC","3/1"
"GLADSTONE CAPITAL CORP COM NEW","GLAD","Susquehanna Securities, LLC","3/1"
"GLADSTONE COMMERCIAL CORP COM","GOOD","Wolverine Trading, LLC","2/1"
"GLADSTONE INVT CORP COM","GAIN","Wolverine Trading, LLC","6/1"
"GLADSTONE LD CORP COM","LAND","Wolverine Trading, LLC","3/1"
"GLAUKOS CORP COM","GKOS","Citadel Securities LLC","1/1"
"GLIMPSE GROUP INC COM","VRAR","Citadel Securities LLC","3/1"
"GLOBAL BLUE GROUP HOLDING AG ORD SHS","GB","Citadel Securities LLC","3/1"
"GLOBAL BUSINESS TRAVEL GROUP COM CL A","GBTG","Wolverine Trading, LLC","3/1"
"GLOBAL E ONLINE LTD SHS","GLBE","Susquehanna Securities, LLC","5/1"
"GLOBAL INDUSTRIAL COMPANY COM","GIC","Group One Trading LLC","4/1"
"GLOBAL MED REIT INC COM NEW","GMRE","Susquehanna Securities, LLC","6/1"
"GLOBAL NET LEASE INC COM NEW","GNL","Group One Trading LLC","4/1"
"GLOBAL PARTNERS LP COM UNITS","GLP","Morgan Stanley & Co. LLC","1/1"
"GLOBAL PMTS INC COM","GPN","Wolverine Trading, LLC","1/1"
"GLOBAL SHIP LEASE INC NEW COM CL A","GSL","Wolverine Trading, LLC","3/1"
"GLOBAL WTR RES INC COM","GWRS","Group One Trading LLC","4/1"
"GLOBAL X FDS AGING POPULATION","AGNG","Belvedere Trading LLC","3/1"
"GLOBAL X FDS ARTIFICIAL ETF","AIQ","Belvedere Trading LLC","1/1"
"GLOBAL X FDS AUTONMOUS EV ETF","DRIV","Susquehanna Securities, LLC","1/1"
"GLOBAL X FDS BLOCKCHAIN & BIT","BITS","Citadel Securities LLC","5/1"
"GLOBAL X FDS CLEAN WTR ETF","AQWA","Belvedere Trading LLC","1/1"
"GLOBAL X FDS CLEANTECH ETF","CTEC","Belvedere Trading LLC","2/1"
"GLOBAL X FDS CLOUD COMPUTNG","CLOU","Belvedere Trading LLC","2/1"
"GLOBAL X FDS CONSCIOUS COS","KRMA","Wolverine Trading, LLC","3/1"
"GLOBAL X FDS CYBRSCURTY ETF","BUG","Belvedere Trading LLC","3/1"
"GLOBAL X FDS DOW 30 COVERED C","DJIA","Belvedere Trading LLC","4/1"
"GLOBAL X FDS E COMMERCE ETF","EBIZ","Belvedere Trading LLC","2/1"
"GLOBAL X FDS FINANCIALS COVRD","FYLG","Belvedere Trading LLC","4/1"
"GLOBAL X FDS FINTECH ETF","FINX","Belvedere Trading LLC","5/1"
"GLOBAL X FDS GB MSCI AR ETF","ARGT","Susquehanna Securities, LLC","7/1"
"GLOBAL X FDS GBL X FTSE ETF","ASEA","Wolverine Trading, LLC","3/1"
"GLOBAL X FDS GBL X HYDROGEN","HYDR","Belvedere Trading LLC","1/1"
"GLOBAL X FDS GENOMIC BIOTECH","GNOM","Belvedere Trading LLC","1/1"
"GLOBAL X FDS GLB X GURU INDEX","GURU","Belvedere Trading LLC","7/1"
"GLOBAL X FDS GLB X MLP ENRG I","MLPX","Susquehanna Securities, LLC","7/1"
"GLOBAL X FDS GLBL X MLP ETF","MLPA","Group One Trading LLC","4/1"
"GLOBAL X FDS GLBX MSCI COLUM","GXG","Susquehanna Securities, LLC","7/1"
"GLOBAL X FDS GLOBAL X AGTECH","KROP","Wolverine Trading, LLC","3/1"
"GLOBAL X FDS GLOBAL X COPPER","COPX","Citadel Securities LLC","3/1"
"GLOBAL X FDS GLOBAL X DOW 30","DYLG","Belvedere Trading LLC","6/1"
"GLOBAL X FDS GLOBAL X GOLD EX","GOEX","Belvedere Trading LLC","2/1"
"GLOBAL X FDS GLOBAL X SILVER","SIL","Citadel Securities LLC","1/1"
"GLOBAL X FDS GLOBAL X URANIUM","URA","Citadel Securities LLC","2/1"
"GLOBAL X FDS GLOBX SUPDV US","DIV","Wolverine Trading, LLC","3/1"
"GLOBAL X FDS HEALTH CARE COVR","HYLG","Belvedere Trading LLC","6/1"
"GLOBAL X FDS INFORMATION TEC","TYLG","Belvedere Trading LLC","1/1"
"GLOBAL X FDS LITHIUM BTRY ETF","LIT","Belvedere Trading LLC","6/1"
"GLOBAL X FDS MILLENNIAL CONSU","MILN","Belvedere Trading LLC","6/1"
"GLOBAL X FDS MSCI CHINA CNSMR","CHIQ","Susquehanna Securities, LLC","7/1"
"GLOBAL X FDS MSCI GREECE ETF","GREK","Susquehanna Securities, LLC","7/1"
"GLOBAL X FDS MSCI SUPR EM ETF","SDEM","Wolverine Trading, LLC","3/1"
"GLOBAL X FDS NASDAQ 100 COVER","QYLD","Wolverine Trading, LLC","3/1"
"GLOBAL X FDS NASDAQ 100 ESG","QYLE","Belvedere Trading LLC","6/1"
"GLOBAL X FDS NASDAQ 100 RIS","QRMI","Belvedere Trading LLC","1/1"
"GLOBAL X FDS NASDQ 100 CVRDGW","QYLG","Group One Trading LLC","4/1"
"GLOBAL X FDS PROPTECH ETF","PTEC","Belvedere Trading LLC","5/1"
"GLOBAL X FDS RATE PREFERRED","PFFV","Group One Trading LLC","4/1"
"GLOBAL X FDS RBTCS ARTFL INTE","BOTZ","Belvedere Trading LLC","1/1"
"GLOBAL X FDS RUSSELL 2000","RYLD","Group One Trading LLC","4/1"
"GLOBAL X FDS RUSSELL 2000 COV","RYLG","Belvedere Trading LLC","4/1"
"GLOBAL X FDS S&P 500 CATHOLIC","CATH","Belvedere Trading LLC","3/1"
"GLOBAL X FDS S&P 500 COVERED","XYLD","Wolverine Trading, LLC","3/1"
"GLOBAL X FDS S&P 500 COVERED","XYLG","Belvedere Trading LLC","6/1"
"GLOBAL X FDS S&P 500 QLT ETF","QDIV","Belvedere Trading LLC","3/1"
"GLOBAL X FDS S&P 500 RISK","XRMI","Belvedere Trading LLC","3/1"
"GLOBAL X FDS SOCIAL MED ETF","SOCL","Susquehanna Securities, LLC","7/1"
"GLOBAL X FDS SUPERDIVIDEND","SDIV","Susquehanna Securities, LLC","7/1"
"GLOBAL X FDS TELMDC&DIG ETF","EDOC","Belvedere Trading LLC","6/1"
"GLOBAL X FDS THMATC GWT ETF","GXTG","Wolverine Trading, LLC","3/1"
"GLOBAL X FDS US CASH FLOW","FLOW","Belvedere Trading LLC","4/1"
"GLOBAL X FDS US PFD ETF","PFFD","Wolverine Trading, LLC","3/1"
"GLOBAL X FDS VDEO GAM ESPRT","HERO","Belvedere Trading LLC","4/1"
"GLOBAL X FDS WIND ENERGY ETF","WNDY","Group One Trading LLC","4/1"
"GLOBAL X FDS X EMERGING MKT","EMBD","Belvedere Trading LLC","2/1"
"Global X U.S. Infrastructure Development ETF","PAVE","Belvedere Trading LLC","5/1"
"GLOBALFOUNDRIES INC ORDINARY SHARES","GFS","Susquehanna Securities, LLC","5/1"
"GLOBALSTAR INC COM","GSAT","Citadel Securities LLC","4/1"
"GLOBANT S A COM","GLOB","Group One Trading LLC","4/1"
"GLOBE LIFE INC COM","GL","Wolverine Trading, LLC","1/1"
"GLOBUS MARITIME LIMITED NEW COM NEW","GLBS","Group One Trading LLC","4/1"
"GLOBUS MED INC CL A","GMED","Citadel Securities LLC","5/1"
"GLYCOMIMETICS INC COM","GLYC","Susquehanna Securities, LLC","3/1"
"GMS INC COM","GMS","Wolverine Trading, LLC","3/1"
"GODADDY INC CL A","GDDY","Morgan Stanley & Co. LLC","1/1"
"GOGO INC COM","GOGO","Morgan Stanley & Co. LLC","4/1"
"GOGORO INC ORDINARY SHARES","GGR","Wolverine Trading, LLC","3/1"
"GOLAR LNG LTD SHS","GLNG","Group One Trading LLC","4/1"
"GOLD FIELDS LTD SPONSORED ADR","GFI","Susquehanna Securities, LLC","6/1"
"GOLD RESOURCE CORP COM","GORO","Wolverine Trading, LLC","6/1"
"GOLD ROYALTY CORP COMMON SHARES","GROY","Citadel Securities LLC","1/1"
"GOLDEN ENTMT INC COM","GDEN","Wolverine Trading, LLC","3/1"
"GOLDEN MATRIX GROUP INC COM","GMGI","Belvedere Trading LLC","2/1"
"GOLDEN OCEAN GROUP LTD SHS NEW","GOGL","Morgan Stanley & Co. LLC","4/1"
"Goldman Sachs ActiveBeta World Low Vol Plus Equity ETF","GLOV","Wolverine Trading, LLC","3/1"
"GOLDMAN SACHS BDC INC SHS","GSBD","Citadel Securities LLC","2/1"
"Goldman Sachs Equal Weight U.S. Large Cap Equity ETF","GSEW","Belvedere Trading LLC","6/1"
"GOLDMAN SACHS ETF TR ACCES TREASURY","GBIL","Belvedere Trading LLC","6/1"
"GOLDMAN SACHS ETF TR ACCESS HIG YLD","GHYB","Belvedere Trading LLC","4/1"
"GOLDMAN SACHS ETF TR ACCESS INVT GR","GIGB","Wolverine Trading, LLC","3/1"
"GOLDMAN SACHS ETF TR ACCESS US AGRAT","GCOR","Belvedere Trading LLC","5/1"
"GOLDMAN SACHS ETF TR ACTIVEBETA EME","GEM","Belvedere Trading LLC","5/1"
"GOLDMAN SACHS ETF TR ACTIVEBETA INT","GSIE","Belvedere Trading LLC","3/1"
"GOLDMAN SACHS ETF TR ACTIVEBETA US LG","GSLC","Citadel Securities LLC","2/1"
"GOLDMAN SACHS ETF TR HEDGE IND ETF","GVIP","Belvedere Trading LLC","3/1"
"GOLDMAN SACHS ETF TR INNOVAT EQ ETF","GINN","Group One Trading LLC","4/1"
"GOLDMAN SACHS ETF TR JUST US LRG CP","JUST","Belvedere Trading LLC","5/1"
"GOLDMAN SACHS ETF TR NASDAQ 100 CORE","GPIQ","Belvedere Trading LLC","6/1"
"GOLDMAN SACHS ETF TR S&P 500 CORE PRE","GPIX","Belvedere Trading LLC","2/1"
"GOLDMAN SACHS GROUP INC COM","GS","Susquehanna Securities, LLC","1/1"
"Goldman Sachs Physical Gold ETF Shares","AAAU","","16/1"
"GOLUB CAP BDC INC COM","GBDC","Wolverine Trading, LLC","3/1"
"GOODRX HLDGS INC COM CL A","GDRX","Susquehanna Securities, LLC","6/1"
"GOODYEAR TIRE & RUBR CO COM","GT","Susquehanna Securities, LLC","3/1"
"GOOSEHEAD INS INC COM CL A","GSHD","Citadel Securities LLC","4/1"
"GOPRO INC CL A","GPRO","Citadel Securities LLC","4/1"
"GORILLA TECHNOLOGY GROUP INC SHS NEW","GRRR","Susquehanna Securities, LLC","6/1"
"GORMAN RUPP CO COM","GRC","Wolverine Trading, LLC","6/1"
"GOSSAMER BIO INC COM","GOSS","Citadel Securities LLC","4/1"
"GRAB HOLDINGS LIMITED CLASS A ORD","GRAB","Citadel Securities LLC","3/1"
"GRACO INC COM","GGG","Wolverine Trading, LLC","3/1"
"GRAFTECH INTL LTD COM","EAF","Susquehanna Securities, LLC","6/1"
"GRAHAM CORP COM","GHM","Belvedere Trading LLC","3/1"
"GRAINGER W W INC COM","GWW","Citadel Securities LLC","6/1"
"GRAN TIERRA ENERGY INC COM","GTE","Group One Trading LLC","4/1"
"GRAND CANYON ED INC COM","LOPE","Wolverine Trading, LLC","2/1"
"GRANITE CONSTR INC COM","GVA","Citadel Securities LLC","3/1"
"GRANITE PT MTG TR INC COM STK","GPMT","Wolverine Trading, LLC","3/1"
"GRANITE RIDGE RESOURCES INC COM","GRNT","Morgan Stanley & Co. LLC","6/1"
"GRANITESHARES ETF TR 1.25X LNG TESLA","TSL","Wolverine Trading, LLC","5/1"
"GRANITESHARES ETF TR 1X SHORT AMD DLY","AMDS","Belvedere Trading LLC","1/1"
"GRANITESHARES ETF TR 1X SHORT COIN","CONI","Belvedere Trading LLC","2/1"
"GRANITESHARES ETF TR 2X LONG AAPL DAI","AAPB","Wolverine Trading, LLC","3/1"
"GRANITESHARES ETF TR 2X LONG COIN DAI","CONL","Wolverine Trading, LLC","1/1"
"GRANITESHARES ETF TR 2X LONG CRWD DAI","CRWL","Belvedere Trading LLC","2/1"
"GRANITESHARES ETF TR 2X LONG META DAI","FBL","Belvedere Trading LLC","3/1"
"GRANITESHARES ETF TR 2X LONG NVDA DAI","NVDL","Citadel Securities LLC","4/1"
"GRANITESHARES ETF TR 2X LONG PLTR","PTIR","Citadel Securities LLC","6/1"
"GRANITESHARES ETF TR 2X LONG TSLA DAI","TSLR","Belvedere Trading LLC","2/1"
"GRANITESHARES ETF TR 2X LONG UBER","UBRL","IMC-Chicago, LLC dba IMC Financial Markets","2/1"
"GRANITESHARES ETF TR 2X SHORT NVDA DA","NVD","Wolverine Trading, LLC","5/1"
"GRANITESHARES ETF TR BBG COMMD K 1","COMB","Belvedere Trading LLC","2/1"
"GRANITESHARES ETF TR GANITESHARES 2X","MSFL","Belvedere Trading LLC","3/1"
"GRANITESHARES ETF TR GRANITE 2X LONG","AMDL","Belvedere Trading LLC","2/1"
"GRANITESHARES ETF TR GRANITESHARES 2X","AMZZ","Belvedere Trading LLC","3/1"
"GRANITESHARES ETF TR HIPS US HIGH INC","HIPS","IMC-Chicago, LLC dba IMC Financial Markets","6/1"
"GRANITESHARES ETF TR NASDAQ SELECT DI","DRUP","Belvedere Trading LLC","6/1"
"GRAPHIC PACKAGING HLDG CO COM","GPK","Wolverine Trading, LLC","3/1"
"GRAY MEDIA INC COM","GTN","Wolverine Trading, LLC","3/1"
"GRAYSCALE BITCOIN MINI TR ETF SHS NEW","BTC","Susquehanna Securities, LLC","8/1"
"GRAYSCALE BITCOIN TRUST ETF SHS REP COM UT","GBTC","IMC-Chicago, LLC dba IMC Financial Markets","8/1"
"GREAT LAKES DREDGE & DOCK CORP COM","GLDD","Group One Trading LLC","3/1"
"GREAT SOUTHN BANCORP INC COM","GSBC","Wolverine Trading, LLC","6/1"
"GREEN BRICK PARTNERS INC COM","GRBK","Susquehanna Securities, LLC","6/1"
"GREEN DOT CORP CL A","GDOT","Morgan Stanley & Co. LLC","3/1"
"GREEN PLAINS INC COM","GPRE","Wolverine Trading, LLC","1/1"
"GREENBRIER COS INC COM","GBX","Morgan Stanley & Co. LLC","4/1"
"GREENLIGHT CAPITAL RE LTD CLASS A","GLRE","Belvedere Trading LLC","1/1"
"GREENPOWER MTR CO INC COM NEW","GP","Wolverine Trading, LLC","3/1"
"GREIF INC CL A","GEF","Susquehanna Securities, LLC","1/1"
"GRID DYNAMICS HLDGS INC CL A","GDYN","Wolverine Trading, LLC","3/1"
"GRIFFON CORP COM","GFF","Susquehanna Securities, LLC","5/1"
"GRIFOLS S A SP ADR REP B NVT","GRFS","Wolverine Trading, LLC","6/1"
"GRINDR INC COM","GRND","Group One Trading LLC","5/1"
"GRITSTONE BIO INC COM","GRTSQ","Susquehanna Securities, LLC","3/1"
"GROCERY OUTLET HLDG CORP COM","GO","Wolverine Trading, LLC","3/1"
"GROUP 1 AUTOMOTIVE INC COM","GPI","Citadel Securities LLC","1/1"
"GROUPON INC COM NEW","GRPN","Citadel Securities LLC","2/1"
"GROVE COLLABORATIVE HOLD INC COM CL A","GROV","Citadel Securities LLC","2/1"
"GROWGENERATION CORP COM","GRWG","Wolverine Trading, LLC","3/1"
"GRUPO AEROPORTUARIO DEL CENTRO SPON ADR","OMAB","Belvedere Trading LLC","6/1"
"GRUPO AEROPORTUARIO DEL SUREST SPON ADR SER B","ASR","Susquehanna Securities, LLC","1/1"
"GRUPO FINANCIERO GALICIA S.A. SPONSORED ADR","GGAL","Group One Trading LLC","4/1"
"GRUPO SUPERVIELLE S.A. SPONSORED ADR","SUPV","Citadel Securities LLC","6/1"
"GRUPO TELEVISA S A B SPON ADR REP ORD","TV","Belvedere Trading LLC","4/1"
"GSI TECHNOLOGY INC COM","GSIT","Group One Trading LLC","1/1"
"GSK PLC SPONSORED ADR","GSK","Belvedere Trading LLC","2/1"
"GUARANTY BANCSHARES INC TEX COM","GNTY","Susquehanna Securities, LLC","1/1"
"GUARDANT HEALTH INC COM","GH","Citadel Securities LLC","2/1"
"GUESS INC COM","GES","Susquehanna Securities, LLC","6/1"
"GUIDEWIRE SOFTWARE INC COM","GWRE","Susquehanna Securities, LLC","2/1"
"GULF IS FABRICATION INC COM","GIFI","Wolverine Trading, LLC","3/1"
"GULFPORT ENERGY CORP COMMON SHARES","GPOR","Citadel Securities LLC","3/1"
"GXO LOGISTICS INCORPORATED COMMON STOCK","GXO","Citadel Securities LLC","4/1"
"H & E EQUIPMENT SERVICES INC COM","HEES","Wolverine Trading, LLC","6/1"
"H WORLD GROUP LTD SPONSORED ADS","HTHT","Morgan Stanley & Co. LLC","2/1"
"HA SUSTAINABLE INFRA CAP INC COM","HASI","Susquehanna Securities, LLC","3/1"
"HACKETT GROUP INC COM","HCKT","Belvedere Trading LLC","2/1"
"HAEMONETICS CORP MASS COM","HAE","Wolverine Trading, LLC","3/1"
"HAGERTY INC CL A COM","HGTY","Citadel Securities LLC","4/1"
"HAIN CELESTIAL GROUP INC COM","HAIN","Citadel Securities LLC","1/1"
"HALEON PLC SPON ADS","HLN","Citadel Securities LLC","3/1"
"HALLADOR ENERGY COMPANY COM","HNRG","Citadel Securities LLC","6/1"
"HALLIBURTON CO COM","HAL","Susquehanna Securities, LLC","6/1"
"HALOZYME THERAPEUTICS INC COM","HALO","Citadel Securities LLC","4/1"
"HAMILTON INSURANCE GROUP LTD. CL B","HG","Susquehanna Securities, LLC","2/1"
"HAMILTON LANE INC CL A","HLNE","Wolverine Trading, LLC","3/1"
"HANCOCK WHITNEY CORPORATION COM","HWC","Susquehanna Securities, LLC","3/1"
"HANESBRANDS INC COM","HBI","Citadel Securities LLC","5/1"
"HANMI FINL CORP COM NEW","HAFC","Wolverine Trading, LLC","5/1"
"HARBOR ETF TRUST ACTIVE SMALL CAP","SMLL","Belvedere Trading LLC","6/1"
"HARBORONE BANCORP INC NEW COM NEW","HONE","Wolverine Trading, LLC","3/1"
"HARLEY DAVIDSON INC COM","HOG","Citadel Securities LLC","1/1"
"HARMONIC INC COM","HLIT","Group One Trading LLC","4/1"
"HARMONY BIOSCIENCES HLDGS INC COM","HRMY","Susquehanna Securities, LLC","1/1"
"HARMONY GOLD MINING CO LTD SPONSORED ADR","HMY","Susquehanna Securities, LLC","2/1"
"HARROW INC COM","HROW","Susquehanna Securities, LLC","1/1"
"HARTFORD FDS EXCHANGE TRADED T SCHRODERS COMMOD","HCOM","Belvedere Trading LLC","1/1"
"HARTFORD FINL SVCS GROUP INC COM","HIG","Susquehanna Securities, LLC","3/1"
"HARVARD BIOSCIENCE INC COM","HBIO","Susquehanna Securities, LLC","1/1"
"HASBRO INC COM","HAS","Wolverine Trading, LLC","5/1"
"HASHICORP INC COM CL A","HCP","Belvedere Trading LLC","5/1"
"HAVERTY FURNITURE COS INC COM","HVT","Wolverine Trading, LLC","3/1"
"HAWAIIAN ELEC INDUSTRIES COM","HE","Citadel Securities LLC","6/1"
"HAWKINS INC COM","HWKN","Susquehanna Securities, LLC","4/1"
"HAYWARD HLDGS INC COM","HAYW","Belvedere Trading LLC","3/1"
"HBT FINL INC. COM","HBT","Wolverine Trading, LLC","3/1"
"HCA HEALTHCARE INC COM","HCA","Susquehanna Securities, LLC","4/1"
"HCI GROUP INC COM","HCI","Wolverine Trading, LLC","4/1"
"HDFC BANK LTD SPONSORED ADS","HDB","Susquehanna Securities, LLC","6/1"
"Health Care Select Sector Index S&P 500","SIXV","Susquehanna Securities, LLC","7/1"
"HEALTH CATALYST INC COM","HCAT","Citadel Securities LLC","5/1"
"HEALTHCARE RLTY TR CL A COM","HR","Susquehanna Securities, LLC","2/1"
"HEALTHCARE SVCS GROUP INC COM","HCSG","Wolverine Trading, LLC","3/1"
"HEALTHEQUITY INC COM","HQY","Group One Trading LLC","5/1"
"HEALTHPEAK PROPERTIES INC COM","DOC","Wolverine Trading, LLC","4/1"
"HEALTHSTREAM INC COM","HSTM","Belvedere Trading LLC","2/1"
"HEARTLAND EXPRESS INC COM","HTLD","Belvedere Trading LLC","1/1"
"HEARTLAND FINL USA INC COM","HTLF","Citadel Securities LLC","1/1"
"HECLA MNG CO COM","HL","Citadel Securities LLC","2/1"
"HEICO CORP NEW COM","HEI","Wolverine Trading, LLC","3/1"
"HEIDRICK & STRUGGLES INTL INC COM","HSII","Wolverine Trading, LLC","2/1"
"HELEN OF TROY LTD COM","HELE","Citadel Securities LLC","1/1"
"HELIOS TECHNOLOGIES INC COM","HLIO","Wolverine Trading, LLC","3/1"
"HELIX ENERGY SOLUTIONS GRP INC COM","HLX","Wolverine Trading, LLC","1/1"
"HELLO GROUP INC ADS","MOMO","Morgan Stanley & Co. LLC","3/1"
"HELMERICH & PAYNE INC COM","HP","Wolverine Trading, LLC","5/1"
"HENRY JACK & ASSOC INC COM","JKHY","Susquehanna Securities, LLC","4/1"
"HENRY SCHEIN INC COM","HSIC","Susquehanna Securities, LLC","4/1"
"HERBALIFE LTD COM SHS","HLF","Citadel Securities LLC","2/1"
"HERC HLDGS INC COM","HRI","Citadel Securities LLC","6/1"
"HERCULES CAPITAL INC COM","HTGC","Wolverine Trading, LLC","3/1"
"HERITAGE FINL CORP WASH COM","HFWA","Group One Trading LLC","2/1"
"HERITAGE INSURANCE HLDGS INC COM","HRTG","Wolverine Trading, LLC","2/1"
"HERON THERAPEUTICS INC COM","HRTX","Susquehanna Securities, LLC","4/1"
"HERSHEY CO COM","HSY","Jane Street Options, LLC","6/1"
"HERTZ GLOBAL HLDGS INC COM NEW","HTZ","Wolverine Trading, LLC","3/1"
"HESAI GROUP SPONSORED ADS","HSAI","Group One Trading LLC","1/1"
"HESS CORP COM","HES","Citadel Securities LLC","5/1"
"HESS MIDSTREAM LP CL A SHS","HESM","Susquehanna Securities, LLC","4/1"
"HEWLETT PACKARD ENTERPRISE CO COM","HPE","Susquehanna Securities, LLC","3/1"
"HEXCEL CORP NEW COM","HXL","Susquehanna Securities, LLC","3/1"
"HF FOODS GROUP INC COM","HFFG","Citadel Securities LLC","6/1"
"HF SINCLAIR CORP COM","DINO","Morgan Stanley & Co. LLC","5/1"
"HIGH TIDE INC COM NEW","HITI","Susquehanna Securities, LLC","5/1"
"HIGHPEAK ENERGY INC COM","HPK","Citadel Securities LLC","4/1"
"HIGHWOODS PPTYS INC COM","HIW","Wolverine Trading, LLC","3/1"
"HILLENBRAND INC COM","HI","Wolverine Trading, LLC","1/1"
"HILLMAN SOLUTIONS CORP COM","HLMN","Group One Trading LLC","4/1"
"HILLTOP HOLDINGS INC COM","HTH","Belvedere Trading LLC","2/1"
"HILTON GRAND VACATIONS INC COM","HGV","Morgan Stanley & Co. LLC","3/1"
"HILTON WORLDWIDE HLDGS INC COM","HLT","Wolverine Trading, LLC","3/1"
"HIMAX TECHNOLOGIES INC SPONSORED ADR","HIMX","Wolverine Trading, LLC","2/1"
"HIMS & HERS HEALTH INC COM CL A","HIMS","Belvedere Trading LLC","3/1"
"HIPPO HLDGS INC COM NEW","HIPO","Belvedere Trading LLC","6/1"
"HIVE DIGITAL TECHNOLOGIES LTD COM NEW","HIVE","Group One Trading LLC","4/1"
"HNI CORP COM","HNI","Susquehanna Securities, LLC","5/1"
"HOLLEY INC COM","HLLY","Belvedere Trading LLC","1/1"
"HOLOGIC INC COM","HOLX","Morgan Stanley & Co. LLC","1/1"
"HOME BANCORP INC COM","HBCP","Jane Street Options, LLC","3/1"
"HOME BANCSHARES INC COM","HOMB","Wolverine Trading, LLC","4/1"
"HOME DEPOT INC COM","HD","Susquehanna Securities, LLC","3/1"
"HOMESTREET INC COM","HMST","Citadel Securities LLC","5/1"
"HONDA MOTOR LTD ADR ECH CNV IN 3","HMC","Susquehanna Securities, LLC","6/1"
"HONEST CO INC COM","HNST","Belvedere Trading LLC","1/1"
"HONEYWELL INTL INC COM","HON","Citadel Securities LLC","5/1"
"HOOKER FURNISHINGS CORPORATION COM","HOFT","Susquehanna Securities, LLC","6/1"
"HOOKIPA PHARMA INC COM NEW","HOOK","Citadel Securities LLC","5/1"
"HORIZON TECHNOLOGY FIN CORP COM","HRZN","Susquehanna Securities, LLC","5/1"
"HORMEL FOODS CORP COM","HRL","Citadel Securities LLC","2/1"
"HOST HOTELS & RESORTS INC COM","HST","Belvedere Trading LLC","2/1"
"HOUSTON AMERN ENERGY CORP COM","HUSA","Group One Trading LLC","4/1"
"HOWARD HUGHES HOLDINGS INC COM","HHH","Citadel Securities LLC","3/1"
"HOWMET AEROSPACE INC COM","HWM","Citadel Securities LLC","5/1"
"HP INC COM","HPQ","Susquehanna Securities, LLC","3/1"
"HSBC HLDGS PLC SPON ADR NEW","HSBC","Morgan Stanley & Co. LLC","1/1"
"HUB GROUP INC CL A","HUBG","Wolverine Trading, LLC","1/1"
"HUBSPOT INC COM","HUBS","Susquehanna Securities, LLC","2/1"
"HUDBAY MINERALS INC COM","HBM","Susquehanna Securities, LLC","3/1"
"HUDSON PAC PPTYS INC COM","HPP","Wolverine Trading, LLC","3/1"
"HUDSON TECHNOLOGIES INC COM","HDSN","Citadel Securities LLC","4/1"
"HUMACYTE INC COM","HUMA","Citadel Securities LLC","6/1"
"HUMANA INC COM","HUM","Susquehanna Securities, LLC","1/1"
"HUNT J B TRANS SVCS INC COM","JBHT","Citadel Securities LLC","2/1"
"HUNTINGTON BANCSHARES INC COM","HBAN","Wolverine Trading, LLC","1/1"
"HUNTINGTON INGALLS INDS INC COM","HII","Citadel Securities LLC","3/1"
"HUNTSMAN CORP COM","HUN","Morgan Stanley & Co. LLC","2/1"
"HURON CONSULTING GROUP INC COM","HURN","Susquehanna Securities, LLC","2/1"
"HUT 8 CORP COM","HUT","Susquehanna Securities, LLC","2/1"
"HUTCHMED CHINA LTD SPONSORED ADS","HCM","Belvedere Trading LLC","5/1"
"HUYA INC ADS REP SHS A","HUYA","Group One Trading LLC","4/1"
"HYATT HOTELS CORP COM CL A","H","Citadel Securities LLC","3/1"
"HYCROFT MINING HOLDING CORP CL A NEW","HYMC","Susquehanna Securities, LLC","1/1"
"HYDROFARM HLDGS GROUP INC COM","HYFM","Group One Trading LLC","4/1"
"HYLIION HOLDINGS CORP COMMON STOCK","HYLN","Citadel Securities LLC","3/1"
"HYPERFINE INC COM CL A","HYPR","Belvedere Trading LLC","4/1"
"HYSTER-YALE INC CL A","HY","Susquehanna Securities, LLC","3/1"
"HYZON MOTORS INC CL A NEW","HYZN","Belvedere Trading LLC","3/1"
"I MAB SPONSORED ADS","IMAB","Susquehanna Securities, LLC","2/1"
"I3 VERTICALS INC COM CL A","IIIV","Citadel Securities LLC","3/1"
"IAC INC COM NEW","IAC","Susquehanna Securities, LLC","5/1"
"IAMGOLD CORP COM","IAG","Wolverine Trading, LLC","3/1"
"IBEX LTD SHS NEW","IBEX","Citadel Securities LLC","1/1"
"ICAD INC COM NEW","ICAD","Wolverine Trading, LLC","1/1"
"ICAHN ENTERPRISES LP DEPOSITARY UNIT","IEP","Citadel Securities LLC","4/1"
"ICHOR HOLDINGS SHS","ICHR","Citadel Securities LLC","5/1"
"ICICI BANK LIMITED ADR","IBN","IMC-Chicago, LLC dba IMC Financial Markets","2/1"
"ICL GROUP LTD SHS","ICL","Susquehanna Securities, LLC","5/1"
"ICLICK INTERACTIVE ASIA GROUP SPON ADS NEW","ICLK","Susquehanna Securities, LLC","2/1"
"ICON PLC SHS","ICLR","Susquehanna Securities, LLC","5/1"
"ICU MED INC COM","ICUI","Wolverine Trading, LLC","3/1"
"IDACORP INC COM","IDA","Citadel Securities LLC","5/1"
"IDAHO STRATEGIC RESOURCES COM NEW","IDR","Susquehanna Securities, LLC","5/1"
"IDEAYA BIOSCIENCES INC COM","IDYA","Susquehanna Securities, LLC","4/1"
"IDENTIV INC COM NEW","INVE","Group One Trading LLC","2/1"
"IDEX CORP COM","IEX","Wolverine Trading, LLC","2/1"
"IDEXX LABS INC COM","IDXX","Wolverine Trading, LLC","5/1"
"IDT CORP CL B NEW","IDT","Belvedere Trading LLC","2/1"
"IES HLDGS INC COM","IESC","Wolverine Trading, LLC","3/1"
"IGC PHARMA INC COM NEW","IGC","Group One Trading LLC","4/1"
"IGM BIOSCIENCES INC COM","IGMS","Citadel Securities LLC","1/1"
"IHEARTMEDIA INC COM CL A","IHRT","Wolverine Trading, LLC","3/1"
"IHS HOLDING LIMITED ORD SHS","IHS","Citadel Securities LLC","4/1"
"ILLINOIS TOOL WKS INC COM","ITW","IMC-Chicago, LLC dba IMC Financial Markets","2/1"
"ILLUMINA INC COM","ILMN","Susquehanna Securities, LLC","3/1"
"IMAX CORP COM","IMAX","Belvedere Trading LLC","2/1"
"IMMATICS N.V SHS","IMTX","Susquehanna Securities, LLC","6/1"
"IMMERSION CORP COM","IMMR","Citadel Securities LLC","3/1"
"IMMUNIC INC COM","IMUX","Belvedere Trading LLC","2/1"
"IMMUNITYBIO INC COM","IBRX","Morgan Stanley & Co. LLC","5/1"
"IMMUNOCORE HLDGS PLC ADS","IMCR","Citadel Securities LLC","4/1"
"IMMUNOME INC COM","IMNM","Belvedere Trading LLC","2/1"
"IMMUNOPRECISE ANTIBODIES LTD COM NEW","IPA","Belvedere Trading LLC","6/1"
"IMMUNOVANT INC COM","IMVT","Susquehanna Securities, LLC","6/1"
"IMMUTEP LTD SPONSORED ADS","IMMP","Citadel Securities LLC","3/1"
"IMPERIAL OIL LTD COM NEW","IMO","Susquehanna Securities, LLC","6/1"
"IMPERIAL PETE INC COM NEW","IMPP","Wolverine Trading, LLC","3/1"
"IMPINJ INC COM","PI","Susquehanna Securities, LLC","4/1"
"INARI MED INC COM","NARI","Susquehanna Securities, LLC","6/1"
"INCYTE CORP COM","INCY","Susquehanna Securities, LLC","2/1"
"INDEPENDENCE RLTY TR INC COM","IRT","Susquehanna Securities, LLC","6/1"
"INDEPENDENT BK CORP MASS COM","INDB","Citadel Securities LLC","4/1"
"INDEPENDENT BK CORP MICH COM NEW","IBCP","Wolverine Trading, LLC","2/1"
"INDIE SEMICONDUCTOR INC CLASS A COM","INDI","Susquehanna Securities, LLC","3/1"
"INDIVIOR PLC ORD","INDV","Belvedere Trading LLC","4/1"
"INDUSTRIAL LOGISTICS PPTYS TR COM SHS BEN INT","ILPT","Susquehanna Securities, LLC","3/1"
"Industrials Select Sector Index S&P 500","SIXI","Susquehanna Securities, LLC","7/1"
"INFINERA CORP COM","INFN","Belvedere Trading LLC","2/1"
"INFORMATICA INC COM CL A","INFA","Wolverine Trading, LLC","3/1"
"INFOSYS LTD SPONSORED ADR","INFY","Citadel Securities LLC","5/1"
"INFUSYSTEM HLDGS INC COM","INFU","Group One Trading LLC","4/1"
"ING GROEP N.V. SPONSORED ADR","ING","Susquehanna Securities, LLC","3/1"
"INGERSOLL RAND INC COM","IR","Wolverine Trading, LLC","3/1"
"INGLES MKTS INC CL A","IMKTA","Susquehanna Securities, LLC","5/1"
"INGRAM MICRO HLDG CORP COM","INGM","Citadel Securities LLC","1/1"
"INGREDION INC COM","INGR","Citadel Securities LLC","5/1"
"INHIBRX BIOSCIENCES INC COM","INBX","Belvedere Trading LLC","1/1"
"INMODE LTD SHS","INMD","Susquehanna Securities, LLC","3/1"
"INMUNE BIO INC COM","INMB","Morgan Stanley & Co. LLC","2/1"
"INNODATA INC COM NEW","INOD","Wolverine Trading, LLC","3/1"
"INNOSPEC INC COM","IOSP","Citadel Securities LLC","4/1"
"INNOVAGE HLDG CORP COM","INNV","Wolverine Trading, LLC","3/1"
"INNOVATE CORP COM NEW","VATE","Wolverine Trading, LLC","3/1"
"INNOVATIVE INDL PPTYS INC COM","IIPR","Susquehanna Securities, LLC","5/1"
"INNOVATOR ETFS TRUST IBD 50 ETF","FFTY","Belvedere Trading LLC","5/1"
"INNOVATOR ETFS TRUST INNOVATOR DEEPW","LOUP","Belvedere Trading LLC","4/1"
"Innovator U.S. Equity Power Buffer ETF - September","PSEP","Belvedere Trading LLC","4/1"
"INNOVEX INTERNATIONAL INC COM","INVX","Citadel Securities LLC","5/1"
"INNOVIVA INC COM","INVA","Citadel Securities LLC","3/1"
"INNOVIZ TECHNOLOGIES LTD SHS","INVZ","Belvedere Trading LLC","2/1"
"INOGEN INC COM","INGN","Wolverine Trading, LLC","4/1"
"INOTIV INC COM","NOTV","Susquehanna Securities, LLC","6/1"
"INOVIO PHARMACEUTICALS INC COM SHS","INO","Susquehanna Securities, LLC","1/1"
"INOZYME PHARMA INC COM","INZY","Belvedere Trading LLC","6/1"
"INSEEGO CORP COM NEW","INSG","Group One Trading LLC","4/1"
"INSIGHT ENTERPRISES INC COM","NSIT","Susquehanna Securities, LLC","5/1"
"INSMED INC COM PAR $.01","INSM","Group One Trading LLC","4/1"
"INSPERITY INC COM","NSP","Wolverine Trading, LLC","5/1"
"INSPIRE MED SYS INC COM","INSP","Wolverine Trading, LLC","3/1"
"INSPIRED ENTMT INC COM","INSE","Citadel Securities LLC","4/1"
"INSPIREMD INC COM","NSPR","Wolverine Trading, LLC","3/1"
"INSTALLED BLDG PRODS INC COM","IBP","Susquehanna Securities, LLC","3/1"
"INSTEEL INDS INC COM","IIIN","Belvedere Trading LLC","3/1"
"INSULET CORP COM","PODD","Citadel Securities LLC","5/1"
"INTAPP INC COM","INTA","Susquehanna Securities, LLC","2/1"
"INTEGER HLDGS CORP COM","ITGR","Susquehanna Securities, LLC","2/1"
"INTEGRA LIFESCIENCES HLDGS CP COM NEW","IART","Susquehanna Securities, LLC","3/1"
"INTEGRAL AD SCIENCE HLDNG CORP COM","IAS","Citadel Securities LLC","2/1"
"INTEL CORP COM","INTC","Susquehanna Securities, LLC","3/1"
"INTELLIA THERAPEUTICS INC COM","NTLA","Susquehanna Securities, LLC","3/1"
"INTELLICHECK INC COM NEW","IDN","Belvedere Trading LLC","2/1"
"INTER & CO INC CLASS A COM","INTR","Wolverine Trading, LLC","5/1"
"INTERACTIVE BROKERS GROUP INC COM CL A","IBKR","IMC-Chicago, LLC dba IMC Financial Markets","2/1"
"INTERCONTINENTAL EXCHANGE INC COM","ICE","Citadel Securities LLC","3/1"
"INTERCURE LTD COM NEW","INCR","Susquehanna Securities, LLC","4/1"
"INTERDIGITAL INC COM","IDCC","Citadel Securities LLC","5/1"
"INTERFACE INC COM","TILE","Belvedere Trading LLC","2/1"
"INTERNATIONAL BANCSHARES CORP COM","IBOC","Citadel Securities LLC","4/1"
"INTERNATIONAL BUSINESS MACHS COM","IBM","Citadel Securities LLC","5/1"
"INTERNATIONAL FLAVORS&FRAGRANC COM","IFF","Morgan Stanley & Co. LLC","2/1"
"INTERNATIONAL GAME TECHNOLOGY SHS USD","IGT","Susquehanna Securities, LLC","2/1"
"INTERNATIONAL PAPER CO COM","IP","Susquehanna Securities, LLC","3/1"
"INTERNATIONAL SEAWAYS INC COM","INSW","Morgan Stanley & Co. LLC","4/1"
"INTERPARFUMS INC COM","IPAR","Citadel Securities LLC","2/1"
"INTERPUBLIC GROUP COS INC COM","IPG","IMC-Chicago, LLC dba IMC Financial Markets","6/1"
"INTEST CORP COM","INTT","Belvedere Trading LLC","1/1"
"INTEVAC INC COM","IVAC","Belvedere Trading LLC","5/1"
"INTRA-CELLULAR THERAPIES INC COM","ITCI","Susquehanna Securities, LLC","3/1"
"INTREPID POTASH INC COM","IPI","Wolverine Trading, LLC","3/1"
"INTUIT COM","INTU","Susquehanna Securities, LLC","5/1"
"INTUITIVE MACHINES INC CLASS A COM","LUNR","IMC-Chicago, LLC dba IMC Financial Markets","5/1"
"INTUITIVE SURGICAL INC COM NEW","ISRG","Susquehanna Securities, LLC","2/1"
"INVENTRUST PPTYS CORP COM NEW","IVT","Wolverine Trading, LLC","3/1"
"INVESCO ACTIVELY MANAGED EXCHA ULTRA SHRT DUR","GSY","Belvedere Trading LLC","5/1"
"INVESCO ACTVELY MNGD ETC FD TR ELC VEH MTLS CDT","EVMT","Belvedere Trading LLC","1/1"
"INVESCO ACTVELY MNGD ETC FD TR OPTIMUM YIELD","PDBC","Belvedere Trading LLC","2/1"
"Invesco Alerian Galaxy Crypto Economy ETF","SATO","Group One Trading LLC","4/1"
"INVESCO CURRENCYSHARES AUSTRAL AUSTRALIAN DOL","FXA","Citadel Securities LLC","7/1"
"INVESCO CURRENCYSHARES BRIT PO BRIT POUN STRL","FXB","Citadel Securities LLC","7/1"
"INVESCO CURRENCYSHARES CDN DLR CDN DLR SHS","FXC","Wolverine Trading, LLC","6/1"
"INVESCO CURRENCYSHARES EURO TR EURO SHS","FXE","Citadel Securities LLC","7/1"
"INVESCO CURRENCYSHARES JAPANES JAPANESE YEN","FXY","Citadel Securities LLC","7/1"
"INVESCO CURRENCYSHARES SWISS F SWISS FRANC","FXF","Citadel Securities LLC","1/1"
"INVESCO DB COMMDY INDX TRCK FD UNIT","DBC","Susquehanna Securities, LLC","7/1"
"INVESCO DB MULTI-SECTOR COMMOD AGRICULTURE FD","DBA","Citadel Securities LLC","1/1"
"INVESCO DB MULTI-SECTOR COMMOD BASE METALS FD","DBB","Susquehanna Securities, LLC","7/1"
"INVESCO DB MULTI-SECTOR COMMOD ENERGY FD","DBE","Belvedere Trading LLC","6/1"
"INVESCO DB MULTI-SECTOR COMMOD OIL FD","DBO","Citadel Securities LLC","3/1"
"INVESCO DB MULTI-SECTOR COMMOD PRECIOUS METAL","DBP","Belvedere Trading LLC","1/1"
"INVESCO DB US DLR INDEX TR BEARISH FD","UDN","Citadel Securities LLC","1/1"
"INVESCO DB US DLR INDEX TR BULLISH FD","UUP","Citadel Securities LLC","7/1"
"INVESCO EXCH TRADED FD TR II CALIF AMT MUN","PWZ","Wolverine Trading, LLC","5/1"
"INVESCO EXCH TRADED FD TR II CEF INM COMPSI","PCEF","Wolverine Trading, LLC","8/1"
"INVESCO EXCH TRADED FD TR II DORSEY WRGT DVLP","PIZ","Susquehanna Securities, LLC","7/1"
"INVESCO EXCH TRADED FD TR II DORSEY WRGT EMRG","PIE","Belvedere Trading LLC","7/1"
"INVESCO EXCH TRADED FD TR II DORSEY WRGT SMLC","DWAS","Susquehanna Securities, LLC","7/1"
"INVESCO EXCH TRADED FD TR II EMRNG MKT SVRG","PCY","Susquehanna Securities, LLC","7/1"
"INVESCO EXCH TRADED FD TR II FNDMNTL HY CRP","PHB","Citadel Securities LLC","1/1"
"INVESCO EXCH TRADED FD TR II FTSE RAFI EMNG","PXH","Belvedere Trading LLC","4/1"
"INVESCO EXCH TRADED FD TR II GBL CLEAN ENRG","PBD","Belvedere Trading LLC","1/1"
"INVESCO EXCH TRADED FD TR II INVESCO PHLX SM","SOXQ","Belvedere Trading LLC","6/1"
"INVESCO EXCH TRADED FD TR II KBW BK ETF","KBWB","Susquehanna Securities, LLC","7/1"
"INVESCO EXCH TRADED FD TR II KBW HIG DV YLD","KBWD","Citadel Securities LLC","5/1"
"INVESCO EXCH TRADED FD TR II KBW PPTY CASUT","KBWP","Belvedere Trading LLC","2/1"
"INVESCO EXCH TRADED FD TR II KBW PREM YIELD","KBWY","Citadel Securities LLC","4/1"
"INVESCO EXCH TRADED FD TR II MSCI GBL TIMBR","CUT","Belvedere Trading LLC","3/1"
"INVESCO EXCH TRADED FD TR II NASDAQ 100 ETF","QQQM","Citadel Securities LLC","2/1"
"INVESCO EXCH TRADED FD TR II NASDAQNXTGEN100","QQQJ","Citadel Securities LLC","2/1"
"INVESCO EXCH TRADED FD TR II PFD ETF","PGX","Susquehanna Securities, LLC","7/1"
"INVESCO EXCH TRADED FD TR II S&P 500 ENHNCD","SPVU","Belvedere Trading LLC","5/1"
"INVESCO EXCH TRADED FD TR II S&P 500 HB ETF","SPHB","Susquehanna Securities, LLC","7/1"
"INVESCO EXCH TRADED FD TR II S&P 500 REVENUE","RWL","Wolverine Trading, LLC","7/1"
"INVESCO EXCH TRADED FD TR II S&P EMRNG MKTS","EELV","Belvedere Trading LLC","6/1"
"INVESCO EXCH TRADED FD TR II S&P GBL WATER","CGW","Wolverine Trading, LLC","3/1"
"INVESCO EXCH TRADED FD TR II S&P MDCP 400 REV","RWK","Susquehanna Securities, LLC","7/1"
"INVESCO EXCH TRADED FD TR II S&P MIDCP LOW","XMLV","Belvedere Trading LLC","2/1"
"INVESCO EXCH TRADED FD TR II S&P SMALLCAP 600","RWJ","Susquehanna Securities, LLC","7/1"
"INVESCO EXCH TRADED FD TR II S&P SMALLCAP ENE","PSCE","Belvedere Trading LLC","5/1"
"INVESCO EXCH TRADED FD TR II S&P SMLCP HELT","PSCH","Belvedere Trading LLC","3/1"
"INVESCO EXCH TRADED FD TR II S&P500 HDL VOL","SPHD","Wolverine Trading, LLC","5/1"
"INVESCO EXCH TRADED FD TR II S&P500 LOW VOL","SPLV","Susquehanna Securities, LLC","7/1"
"INVESCO EXCH TRADED FD TR II SOLAR ETF","TAN","Citadel Securities LLC","3/1"
"INVESCO EXCH TRADED FD TR II SR LN ETF","BKLN","Morgan Stanley & Co. LLC","6/1"
"INVESCO EXCH TRADED FD TR II VAR RATE PFD","VRP","Wolverine Trading, LLC","3/1"
"INVESCO EXCHANGE TRADED FD TR AEROSPACE DEFN","PPA","Wolverine Trading, LLC","3/1"
"INVESCO EXCHANGE TRADED FD TR BUYBACK ACHIEV","PKW","Citadel Securities LLC","7/1"
"INVESCO EXCHANGE TRADED FD TR DORSEY WRGT TECH","PTF","Citadel Securities LLC","1/1"
"INVESCO EXCHANGE TRADED FD TR DORSEY WRIGHT MO","PDP","Belvedere Trading LLC","2/1"
"INVESCO EXCHANGE TRADED FD TR ENERGY EXPLORATI","PXE","Citadel Securities LLC","3/1"
"INVESCO EXCHANGE TRADED FD TR FINL PFD ETF","PGF","Citadel Securities LLC","2/1"
"INVESCO EXCHANGE TRADED FD TR FTSE RAFI 1000","PRF","Morgan Stanley & Co. LLC","7/1"
"INVESCO EXCHANGE TRADED FD TR FTSE RAFI 1500","PRFZ","Wolverine Trading, LLC","3/1"
"INVESCO EXCHANGE TRADED FD TR GBL LISTED PVT","PSP","Susquehanna Securities, LLC","7/1"
"INVESCO EXCHANGE TRADED FD TR GLOBAL DRGN CN","PGJ","Citadel Securities LLC","1/1"
"INVESCO EXCHANGE TRADED FD TR HIG YLD EQ DIV","PEY","Belvedere Trading LLC","2/1"
"INVESCO EXCHANGE TRADED FD TR INTL DIVI ACHI","PID","Wolverine Trading, LLC","8/1"
"INVESCO EXCHANGE TRADED FD TR LEISURE AND ENTE","PEJ","Citadel Securities LLC","4/1"
"INVESCO EXCHANGE TRADED FD TR NASDAQ INTERNT","PNQI","Susquehanna Securities, LLC","7/1"
"INVESCO EXCHANGE TRADED FD TR OIL & GAS SERVIC","PXJ","Susquehanna Securities, LLC","7/1"
"INVESCO EXCHANGE TRADED FD TR PHARMACEUTICALS","PJP","Susquehanna Securities, LLC","7/1"
"INVESCO EXCHANGE TRADED FD TR S&P 500 GARP ETF","SPGP","Belvedere Trading LLC","4/1"
"INVESCO EXCHANGE TRADED FD TR S&P 500 TOP 50","XLG","Belvedere Trading LLC","1/1"
"INVESCO EXCHANGE TRADED FD TR S&P MDCP MOMNTUM","XMMO","Wolverine Trading, LLC","3/1"
"INVESCO EXCHANGE TRADED FD TR S&P MDCP QUALITY","XMHQ","Wolverine Trading, LLC","3/1"
"INVESCO EXCHANGE TRADED FD TR S&P MDCP VLU MNT","XMVM","Wolverine Trading, LLC","3/1"
"INVESCO EXCHANGE TRADED FD TR S&P MDCP400 PR","RFG","Belvedere Trading LLC","1/1"
"INVESCO EXCHANGE TRADED FD TR S&P MDCP400 VL","RFV","Belvedere Trading LLC","3/1"
"INVESCO EXCHANGE TRADED FD TR S&P SMCP VLU MNT","XSVM","Wolverine Trading, LLC","3/1"
"INVESCO EXCHANGE TRADED FD TR S&P SML600 GWT","RZG","Belvedere Trading LLC","1/1"
"INVESCO EXCHANGE TRADED FD TR S&P SML600 VAL","RZV","Belvedere Trading LLC","5/1"
"INVESCO EXCHANGE TRADED FD TR S&P SPIN OFF","CSD","Belvedere Trading LLC","7/1"
"INVESCO EXCHANGE TRADED FD TR S&P500 EQL DIS","RSPD","Belvedere Trading LLC","1/1"
"INVESCO EXCHANGE TRADED FD TR S&P500 EQL ENR","RSPG","Belvedere Trading LLC","3/1"
"INVESCO EXCHANGE TRADED FD TR S&P500 EQL FIN","RSPF","Wolverine Trading, LLC","3/1"
"INVESCO EXCHANGE TRADED FD TR S&P500 EQL HLT","RSPH","Morgan Stanley & Co. LLC","4/1"
"INVESCO EXCHANGE TRADED FD TR S&P500 EQL IND","RSPN","Wolverine Trading, LLC","3/1"
"INVESCO EXCHANGE TRADED FD TR S&P500 EQL MAT","RSPM","Wolverine Trading, LLC","3/1"
"INVESCO EXCHANGE TRADED FD TR S&P500 EQL REL","RSPR","Wolverine Trading, LLC","3/1"
"INVESCO EXCHANGE TRADED FD TR S&P500 EQL TEC","RSPT","Belvedere Trading LLC","6/1"
"INVESCO EXCHANGE TRADED FD TR S&P500 EQL WGT","RSP","Belvedere Trading LLC","4/1"
"INVESCO EXCHANGE TRADED FD TR S&P500 PUR VAL","RPV","Susquehanna Securities, LLC","7/1"
"INVESCO EXCHANGE TRADED FD TR S&P500 QUALITY","SPHQ","Susquehanna Securities, LLC","1/1"
"INVESCO EXCHANGE TRADED FD TR SEMICONDUCTORS","PSI","Wolverine Trading, LLC","3/1"
"INVESCO EXCHANGE TRADED FD TR WATER RES ETF","PHO","Susquehanna Securities, LLC","7/1"
"INVESCO EXCHANGE TRADED FD TR WILDERHIL CLAN","PBW","Susquehanna Securities, LLC","7/1"
"INVESCO EXCHANGE TRADED FD TR ZACKS MULT AST","CVY","Wolverine Trading, LLC","7/1"
"INVESCO INDIA EXCHANGE-TRADED INDIA ETF","PIN","Citadel Securities LLC","3/1"
"INVESCO LTD SHS","IVZ","Group One Trading LLC","4/1"
"INVESCO MORTGAGE CAPITAL INC COM","IVR","Wolverine Trading, LLC","5/1"
"INVESCO QQQ TR UNIT SER 1","QQQ","Wolverine Trading, LLC","8/1"
"Invesco S&P 500 Minimum Variance ETF","SPMV","Belvedere Trading LLC","1/1"
"Invesco S&P SmallCap High Dividend Low Volatility ETF","XSHD","Belvedere Trading LLC","1/1"
"INVESTMENT MANAGERS SER TR II AXS ASTORIA REAL","PPI","Belvedere Trading LLC","5/1"
"INVESTMENT MANAGERS SER TR II AXS CHANGE FINAN","CHGX","Belvedere Trading LLC","6/1"
"INVESTMENT MANAGERS SER TR II AXS GREEN ALPHA","NXTE","Belvedere Trading LLC","5/1"
"INVESTMENT MANAGERS SER TR II AXS REAL ESTATE","RINC","Wolverine Trading, LLC","8/1"
"INVESTMENT MANAGERS SER TR II TRADR 1.5X LNG T","TSLW","Belvedere Trading LLC","1/1"
"INVESTMENT MANAGERS SER TR II TRADR 1.5X SHORT","NVDS","Citadel Securities LLC","6/1"
"INVESTMENT MANAGERS SER TR II TRADR 1.75X LNG","NVDW","Belvedere Trading LLC","4/1"
"INVESTMENT MANAGERS SER TR II TRADR 2X LNG SOX","SOXM","Belvedere Trading LLC","5/1"
"INVESTMENT MANAGERS SER TR II TRADR 2X LNG SPY","SPYB","IMC-Chicago, LLC dba IMC Financial Markets","8/1"
"INVESTMENT MANAGERS SER TR II TRADR 2X LNG SPY","SPYQ","Belvedere Trading LLC","8/1"
"INVESTMENT MANAGERS SER TR II TRADR 2X LNG SPY","SPYM","Belvedere Trading LLC","8/1"
"INVESTMENT MANAGERS SER TR II TRADR 2X LNG TRI","QQQP","IMC-Chicago, LLC dba IMC Financial Markets","5/1"
"INVESTMENT MANAGERS SER TR II TRADR 2X LONG IN","TARK","Belvedere Trading LLC","2/1"
"INVESTMENT MANAGERS SER TR II TRADR 2X LONG SO","SOXW","Belvedere Trading LLC","4/1"
"INVESTMENT MANAGERS SER TR II TRADR 2X LONG TR","QQQW","Belvedere Trading LLC","8/1"
"INVESTMENT MANAGERS SER TR II TRADR 2X LONG TR","MQQQ","Belvedere Trading LLC","3/1"
"INVESTMENT MANAGERS SER TR II TRADR 2X SHORT","TSLQ","Citadel Securities LLC","6/1"
"INVESTMENT MANAGERS SER TR II TRADR 2X SHORT","SARK","Belvedere Trading LLC","6/1"
"INVITATION HOMES INC COM","INVH","Susquehanna Securities, LLC","2/1"
"INVIVYD INC COM","IVVD","Belvedere Trading LLC","6/1"
"IONIS PHARMACEUTICALS INC COM","IONS","Citadel Securities LLC","6/1"
"IONQ INC COM","IONQ","Belvedere Trading LLC","4/1"
"IOVANCE BIOTHERAPEUTICS INC COM","IOVA","Susquehanna Securities, LLC","2/1"
"iPath Series B S&P 500 VIX Mid-Term Futures ETN","VXZ","Belvedere Trading LLC","9/1"
"iPath Series B S&P 500 VIX Short-Term Futures ETN","VXX","IMC-Chicago, LLC dba IMC Financial Markets","9/1"
"IPG PHOTONICS CORP COM","IPGP","Citadel Securities LLC","2/1"
"IQIYI INC SPONSORED ADS","IQ","Susquehanna Securities, LLC","5/1"
"IQVIA HLDGS INC COM","IQV","Susquehanna Securities, LLC","4/1"
"IREN LIMITED ORDINARY SHARES","IREN","Group One Trading LLC","4/1"
"IRHYTHM TECHNOLOGIES INC COM","IRTC","Citadel Securities LLC","5/1"
"IRIDIUM COMMUNICATIONS INC COM","IRDM","Citadel Securities LLC","4/1"
"IROBOT CORP COM","IRBT","Susquehanna Securities, LLC","2/1"
"IRON MTN INC DEL COM","IRM","Susquehanna Securities, LLC","6/1"
"IRONWOOD PHARMACEUTICALS INC COM CL A","IRWD","Group One Trading LLC","4/1"
"IRSA INVERSIONES Y REP S A SPON GDS ECH 10","IRS","Citadel Securities LLC","3/1"
"ISHARES BITCOIN TRUST ETF SHS BEN INT","IBIT","IMC-Chicago, LLC dba IMC Financial Markets","8/1"
"iShares Broad USD High Yield Corporate Bond ETF","USHY","Wolverine Trading, LLC","3/1"
"iShares Cohen & Steers REIT ETF","ICF","Susquehanna Securities, LLC","7/1"
"iShares Convertible Bond ETF","ICVT","Citadel Securities LLC","2/1"
"iShares Core International Aggregate Bond Fund","IAGG","Belvedere Trading LLC","2/1"
"iShares Core MSCI EAFE ETF","IEFA","Susquehanna Securities, LLC","7/1"
"iShares Currency Hedged MSCI EAFE ETF","HEFA","Wolverine Trading, LLC","8/1"
"iShares Expanded Tech-Software Sector ETF","IGV","Susquehanna Securities, LLC","7/1"
"ISHARES GOLD TR ISHARES NEW","IAU","Citadel Securities LLC","2/1"
"ISHARES INC CORE MSCI EMKT","IEMG","Susquehanna Securities, LLC","7/1"
"ISHARES INC EM MKTS DIV ETF","DVYE","Belvedere Trading LLC","3/1"
"ISHARES INC ESG AWR MSCI EM","ESGE","Belvedere Trading LLC","2/1"
"ISHARES INC GLB ENR PROD ETF","FILL","Belvedere Trading LLC","1/1"
"ISHARES INC JP MORGAN EM ETF","LEMB","Susquehanna Securities, LLC","7/1"
"ISHARES INC MSCI AGRICULTURE","VEGI","Wolverine Trading, LLC","3/1"
"ISHARES INC MSCI AUST ETF","EWA","Belvedere Trading LLC","1/1"
"ISHARES INC MSCI BELGIUM ETF","EWK","Susquehanna Securities, LLC","7/1"
"ISHARES INC MSCI BIC ETF","BKF","Wolverine Trading, LLC","8/1"
"ISHARES INC MSCI BRAZIL ETF","EWZ","Citadel Securities LLC","7/1"
"ISHARES INC MSCI CDA ETF","EWC","Citadel Securities LLC","1/1"
"ISHARES INC MSCI FRANCE ETF","EWQ","Susquehanna Securities, LLC","7/1"
"ISHARES INC MSCI GBL GOLD MN","RING","Susquehanna Securities, LLC","7/1"
"ISHARES INC MSCI GERMANY ETF","EWG","Citadel Securities LLC","1/1"
"ISHARES INC MSCI HONG KG ETF","EWH","Citadel Securities LLC","1/1"
"ISHARES INC MSCI ITALY ETF","EWI","Group One Trading LLC","4/1"
"ISHARES INC MSCI JAPN SMCETF","SCJ","Belvedere Trading LLC","7/1"
"ISHARES INC MSCI JPN ETF NEW","EWJ","Citadel Securities LLC","7/1"
"ISHARES INC MSCI MEXICO ETF","EWW","Susquehanna Securities, LLC","7/1"
"ISHARES INC MSCI MLY ETF NEW","EWM","Wolverine Trading, LLC","5/1"
"ISHARES INC MSCI NETHERL ETF","EWN","Susquehanna Securities, LLC","7/1"
"ISHARES INC MSCI PAC JP ETF","EPP","Citadel Securities LLC","1/1"
"ISHARES INC MSCI SINGPOR ETF","EWS","Susquehanna Securities, LLC","7/1"
"ISHARES INC MSCI SPAIN ETF","EWP","","5/1"
"ISHARES INC MSCI STH AFR ETF","EZA","Citadel Securities LLC","3/1"
"ISHARES INC MSCI STH KOR ETF","EWY","Citadel Securities LLC","2/1"
"ISHARES INC MSCI SWEDEN ETF","EWD","Wolverine Trading, LLC","8/1"
"ISHARES INC MSCI SWITZERLAND","EWL","Susquehanna Securities, LLC","7/1"
"ISHARES INC MSCI TAIWAN ETF","EWT","Citadel Securities LLC","5/1"
"ISHARES INC MSCI THAILND ETF","THD","Wolverine Trading, LLC","3/1"
"ISHARES INC MSCI TURKEY ETF","TUR","Susquehanna Securities, LLC","7/1"
"ISHARES INC MSCI WORLD ETF","URTH","Belvedere Trading LLC","5/1"
"iShares Intermediate Government/Credit Bond ETF","GVI","Susquehanna Securities, LLC","7/1"
"iShares International High Yield Bond ETF","HYXU","Wolverine Trading, LLC","3/1"
"iShares International Select Dividend ETF","IDV","Susquehanna Securities, LLC","7/1"
"iShares J.P. Morgan EM Corporate Bond ETF","CEMB","Wolverine Trading, LLC","3/1"
"iShares Mortgage Real Estate ETF","REM","Susquehanna Securities, LLC","7/1"
"iShares MSCI Chile ETF","ECH","Wolverine Trading, LLC","8/1"
"iShares MSCI China A ETF","CNYA","Belvedere Trading LLC","2/1"
"iShares MSCI EAFE Growth ETF","EFG","Belvedere Trading LLC","2/1"
"iShares MSCI EAFE Min Vol Factor ETF","EFAV","Susquehanna Securities, LLC","7/1"
"iShares MSCI EAFE Value ETF","EFV","Belvedere Trading LLC","5/1"
"iShares MSCI Emerging Markets Min Vol Factor ETF","EEMV","Susquehanna Securities, LLC","7/1"
"iShares MSCI Eurozone ETF","EZU","Susquehanna Securities, LLC","7/1"
"iShares MSCI Global Metals & Mining Producers ETF","PICK","Susquehanna Securities, LLC","7/1"
"iShares MSCI Global Min Vol Factor ETF","ACWV","Susquehanna Securities, LLC","7/1"
"iShares MSCI Global Silver and Metals Miners ETF","SLVP","Wolverine Trading, LLC","3/1"
"iShares MSCI India ETF","INDA","Wolverine Trading, LLC","8/1"
"iShares MSCI USA Min Vol Factor ETF","USMV","Susquehanna Securities, LLC","7/1"
"iShares MSCI USA Momentum Factor ETF","MTUM","Wolverine Trading, LLC","8/1"
"iShares MSCI USA Quality Factor ETF","QUAL","Wolverine Trading, LLC","3/1"
"iShares MSCI USA Value Factor ETF","VLUE","Wolverine Trading, LLC","3/1"
"iShares North American Natural Resources ETF","IGE","Belvedere Trading LLC","3/1"
"ISHARES S&P GSCI COMMODITY- IN UNIT BEN INT","GSG","Citadel Securities LLC","5/1"
"iShares Short Duration Bond Active ETF","NEAR","Belvedere Trading LLC","6/1"
"ISHARES SILVER TR ISHARES","SLV","Susquehanna Securities, LLC","8/1"
"ISHARES TR 0-5 YR TIPS ETF","STIP","Citadel Securities LLC","3/1"
"ISHARES TR 0-5YR HI YL CP","SHYG","Wolverine Trading, LLC","3/1"
"ISHARES TR 1 3 YR TREAS BD","SHY","Citadel Securities LLC","5/1"
"ISHARES TR 10+ YR INVST GRD","IGLB","Susquehanna Securities, LLC","7/1"
"ISHARES TR 10-20 YR TRS ETF","TLH","Susquehanna Securities, LLC","7/1"
"ISHARES TR 20 YR TR BD ETF","TLT","Citadel Securities LLC","6/1"
"ISHARES TR 3 7 YR TREAS BD","IEI","Citadel Securities LLC","1/1"
"ISHARES TR 7-10 YR TRSY BD","IEF","IMC-Chicago, LLC dba IMC Financial Markets","2/1"
"ISHARES TR ASIA 50 ETF","AIA","Belvedere Trading LLC","2/1"
"ISHARES TR CHINA LG-CAP ETF","FXI","Citadel Securities LLC","7/1"
"ISHARES TR CHINA SM-CAP ETF","ECNS","Belvedere Trading LLC","3/1"
"ISHARES TR COPPER & METALS","ICOP","Belvedere Trading LLC","5/1"
"ISHARES TR CORE 1 5 YR USD","ISTB","Belvedere Trading LLC","5/1"
"ISHARES TR CORE DIV GRWTH","DGRO","Belvedere Trading LLC","3/1"
"ISHARES TR CORE HIGH DV ETF","HDV","Belvedere Trading LLC","1/1"
"ISHARES TR CORE MSCI EURO","IEUR","Belvedere Trading LLC","6/1"
"ISHARES TR CORE MSCI PAC","IPAC","Wolverine Trading, LLC","5/1"
"ISHARES TR CORE MSCI TOTAL","IXUS","Susquehanna Securities, LLC","7/1"
"ISHARES TR CORE S&P MCP ETF","IJH","Citadel Securities LLC","2/1"
"ISHARES TR CORE S&P SCP ETF","IJR","Citadel Securities LLC","2/1"
"ISHARES TR CORE S&P TTL STK","ITOT","Susquehanna Securities, LLC","7/1"
"ISHARES TR CORE S&P US GWT","IUSG","Belvedere Trading LLC","5/1"
"ISHARES TR CORE S&P US VLU","IUSV","Belvedere Trading LLC","3/1"
"ISHARES TR CORE S&P500 ETF","IVV","Susquehanna Securities, LLC","7/1"
"ISHARES TR CORE TOTAL USD","IUSB","Belvedere Trading LLC","2/1"
"ISHARES TR CORE US AGGBD ET","AGG","Susquehanna Securities, LLC","7/1"
"ISHARES TR CRE U S REIT ETF","USRT","Wolverine Trading, LLC","3/1"
"ISHARES TR CUR HD EURZN ETF","HEZU","Belvedere Trading LLC","4/1"
"ISHARES TR CYBERSECURITY","IHAK","Wolverine Trading, LLC","3/1"
"ISHARES TR EAFE SML CP ETF","SCZ","Wolverine Trading, LLC","8/1"
"ISHARES TR EMERGNT FD & AGT","IVEG","Belvedere Trading LLC","1/1"
"ISHARES TR ESG AWRE 1 5 YR","SUSB","Belvedere Trading LLC","3/1"
"ISHARES TR EUROPE ETF","IEV","Susquehanna Securities, LLC","4/1"
"ISHARES TR EXPND TEC SC ETF","IGM","Belvedere Trading LLC","2/1"
"ISHARES TR EXPONENTIAL TECH","XT","Belvedere Trading LLC","5/1"
"ISHARES TR FALN ANGLS USD","FALN","Wolverine Trading, LLC","3/1"
"ISHARES TR FUTURE AI & TECH","ARTY","Belvedere Trading LLC","6/1"
"ISHARES TR FUTURE METAVERSE","IVRS","Belvedere Trading LLC","1/1"
"ISHARES TR GBL COMM SVC ETF","IXP","Susquehanna Securities, LLC","7/1"
"ISHARES TR GENOMICS IMMUN","IDNA","Belvedere Trading LLC","1/1"
"ISHARES TR GL CLEAN ENE ETF","ICLN","Susquehanna Securities, LLC","2/1"
"ISHARES TR GL TIMB FORE ETF","WOOD","Susquehanna Securities, LLC","7/1"
"ISHARES TR GLB INFRASTR ETF","IGF","Belvedere Trading LLC","7/1"
"ISHARES TR GLOB HLTHCRE ETF","IXJ","Belvedere Trading LLC","1/1"
"ISHARES TR GLOBAL 100 ETF","IOO","Susquehanna Securities, LLC","7/1"
"ISHARES TR GLOBAL ENERG ETF","IXC","Susquehanna Securities, LLC","7/1"
"ISHARES TR GLOBAL FINLS ETF","IXG","Belvedere Trading LLC","6/1"
"ISHARES TR GLOBAL MATER ETF","MXI","Belvedere Trading LLC","3/1"
"ISHARES TR GLOBAL REIT ETF","REET","Wolverine Trading, LLC","3/1"
"ISHARES TR GLOBAL TECH ETF","IXN","Belvedere Trading LLC","3/1"
"ISHARES TR HDG MSCI JAPAN","HEWJ","Belvedere Trading LLC","3/1"
"ISHARES TR IBOXX HI YD ETF","HYG","Jane Street Options, LLC","7/1"
"ISHARES TR IBOXX INV CP ETF","LQD","Susquehanna Securities, LLC","7/1"
"ISHARES TR INTL DEV RE ETF","IFGL","Belvedere Trading LLC","7/1"
"ISHARES TR INTL EQTY FACTOR","INTF","Belvedere Trading LLC","3/1"
"ISHARES TR INTL TREA BD ETF","IGOV","Susquehanna Securities, LLC","7/1"
"ISHARES TR ISHARES BIOTECH","IBB","Morgan Stanley & Co. LLC","6/1"
"ISHARES TR ISHARES SEMICDTR","SOXX","Susquehanna Securities, LLC","7/1"
"ISHARES TR ISHS 1-5YR INVS","IGSB","Wolverine Trading, LLC","3/1"
"ISHARES TR ISHS 5-10YR INVT","IGIB","Susquehanna Securities, LLC","7/1"
"ISHARES TR JPMORGAN USD EMG","EMB","Susquehanna Securities, LLC","7/1"
"ISHARES TR LATN AMER 40 ETF","ILF","Citadel Securities LLC","6/1"
"ISHARES TR LITHIUM MINRS","ILIT","Belvedere Trading LLC","6/1"
"ISHARES TR MBS ETF","MBB","Susquehanna Securities, LLC","7/1"
"ISHARES TR MICRO-CAP ETF","IWC","Susquehanna Securities, LLC","7/1"
"ISHARES TR MORNINGSTAR GRWT","ILCG","Wolverine Trading, LLC","3/1"
"ISHARES TR MRGSTR MD CP GRW","IMCG","Wolverine Trading, LLC","4/1"
"ISHARES TR MSCI AC ASIA ETF","AAXJ","Susquehanna Securities, LLC","7/1"
"ISHARES TR MSCI ACWI ETF","ACWI","Susquehanna Securities, LLC","7/1"
"ISHARES TR MSCI ACWI EX US","ACWX","Belvedere Trading LLC","7/1"
"ISHARES TR MSCI CHINA ETF","MCHI","Susquehanna Securities, LLC","7/1"
"ISHARES TR MSCI EAFE ETF","EFA","Susquehanna Securities, LLC","7/1"
"ISHARES TR MSCI EMG MKT ETF","EEM","Susquehanna Securities, LLC","7/1"
"ISHARES TR MSCI EURO FL ETF","EUFN","Susquehanna Securities, LLC","7/1"
"ISHARES TR MSCI INTL QUALTY","IQLT","Belvedere Trading LLC","2/1"
"ISHARES TR MSCI INTL VLU FT","IVLU","Wolverine Trading, LLC","3/1"
"ISHARES TR MSCI UK ETF NEW","EWU","Citadel Securities LLC","2/1"
"ISHARES TR MSCI USA ESG SLC","SUSA","Belvedere Trading LLC","2/1"
"ISHARES TR MSCI USA SZE FT","SIZE","Wolverine Trading, LLC","3/1"
"ISHARES TR NASDAQ TOP 30","QTOP","Belvedere Trading LLC","1/1"
"ISHARES TR NASDAQ-100 EX","QNXT","Belvedere Trading LLC","1/1"
"ISHARES TR NATIONAL MUN ETF","MUB","Citadel Securities LLC","5/1"
"ISHARES TR NEW ZEALAND ETF","ENZL","Susquehanna Securities, LLC","7/1"
"ISHARES TR PFD AND INCM SEC","PFF","Susquehanna Securities, LLC","7/1"
"ISHARES TR RESIDENTIAL MULT","REZ","Susquehanna Securities, LLC","7/1"
"ISHARES TR RUS 1000 ETF","IWB","Wolverine Trading, LLC","8/1"
"ISHARES TR RUS 1000 GRW ETF","IWF","Susquehanna Securities, LLC","7/1"
"ISHARES TR RUS 1000 VAL ETF","IWD","Wolverine Trading, LLC","8/1"
"ISHARES TR RUS 2000 GRW ETF","IWO","Morgan Stanley & Co. LLC","8/1"
"ISHARES TR RUS 2000 VAL ETF","IWN","Morgan Stanley & Co. LLC","8/1"
"ISHARES TR RUS MD CP GR ETF","IWP","Susquehanna Securities, LLC","7/1"
"ISHARES TR RUS MDCP VAL ETF","IWS","Susquehanna Securities, LLC","7/1"
"ISHARES TR RUS MID CAP ETF","IWR","Susquehanna Securities, LLC","7/1"
"ISHARES TR RUS TP200 VL ETF","IWX","Belvedere Trading LLC","1/1"
"ISHARES TR RUSSELL 2000 ETF","IWM","Morgan Stanley & Co. LLC","8/1"
"ISHARES TR RUSSELL 3000 ETF","IWV","Belvedere Trading LLC","2/1"
"ISHARES TR S&P 100 ETF","OEF","Citadel Securities LLC","5/1"
"ISHARES TR S&P 500 GRWT ETF","IVW","Susquehanna Securities, LLC","7/1"
"ISHARES TR S&P 500 VAL ETF","IVE","Belvedere Trading LLC","3/1"
"ISHARES TR S&P MC 400GR ETF","IJK","Susquehanna Securities, LLC","7/1"
"ISHARES TR S&P MC 400VL ETF","IJJ","Susquehanna Securities, LLC","7/1"
"ISHARES TR S&P SML 600 GWT","IJT","Susquehanna Securities, LLC","7/1"
"ISHARES TR SELECT DIVID ETF","DVY","Belvedere Trading LLC","6/1"
"ISHARES TR SELF DRIVNG EV","IDRV","Belvedere Trading LLC","1/1"
"ISHARES TR SHORT TREAS BD","SHV","Wolverine Trading, LLC","3/1"
"ISHARES TR SP SMCP600VL ETF","IJS","Susquehanna Securities, LLC","7/1"
"ISHARES TR TIPS BD ETF","TIP","Citadel Securities LLC","3/1"
"ISHARES TR TOP 20 U S STOCK","TOPT","Citadel Securities LLC","3/1"
"ISHARES TR TRS FLT RT BD","TFLO","Wolverine Trading, LLC","3/1"
"ISHARES TR U S EQUITY FACTR","LRGF","Belvedere Trading LLC","4/1"
"ISHARES TR U.S. BAS MTL ETF","IYM","Citadel Securities LLC","2/1"
"ISHARES TR U.S. ENERGY ETF","IYE","Susquehanna Securities, LLC","7/1"
"ISHARES TR U.S. FINLS ETF","IYF","Citadel Securities LLC","2/1"
"ISHARES TR U.S. MED DVC ETF","IHI","Belvedere Trading LLC","6/1"
"ISHARES TR U.S. PHARMA ETF","IHE","Morgan Stanley & Co. LLC","1/1"
"ISHARES TR U.S. REAL ES ETF","IYR","Citadel Securities LLC","5/1"
"ISHARES TR U.S. TECH ETF","IYW","Susquehanna Securities, LLC","7/1"
"ISHARES TR U.S. UTILITS ETF","IDU","Susquehanna Securities, LLC","7/1"
"ISHARES TR US BR DEL SE ETF","IAI","Citadel Securities LLC","1/1"
"ISHARES TR US CONSUM DISCRE","IYC","Belvedere Trading LLC","6/1"
"ISHARES TR US DIGITAL INFRA","IDGT","Susquehanna Securities, LLC","7/1"
"ISHARES TR US HLTHCARE ETF","IYH","Susquehanna Securities, LLC","7/1"
"ISHARES TR US HLTHCR PR ETF","IHF","Wolverine Trading, LLC","8/1"
"ISHARES TR US OIL EQ&SV ETF","IEZ","Citadel Securities LLC","6/1"
"ISHARES TR US REGNL BKS ETF","IAT","Citadel Securities LLC","2/1"
"ISHARES TR US SML CAP EQT","SMLF","Wolverine Trading, LLC","1/1"
"ISHARES TR USD INV GRDE ETF","USIG","Susquehanna Securities, LLC","7/1"
"ISHARES U S ETF TR BLOOMBERG ROLL","CMDY","Belvedere Trading LLC","1/1"
"ISHARES U S ETF TR COMMODITY CURVE","CCRV","Belvedere Trading LLC","3/1"
"ISHARES U S ETF TR GSCI CMDTY STGY","COMT","Citadel Securities LLC","2/1"
"ISHARES U S ETF TR INT RT HDG C B","LQDH","Belvedere Trading LLC","3/1"
"ISHARES U S ETF TR IT RT HDG HGYL","HYGH","Wolverine Trading, LLC","3/1"
"iShares U.S. Aerospace & Defense ETF","ITA","Wolverine Trading, LLC","3/1"
"iShares U.S. Consumer Focused ETF","IEDI","Belvedere Trading LLC","4/1"
"iShares U.S. Home Construction ETF","ITB","Citadel Securities LLC","1/1"
"iShares U.S. Infrastructure ETF","IFRA","Belvedere Trading LLC","3/1"
"iShares U.S. Oil & Gas Exploration & Production ETF","IEO","Citadel Securities LLC","5/1"
"iShares U.S. Telecommunications ETF","IYZ","Wolverine Trading, LLC","3/1"
"iShares U.S. Transportation ETF","IYT","Citadel Securities LLC","5/1"
"iShares U.S. Treasury Bond ETF","GOVT","Wolverine Trading, LLC","3/1"
"iShares Ultra Short-Term Bond Active ETF","ICSH","Group One Trading LLC","4/1"
"iShares US Small Cap Value Factor ETF","SVAL","Belvedere Trading LLC","1/1"
"ISPIRE TECHNOLOGY INC COM","ISPR","Citadel Securities LLC","1/1"
"IT TECH PACKAGING INC COM NEW","ITP","Citadel Securities LLC","3/1"
"ITAU UNIBANCO HLDG S A SPON ADR REP PFD","ITUB","Group One Trading LLC","4/1"
"ITEOS THERAPEUTICS INC COM","ITOS","Susquehanna Securities, LLC","2/1"
"ITRON INC COM","ITRI","Susquehanna Securities, LLC","1/1"
"ITT INC COM","ITT","Susquehanna Securities, LLC","2/1"
"ITURAN LOCATION AND CONTROL SHS","ITRN","Wolverine Trading, LLC","6/1"
"IVANHOE ELECTRIC INC COM","IE","Wolverine Trading, LLC","2/1"
"IZEA WORLDWIDE INC COM NEW","IZEA","Belvedere Trading LLC","5/1"
"J P MORGAN EXCHANGE TRADED FD DIV RTN EM EQT","JPEM","Belvedere Trading LLC","5/1"
"J P MORGAN EXCHANGE TRADED FD DIV RTN INT EQ","JPIN","Susquehanna Securities, LLC","5/1"
"J P MORGAN EXCHANGE TRADED FD EQUITY PREMIUM","JEPI","Wolverine Trading, LLC","3/1"
"J P MORGAN EXCHANGE TRADED FD INTRNL RES EQT","JIRE","Belvedere Trading LLC","4/1"
"J P MORGAN EXCHANGE TRADED FD JPMORGAN DIVER","JPUS","Belvedere Trading LLC","5/1"
"J P MORGAN EXCHANGE TRADED FD NASDAQ EQT PREM","JEPQ","Wolverine Trading, LLC","2/1"
"J P MORGAN EXCHANGE TRADED FD ULTRA SHRT ETF","JPST","Wolverine Trading, LLC","3/1"
"J P MORGAN EXCHANGE TRADED FD US QUALTY FCTR","JQUA","Wolverine Trading, LLC","6/1"
"J P MORGAN EXCHANGE TRADED FD US VALUE FACTR","JVAL","Wolverine Trading, LLC","1/1"
"JABIL INC COM","JBL","Susquehanna Securities, LLC","3/1"
"JACK IN THE BOX INC COM","JACK","Susquehanna Securities, LLC","2/1"
"JACKSON FINANCIAL INC COM CL A","JXN","Citadel Securities LLC","3/1"
"JACOBS SOLUTIONS INC COM","J","Susquehanna Securities, LLC","2/1"
"JAKKS PAC INC COM NEW","JAKK","Wolverine Trading, LLC","6/1"
"JAMES HARDIE INDS PLC SPONSORED ADR","JHX","Citadel Securities LLC","2/1"
"JAMES RIV GROUP LTD COM","JRVR","Group One Trading LLC","4/1"
"JAMF HLDG CORP COM","JAMF","Group One Trading LLC","4/1"
"JANUS DETROIT STR TR HENDERSON MTG","JMBS","Belvedere Trading LLC","4/1"
"JANUS DETROIT STR TR HENDRSON AAA CL","JAAA","Wolverine Trading, LLC","3/1"
"Janus Henderson B-BBB CLO ETF","JBBB","Citadel Securities LLC","2/1"
"JANUS HENDERSON GROUP PLC ORD SHS","JHG","Belvedere Trading LLC","5/1"
"JANUS INTERNATIONAL GROUP INC COMMON STOCK","JBI","Group One Trading LLC","4/1"
"JANUX THERAPEUTICS INC COM","JANX","Citadel Securities LLC","1/1"
"JASPER THERAPEUTICS INC COM NEW","JSPR","Group One Trading LLC","4/1"
"JAZZ PHARMACEUTICALS PLC SHS USD","JAZZ","Wolverine Trading, LLC","3/1"
"JBG SMITH PPTYS COM","JBGS","Susquehanna Securities, LLC","3/1"
"JBT MAREL CORPORATION COM","JBTM","Wolverine Trading, LLC","3/1"
"JD.COM INC SPON ADS CL A","JD","Citadel Securities LLC","4/1"
"JEFFERIES FINL GROUP INC COM","JEF","Morgan Stanley & Co. LLC","2/1"
"JELD-WEN HLDG INC COM","JELD","Susquehanna Securities, LLC","5/1"
"JETBLUE AWYS CORP COM","JBLU","Morgan Stanley & Co. LLC","1/1"
"JFROG LTD ORD SHS","FROG","Citadel Securities LLC","1/1"
"JINKOSOLAR HLDG CO LTD SPONSORED ADR","JKS","Wolverine Trading, LLC","1/1"
"JOBY AVIATION INC COMMON STOCK","JOBY","Susquehanna Securities, LLC","1/1"
"JOHN HANCOCK EXCHANGE TRADED MLTFCTR LRG CAP","JHML","Belvedere Trading LLC","6/1"
"JOHN MARSHALL BANCORP INC COM","JMSB","Wolverine Trading, LLC","2/1"
"JOHNSON & JOHNSON COM","JNJ","Citadel Securities LLC","2/1"
"JOHNSON CTLS INTL PLC SHS","JCI","Wolverine Trading, LLC","3/1"
"JOINT CORP COM","JYNT","Wolverine Trading, LLC","3/1"
"JONES LANG LASALLE INC COM","JLL","Susquehanna Securities, LLC","2/1"
"JOYY INC ADS REPSTG COM A","YY","Susquehanna Securities, LLC","1/1"
"JPMorgan BetaBuilders Canada ETF ","BBCA","Citadel Securities LLC","2/1"
"JPMorgan BetaBuilders Europe ETF ","BBEU","Citadel Securities LLC","3/1"
"JPMORGAN CHASE & CO. COM","JPM","Susquehanna Securities, LLC","4/1"
"JPMorgan Inflation Managed Bond ETF","JCPI","Belvedere Trading LLC","2/1"
"JPMorgan Ultra-Short Municipal Income ETF","JMST","Belvedere Trading LLC","2/1"
"JUMIA TECHNOLOGIES AG SPONSORED ADS","JMIA","Wolverine Trading, LLC","3/1"
"JUNIPER NETWORKS INC COM","JNPR","Citadel Securities LLC","2/1"
"KADANT INC COM","KAI","Susquehanna Securities, LLC","3/1"
"KAISER ALUMINUM CORP COM PAR $0.01","KALU","Susquehanna Securities, LLC","4/1"
"KALTURA INC COM","KLTR","Group One Trading LLC","4/1"
"KALVISTA PHARMACEUTICALS INC COM","KALV","Citadel Securities LLC","2/1"
"KANDI TECHNOLOGIES GROUP INC USD ORD SHS","KNDI","Group One Trading LLC","4/1"
"KANZHUN LIMITED SPONSORED ADS","BZ","Susquehanna Securities, LLC","3/1"
"KARTOON STUDIOS INC. COM NEW","TOON","Susquehanna Securities, LLC","6/1"
"KARYOPHARM THERAPEUTICS INC COM","KPTI","Susquehanna Securities, LLC","2/1"
"KAYNE ANDERSON ENERGY INFRSTR COM","KYN","Wolverine Trading, LLC","3/1"
"KB FINL GROUP INC SPONSORED ADR","KB","Susquehanna Securities, LLC","6/1"
"KB HOME COM","KBH","Susquehanna Securities, LLC","6/1"
"KBR INC COM","KBR","Susquehanna Securities, LLC","4/1"
"KE HLDGS INC SPONSORED ADS","BEKE","Citadel Securities LLC","5/1"
"KEARNY FINL CORP MD COM","KRNY","Citadel Securities LLC","3/1"
"KELLANOVA COM","K","Susquehanna Securities, LLC","5/1"
"KELLY SVCS INC CL A","KELYA","Belvedere Trading LLC","1/1"
"KENNAMETAL INC COM","KMT","Wolverine Trading, LLC","1/1"
"KENNEDY-WILSON HOLDINGS INC COM","KW","Belvedere Trading LLC","1/1"
"KENON HLDGS LTD SHS","KEN","Group One Trading LLC","3/1"
"KENVUE INC COM","KVUE","Citadel Securities LLC","3/1"
"KEROS THERAPEUTICS INC COM","KROS","Group One Trading LLC","4/1"
"KEURIG DR PEPPER INC COM","KDP","Wolverine Trading, LLC","2/1"
"KEY TRONIC CORP COM","KTCC","Belvedere Trading LLC","3/1"
"KEYCORP COM","KEY","Morgan Stanley & Co. LLC","6/1"
"KEYSIGHT TECHNOLOGIES INC COM","KEYS","Wolverine Trading, LLC","3/1"
"KEZAR LIFE SCIENCES INC COM NEW","KZR","Citadel Securities LLC","3/1"
"KFORCE INC COM","KFRC","Group One Trading LLC","4/1"
"KILROY RLTY CORP COM","KRC","Wolverine Trading, LLC","3/1"
"KIMBALL ELECTRONICS INC COM","KE","Belvedere Trading LLC","3/1"
"KIMBELL RTY PARTNERS LP UNIT","KRP","Susquehanna Securities, LLC","1/1"
"KIMBERLY-CLARK CORP COM","KMB","Susquehanna Securities, LLC","4/1"
"KIMCO RLTY CORP COM","KIM","Wolverine Trading, LLC","6/1"
"KINDER MORGAN INC DEL COM","KMI","Wolverine Trading, LLC","3/1"
"KINDERCARE LEARNING COMPANIES COM","KLC","Citadel Securities LLC","5/1"
"KINETIK HOLDINGS INC COM NEW CL A","KNTK","Group One Trading LLC","3/1"
"KINGSOFT CLOUD HLDGS LTD ADS","KC","Group One Trading LLC","4/1"
"KINIKSA PHARMACEUTICALS INTL P ORD SHS CL A","KNSA","Susquehanna Securities, LLC","1/1"
"KINROSS GOLD CORP COM","KGC","Susquehanna Securities, LLC","3/1"
"KINSALE CAP GROUP INC COM","KNSL","Wolverine Trading, LLC","3/1"
"KIRBY CORP COM","KEX","Wolverine Trading, LLC","1/1"
"KIRKLANDS INC COM","KIRK","Susquehanna Securities, LLC","4/1"
"KITE RLTY GROUP TR COM NEW","KRG","Susquehanna Securities, LLC","4/1"
"KKR & CO INC COM","KKR","Wolverine Trading, LLC","3/1"
"KKR REAL ESTATE FIN TR INC COM","KREF","Susquehanna Securities, LLC","6/1"
"KLA CORP COM NEW","KLAC","Susquehanna Securities, LLC","3/1"
"KLAVIYO INC COM SER A","KVYO","Wolverine Trading, LLC","5/1"
"KLX ENERGY SERVICS HOLDNGS INC COM NEW","KLXE","Group One Trading LLC","4/1"
"KNIFE RIVER CORP COMMON STOCK","KNF","Citadel Securities LLC","1/1"
"KNIGHT-SWIFT TRANSN HLDGS INC CL A","KNX","Citadel Securities LLC","3/1"
"KNOT OFFSHORE PARTNERS LP COM UNITS","KNOP","Wolverine Trading, LLC","2/1"
"KNOWLES CORP COM","KN","Citadel Securities LLC","6/1"
"KODIAK GAS SVCS INC COM","KGS","Citadel Securities LLC","6/1"
"KODIAK SCIENCES INC COM","KOD","Susquehanna Securities, LLC","3/1"
"KOHLS CORP COM","KSS","Citadel Securities LLC","5/1"
"KONINKLIJKE PHILIPS N V NY REGIS SHS NEW","PHG","Citadel Securities LLC","2/1"
"KONTOOR BRANDS INC COM","KTB","Morgan Stanley & Co. LLC","4/1"
"KOPIN CORP COM","KOPN","Citadel Securities LLC","5/1"
"KOPPERS HOLDINGS INC COM","KOP","Citadel Securities LLC","6/1"
"KOREA ELEC PWR CORP SPONSORED ADR","KEP","Group One Trading LLC","4/1"
"KORN FERRY COM NEW","KFY","Susquehanna Securities, LLC","2/1"
"KORNIT DIGITAL LTD SHS","KRNT","Wolverine Trading, LLC","3/1"
"KORU MEDICAL SYSTEMS INC COM","KRMD","Citadel Securities LLC","5/1"
"KOSMOS ENERGY LTD COM","KOS","Wolverine Trading, LLC","3/1"
"KRAFT HEINZ CO COM","KHC","Susquehanna Securities, LLC","2/1"
"KRANESHARES TRUST BOSERA MSCI CHIN","KBA","Susquehanna Securities, LLC","7/1"
"KRANESHARES TRUST CALIFORNIA CARB","KCCA","Belvedere Trading LLC","5/1"
"KRANESHARES TRUST CSI CHI INTERNET","KWEB","Citadel Securities LLC","3/1"
"KRANESHARES TRUST ELEC VEH FUTUR","KARS","Citadel Securities LLC","5/1"
"KRANESHARES TRUST EUROPEAN CARBON","KEUA","Group One Trading LLC","4/1"
"KRANESHARES TRUST GLOBAL CARB STRA","KRBN","Citadel Securities LLC","3/1"
"KRANESHARES TRUST GLOBAL LUXURY ID","KLXY","Belvedere Trading LLC","1/1"
"KRANESHARES TRUST HANG SENG TECH","KTEC","Belvedere Trading LLC","4/1"
"KRANESHARES TRUST KRANESHARES ROCK","KSEA","Belvedere Trading LLC","2/1"
"KRANESHARES TRUST KRANESHARES VALU","KVLE","Belvedere Trading LLC","2/1"
"KRANESHARES TRUST QUADRATIC DEFLA","BNDD","Citadel Securities LLC","6/1"
"KRANESHARES TRUST QUADRTC INT RT","IVOL","Belvedere Trading LLC","2/1"
"KRATOS DEFENSE & SEC SOLUTIONS COM NEW","KTOS","Susquehanna Securities, LLC","4/1"
"KRISPY KREME INC COM","DNUT","Susquehanna Securities, LLC","5/1"
"KROGER CO COM","KR","Susquehanna Securities, LLC","1/1"
"KRONOS BIO INC COM","KRON","Group One Trading LLC","4/1"
"KRONOS WORLDWIDE INC COM","KRO","Susquehanna Securities, LLC","3/1"
"KRYSTAL BIOTECH INC COM","KRYS","Wolverine Trading, LLC","3/1"
"KT CORP SPONSORED ADR","KT","Susquehanna Securities, LLC","2/1"
"KULICKE & SOFFA INDS INC COM","KLIC","Susquehanna Securities, LLC","2/1"
"KULR TECHNOLOGY GROUP INC COM","KULR","Susquehanna Securities, LLC","1/1"
"KURA ONCOLOGY INC COM","KURA","Susquehanna Securities, LLC","4/1"
"Kurv Yield Premium Strategy Amazon (AMZN) ETF","AMZP","Belvedere Trading LLC","1/1"
"KYMERA THERAPEUTICS INC COM","KYMR","Citadel Securities LLC","2/1"
"KYNDRYL HLDGS INC COMMON STOCK","KD","Wolverine Trading, LLC","3/1"
"KYVERNA THERAPEUTICS INC COM","KYTX","Citadel Securities LLC","5/1"
"L3HARRIS TECHNOLOGIES INC COM","LHX","Susquehanna Securities, LLC","3/1"
"LA Z BOY INC COM","LZB","Susquehanna Securities, LLC","2/1"
"LABCORP HOLDINGS INC COM SHS","LH","Morgan Stanley & Co. LLC","1/1"
"LADDER CAP CORP CL A","LADR","Susquehanna Securities, LLC","6/1"
"LAKELAND FINL CORP COM","LKFN","Susquehanna Securities, LLC","5/1"
"LAKELAND INDS INC COM","LAKE","Susquehanna Securities, LLC","6/1"
"LAM RESEARCH CORP COM NEW","LRCX","Citadel Securities LLC","6/1"
"LAMAR ADVERTISING CO NEW CL A","LAMR","Wolverine Trading, LLC","2/1"
"LAMB WESTON HLDGS INC COM","LW","Group One Trading LLC","4/1"
"LANDS END INC NEW COM","LE","Susquehanna Securities, LLC","3/1"
"LANDSEA HOMES CORP COM","LSEA","Belvedere Trading LLC","2/1"
"LANDSTAR SYS INC COM","LSTR","Citadel Securities LLC","1/1"
"LANTHEUS HLDGS INC COM","LNTH","Susquehanna Securities, LLC","5/1"
"LANZATECH GLOBAL INC COM","LNZA","Susquehanna Securities, LLC","1/1"
"LARGO INC COM","LGO","Citadel Securities LLC","1/1"
"LARIMAR THERAPEUTICS INC COM","LRMR","Group One Trading LLC","4/1"
"LAS VEGAS SANDS CORP COM","LVS","Morgan Stanley & Co. LLC","2/1"
"LATHAM GROUP INC COM","SWIM","Belvedere Trading LLC","6/1"
"LATTICE SEMICONDUCTOR CORP COM","LSCC","Citadel Securities LLC","6/1"
"LATTICE STRATEGIES TR HARTFORD MLT ETF","RODM","Wolverine Trading, LLC","3/1"
"LAUDER ESTEE COS INC CL A","EL","Citadel Securities LLC","3/1"
"LAUREATE EDUCATION INC COMMON STOCK","LAUR","Group One Trading LLC","4/1"
"LAZARD INC COM","LAZ","Susquehanna Securities, LLC","3/1"
"LCI INDS COM","LCII","Morgan Stanley & Co. LLC","3/1"
"LEAP THERAPEUTICS INC COM NEW","LPTX","Citadel Securities LLC","3/1"
"LEAR CORP COM NEW","LEA","Susquehanna Securities, LLC","3/1"
"LEGALZOOM COM INC COM","LZ","Citadel Securities LLC","6/1"
"LEGEND BIOTECH CORP SPONSORED ADS","LEGN","Citadel Securities LLC","3/1"
"LEGGETT & PLATT INC COM","LEG","Susquehanna Securities, LLC","3/1"
"LEIDOS HOLDINGS INC COM","LDOS","Group One Trading LLC","4/1"
"LEMAITRE VASCULAR INC COM","LMAT","Group One Trading LLC","4/1"
"LEMONADE INC COM","LMND","Citadel Securities LLC","1/1"
"LENDINGCLUB CORP COM NEW","LC","Citadel Securities LLC","2/1"
"LENDINGTREE INC NEW COM","TREE","Wolverine Trading, LLC","1/1"
"LENNOX INTL INC COM","LII","Wolverine Trading, LLC","2/1"
"LEONARDO DRS INC COM","DRS","Wolverine Trading, LLC","3/1"
"LESAKA TECHNOLOGIES INC COM NEW","LSAK","Susquehanna Securities, LLC","5/1"
"LESLIES INC COM","LESL","Susquehanna Securities, LLC","5/1"
"LEVI STRAUSS & CO NEW CL A COM STK","LEVI","Citadel Securities LLC","3/1"
"LEXEO THERAPEUTICS INC COM","LXEO","Susquehanna Securities, LLC","1/1"
"LEXICON PHARMACEUTICALS INC COM NEW","LXRX","Susquehanna Securities, LLC","4/1"
"LEXINFINTECH HLDGS LTD ADR","LX","Susquehanna Securities, LLC","5/1"
"LG DISPLAY CO LTD SPONS ADR REP","LPL","Susquehanna Securities, LLC","1/1"
"LGI HOMES INC COM","LGIH","Wolverine Trading, LLC","3/1"
"LI AUTO INC SPONSORED ADS","LI","Citadel Securities LLC","1/1"
"LI-CYCLE HOLDINGS CORP COM NEW","LICY","Citadel Securities LLC","6/1"
"LIBERTY BROADBAND CORP COM SER A","LBRDA","Susquehanna Securities, LLC","5/1"
"LIBERTY BROADBAND CORP COM SER C","LBRDK","Wolverine Trading, LLC","3/1"
"LIBERTY ENERGY INC COM CL A","LBRT","Belvedere Trading LLC","4/1"
"LIBERTY GLOBAL LTD COM CL A","LBTYA","Citadel Securities LLC","2/1"
"LIBERTY GLOBAL LTD COM CL C","LBTYK","Citadel Securities LLC","1/1"
"LIBERTY LATIN AMERICA LTD COM CL A","LILA","Susquehanna Securities, LLC","3/1"
"LIBERTY LATIN AMERICA LTD COM CL C","LILAK","Wolverine Trading, LLC","3/1"
"LIBERTY MEDIA CORP DEL COM LBTY LIV S A","LLYVA","Citadel Securities LLC","6/1"
"LIBERTY MEDIA CORP DEL COM LBTY LIV S C","LLYVK","Morgan Stanley & Co. LLC","6/1"
"LIBERTY MEDIA CORP DEL COM LBTY ONE S A","FWONA","Susquehanna Securities, LLC","3/1"
"LIBERTY MEDIA CORP DEL COM LBTY ONE S C","FWONK","Citadel Securities LLC","3/1"
"LIFE TIME GROUP HOLDINGS INC COMMON STOCK","LTH","Group One Trading LLC","4/1"
"LIFECORE BIOMEDICAL INC COM","LFCR","Susquehanna Securities, LLC","1/1"
"LIFEMD INC COM","LFMD","Belvedere Trading LLC","1/1"
"LIFESTANCE HEALTH GROUP INC COM","LFST","Wolverine Trading, LLC","3/1"
"LIFEVANTAGE CORP COM NEW","LFVN","Belvedere Trading LLC","1/1"
"LIFEWARD LTD SHS","LFWD","Susquehanna Securities, LLC","6/1"
"LIGAND PHARMACEUTICALS INC COM NEW","LGND","Wolverine Trading, LLC","1/1"
"LIGHT & WONDER INC COM","LNW","Morgan Stanley & Co. LLC","6/1"
"LIGHTBRIDGE CORP COM","LTBR","Belvedere Trading LLC","2/1"
"LIGHTSPEED COMMERCE INC SUB VTG SHS","LSPD","Wolverine Trading, LLC","3/1"
"LIGHTWAVE LOGIC INC COM","LWLG","Belvedere Trading LLC","6/1"
"LILIUM N V SHS CL A","LILMF","Belvedere Trading LLC","3/1"
"LIMBACH HLDGS INC COM","LMB","Susquehanna Securities, LLC","3/1"
"LIMONEIRA CO COM","LMNR","Susquehanna Securities, LLC","6/1"
"LINCOLN EDL SVCS CORP COM","LINC","Susquehanna Securities, LLC","2/1"
"LINCOLN ELEC HLDGS INC COM","LECO","Citadel Securities LLC","3/1"
"LINCOLN NATL CORP IND COM","LNC","Susquehanna Securities, LLC","2/1"
"LINDE PLC SHS","LIN","Susquehanna Securities, LLC","2/1"
"LINDSAY CORP COM","LNN","Citadel Securities LLC","2/1"
"LINEAGE CELL THERAPEUTICS INC COM","LCTX","Group One Trading LLC","4/1"
"LINEAGE INC COM","LINE","Citadel Securities LLC","3/1"
"LIONS GATE ENTMNT CORP CL A VTG","LGF.A","Group One Trading LLC","4/1"
"LIONS GATE ENTMNT CORP CL B NON VTG","LGF.B","Group One Trading LLC","4/1"
"LIQUIDIA CORPORATION COM NEW","LQDA","Citadel Securities LLC","5/1"
"LIQUIDITY SVCS INC COM","LQDT","Citadel Securities LLC","1/1"
"LISTED FD TR CORE ALT FD","CCOR","Belvedere Trading LLC","4/1"
"LISTED FD TR HORIZON KINETICS","INFL","Wolverine Trading, LLC","3/1"
"LISTED FD TR ROUNDHILL BALL","METV","Citadel Securities LLC","2/1"
"LISTED FD TR ROUNDHILL MAGNIF","MAGS","Citadel Securities LLC","6/1"
"LISTED FD TR ROUNDHILL SPORTS","BETZ","Citadel Securities LLC","2/1"
"LISTED FD TR ROUNDHILL VIDEO","NERD","Belvedere Trading LLC","4/1"
"LISTED FD TR SPEAR ALPHA ETF","SPRX","Belvedere Trading LLC","5/1"
"LISTED FD TR TEUCRIUM AGRI ST","TILL","Belvedere Trading LLC","3/1"
"LITHIA MTRS INC COM","LAD","Susquehanna Securities, LLC","3/1"
"LITHIUM AMERICAS ARGENTINA COR COM SHS","LAAC","Wolverine Trading, LLC","4/1"
"LITHIUM AMERS CORP NEW COM SHS","LAC","Group One Trading LLC","3/1"
"LITMAN GREGORY FDS TR IMGP DBI MANAGED","DBMF","Citadel Securities LLC","1/1"
"LITTELFUSE INC COM","LFUS","Susquehanna Securities, LLC","2/1"
"LIVANOVA PLC SHS","LIVN","Susquehanna Securities, LLC","2/1"
"LIVE NATION ENTERTAINMENT INC COM","LYV","Susquehanna Securities, LLC","6/1"
"LIVE OAK BANCSHARES INC COM","LOB","Wolverine Trading, LLC","2/1"
"LIVEONE INC COM","LVO","Citadel Securities LLC","5/1"
"LIVEPERSON INC COM","LPSN","Belvedere Trading LLC","2/1"
"LIVERAMP HLDGS INC COM","RAMP","Citadel Securities LLC","1/1"
"LIVEWIRE GROUP INC COM","LVWR","Wolverine Trading, LLC","3/1"
"LKQ CORP COM","LKQ","Morgan Stanley & Co. LLC","2/1"
"LLOYDS BANKING GROUP PLC SPONSORED ADR","LYG","Citadel Securities LLC","2/1"
"LOANDEPOT INC COM CL A","LDI","Susquehanna Securities, LLC","2/1"
"LOAR HOLDINGS INC COM SHS","LOAR","Wolverine Trading, LLC","4/1"
"LOCKHEED MARTIN CORP COM","LMT","Susquehanna Securities, LLC","5/1"
"LOEWS CORP COM","L","Susquehanna Securities, LLC","1/1"
"LOGILITY SUPPLY CHAIN SOLUTION COM","LGTY","Citadel Securities LLC","6/1"
"LOGITECH INTL S A SHS","LOGI","Citadel Securities LLC","5/1"
"LOMA NEGRA C I A S A MTN 144A SPONSORED ADS","LOMA","Group One Trading LLC","6/1"
"LOOP INDS INC COM","LOOP","Belvedere Trading LLC","5/1"
"LOUISIANA PAC CORP COM","LPX","Wolverine Trading, LLC","2/1"
"LOVESAC COMPANY COM","LOVE","Susquehanna Securities, LLC","5/1"
"LOWES COS INC COM","LOW","Citadel Securities LLC","3/1"
"LPL FINL HLDGS INC COM","LPLA","Citadel Securities LLC","2/1"
"LSB INDS INC COM","LXU","Citadel Securities LLC","5/1"
"LSI INDS INC OHIO COM","LYTS","Susquehanna Securities, LLC","5/1"
"LUCID GROUP INC COM","LCID","Citadel Securities LLC","1/1"
"LUCKY STRIKE ENTERTAINMENT COR CL A COM","LUCK","Wolverine Trading, LLC","3/1"
"LUFAX HOLDING LTD SPONSORED ADR","LU","Citadel Securities LLC","3/1"
"LULULEMON ATHLETICA INC COM","LULU","Citadel Securities LLC","2/1"
"LULUS FASHION LOUNGE HOLDINGS COM","LVLU","Wolverine Trading, LLC","3/1"
"LUMEN TECHNOLOGIES INC COM","LUMN","Citadel Securities LLC","2/1"
"LUMENTUM HLDGS INC COM","LITE","Citadel Securities LLC","1/1"
"LUMINAR TECHNOLOGIES INC COM NEW CL A","LAZR","Citadel Securities LLC","1/1"
"LUXFER HLDGS PLC SHS","LXFR","Wolverine Trading, LLC","3/1"
"LXP INDUSTRIAL TRUST COM","LXP","Susquehanna Securities, LLC","4/1"
"LYELL IMMUNOPHARMA INC COM","LYEL","Group One Trading LLC","4/1"
"LYFT INC CL A COM","LYFT","Morgan Stanley & Co. LLC","5/1"
"LYONDELLBASELL INDUSTRIES N V SHS - A -","LYB","Susquehanna Securities, LLC","3/1"
"M & T BK CORP COM","MTB","Wolverine Trading, LLC","2/1"
"M/I HOMES INC COM","MHO","Susquehanna Securities, LLC","2/1"
"MACERICH CO COM","MAC","Citadel Securities LLC","6/1"
"MACOM TECH SOLUTIONS HLDGS INC COM","MTSI","Wolverine Trading, LLC","3/1"
"MACROGENICS INC COM","MGNX","Citadel Securities LLC","3/1"
"MACYS INC COM","M","Morgan Stanley & Co. LLC","5/1"
"MADDEN STEVEN LTD COM","SHOO","Susquehanna Securities, LLC","6/1"
"MADISON SQUARE GARDEN ENTMT COM CL A","MSGE","Susquehanna Securities, LLC","3/1"
"MADISON SQUARE GRDN SPRT CORP CL A","MSGS","Susquehanna Securities, LLC","2/1"
"MADRIGAL PHARMACEUTICALS INC COM","MDGL","Citadel Securities LLC","4/1"
"MAG SILVER CORP COM","MAG","Susquehanna Securities, LLC","5/1"
"MAGIC SOFTWARE ENTERPRISES LTD ORD","MGIC","Wolverine Trading, LLC","3/1"
"MAGNA INTL INC COM","MGA","Wolverine Trading, LLC","5/1"
"MAGNACHIP SEMICONDUCTOR CORP N COM","MX","Belvedere Trading LLC","5/1"
"MAGNERA CORP COM SHS","MAGN","Belvedere Trading LLC","1/1"
"MAGNITE INC COM","MGNI","Citadel Securities LLC","2/1"
"MAGNOLIA OIL & GAS CORP CL A","MGY","Wolverine Trading, LLC","3/1"
"MAIDEN HOLDINGS LTD SHS","MHLD","Wolverine Trading, LLC","2/1"
"Main Sector Rotation ETF","SECT","Belvedere Trading LLC","2/1"
"MAIN STR CAP CORP COM","MAIN","Group One Trading LLC","4/1"
"Main Thematic Innovation ETF","TMAT","Morgan Stanley & Co. LLC","1/1"
"MAKEMYTRIP LIMITED MAURITIUS SHS","MMYT","Group One Trading LLC","4/1"
"MALIBU BOATS INC COM CL A","MBUU","Wolverine Trading, LLC","5/1"
"MAMAS CREATIONS INC COM","MAMA","Citadel Securities LLC","6/1"
"MAMMOTH ENERGY SVCS INC COM","TUSK","Group One Trading LLC","4/1"
"MANAGED PORTFOLIO SERIES TORTOISE NRAM PI","TPYP","Belvedere Trading LLC","5/1"
"MANCHESTER UTD PLC NEW ORD CL A","MANU","Susquehanna Securities, LLC","6/1"
"MANHATTAN ASSOCIATES INC COM","MANH","Wolverine Trading, LLC","3/1"
"MANITOWOC CO INC COM NEW","MTW","Group One Trading LLC","4/1"
"MANNKIND CORP COM NEW","MNKD","Citadel Securities LLC","5/1"
"MANPOWERGROUP INC WIS COM","MAN","Citadel Securities LLC","1/1"
"MANULIFE FINL CORP COM","MFC","Belvedere Trading LLC","1/1"
"MAPLEBEAR INC COM","CART","Susquehanna Securities, LLC","5/1"
"MARA HOLDINGS INC COM","MARA","Wolverine Trading, LLC","2/1"
"MARATHON PETE CORP COM","MPC","Susquehanna Securities, LLC","2/1"
"MARAVAI LIFESCIENCES HLDGS INC COM CL A","MRVI","Citadel Securities LLC","6/1"
"MARCUS & MILLICHAP INC COM","MMI","Belvedere Trading LLC","3/1"
"MARCUS CORP DEL COM","MCS","Belvedere Trading LLC","1/1"
"MAREX GROUP PLC ORD","MRX","Morgan Stanley & Co. LLC","2/1"
"MARINE PRODS CORP COM","MPX","Belvedere Trading LLC","5/1"
"MARINEMAX INC COM","HZO","Susquehanna Securities, LLC","1/1"
"MARINUS PHARMACEUTICALS INC COM NEW","MRNS","Susquehanna Securities, LLC","2/1"
"MARKEL GROUP INC COM","MKL","Susquehanna Securities, LLC","3/1"
"MARKETAXESS HLDGS INC COM","MKTX","Susquehanna Securities, LLC","3/1"
"MARKFORGED HOLDING CORPORATION COM NEW","MKFG","Wolverine Trading, LLC","3/1"
"MARQETA INC CLASS A COM","MQ","Wolverine Trading, LLC","3/1"
"MARRIOTT INTL INC NEW CL A","MAR","Morgan Stanley & Co. LLC","5/1"
"MARRIOTT VACATIONS WORLDWIDE C COM","VAC","Citadel Securities LLC","6/1"
"MARSH & MCLENNAN COS INC COM","MMC","Susquehanna Securities, LLC","3/1"
"MARTEN TRANS LTD COM","MRTN","Susquehanna Securities, LLC","4/1"
"MARTIN MARIETTA MATLS INC COM","MLM","Susquehanna Securities, LLC","6/1"
"MARTIN MIDSTREAM PRTNRS L P UNIT L P INT","MMLP","Susquehanna Securities, LLC","2/1"
"MARVELL TECHNOLOGY INC COM","MRVL","Citadel Securities LLC","3/1"
"MASCO CORP COM","MAS","Morgan Stanley & Co. LLC","2/1"
"MASIMO CORP COM","MASI","Susquehanna Securities, LLC","5/1"
"MASTEC INC COM","MTZ","Wolverine Trading, LLC","2/1"
"MASTERBRAND INC COMMON STOCK","MBC","Group One Trading LLC","5/1"
"MASTERCARD INCORPORATED CL A","MA","Citadel Securities LLC","6/1"
"MATADOR RES CO COM","MTDR","Citadel Securities LLC","6/1"
"MATCH GROUP INC NEW COM","MTCH","Susquehanna Securities, LLC","3/1"
"MATERIALISE NV SPONSORED ADS","MTLS","Wolverine Trading, LLC","3/1"
"Materials Select Sector Index S&P 500","SIXB","Susquehanna Securities, LLC","7/1"
"MATERION CORP COM","MTRN","Citadel Securities LLC","3/1"
"MATIV HOLDINGS INC COM","MATV","Susquehanna Securities, LLC","5/1"
"MATRIX SVC CO COM","MTRX","Wolverine Trading, LLC","4/1"
"MATSON INC COM","MATX","Citadel Securities LLC","1/1"
"MATTEL INC COM","MAT","Citadel Securities LLC","2/1"
"MATTERPORT INC COM CL A","MTTR","Susquehanna Securities, LLC","5/1"
"MATTHEWS INTL CORP CL A","MATW","Belvedere Trading LLC","2/1"
"MAXCYTE INC COM","MXCT","Group One Trading LLC","4/1"
"MAXEON SOLAR TECHNOLOGIES LTD SHS NEW","MAXN","Group One Trading LLC","4/1"
"MAXIMUS INC COM","MMS","Group One Trading LLC","4/1"
"MAXLINEAR INC COM","MXL","Citadel Securities LLC","1/1"
"MAYVILLE ENGR CO INC COM","MEC","Wolverine Trading, LLC","4/1"
"MBIA INC COM","MBI","Belvedere Trading LLC","3/1"
"MCCORMICK & CO INC COM NON VTG","MKC","Wolverine Trading, LLC","3/1"
"MCDONALDS CORP COM","MCD","Susquehanna Securities, LLC","1/1"
"MCEWEN MNG INC COM NEW","MUX","Susquehanna Securities, LLC","4/1"
"MCKESSON CORP COM","MCK","Citadel Securities LLC","4/1"
"MDU RES GROUP INC COM","MDU","Belvedere Trading LLC","3/1"
"MEDALLION FINL CORP COM","MFIN","Susquehanna Securities, LLC","1/1"
"MEDIAALPHA INC CL A","MAX","Susquehanna Securities, LLC","6/1"
"MEDICAL PPTYS TRUST INC COM","MPW","Morgan Stanley & Co. LLC","4/1"
"MEDICINOVA INC COM NEW","MNOV","Susquehanna Securities, LLC","3/1"
"MEDIFAST INC COM","MED","Morgan Stanley & Co. LLC","6/1"
"MEDIWOUND LTD SHS NEW","MDWD","Group One Trading LLC","2/1"
"MEDPACE HLDGS INC COM","MEDP","Susquehanna Securities, LLC","1/1"
"MEDTRONIC PLC SHS","MDT","Susquehanna Securities, LLC","3/1"
"MEI PHARMA INC COM","MEIP","Group One Trading LLC","4/1"
"MEIRAGTX HLDGS PLC COM","MGTX","Citadel Securities LLC","5/1"
"MELCO RESORTS AND ENTMNT LTD ADR","MLCO","Susquehanna Securities, LLC","2/1"
"MERCADOLIBRE INC COM","MELI","Wolverine Trading, LLC","2/1"
"MERCANTILE BK CORP COM","MBWM","Wolverine Trading, LLC","3/1"
"MERCER INTL INC COM","MERC","Citadel Securities LLC","5/1"
"MERCHANTS BANCORP IND COM","MBIN","Citadel Securities LLC","2/1"
"MERCK & CO INC COM","MRK","Wolverine Trading, LLC","2/1"
"MERCURY GENL CORP NEW COM","MCY","Wolverine Trading, LLC","4/1"
"MERCURY SYS INC COM","MRCY","Wolverine Trading, LLC","3/1"
"MERIDIANLINK INC COMMON STOCK","MLNK","Susquehanna Securities, LLC","5/1"
"MERIT MED SYS INC COM","MMSI","Wolverine Trading, LLC","3/1"
"MERITAGE HOMES CORP COM","MTH","Susquehanna Securities, LLC","3/1"
"MERSANA THERAPEUTICS INC COM","MRSN","Susquehanna Securities, LLC","3/1"
"MERUS N V COM","MRUS","Susquehanna Securities, LLC","4/1"
"MESA AIR GROUP INC COM NEW","MESA","Susquehanna Securities, LLC","1/1"
"MESABI TR CTF BEN INT","MSB","Wolverine Trading, LLC","2/1"
"MESOBLAST LTD SPONS ADR","MESO","Citadel Securities LLC","3/1"
"META MATERIALS INC COM NEW","MMATQ","Citadel Securities LLC","3/1"
"META PLATFORMS INC CL A","META","Susquehanna Securities, LLC","1/1"
"METALLA RTY & STREAMING LTD COM NEW","MTA","Susquehanna Securities, LLC","6/1"
"METALLUS INC COM","MTUS","Susquehanna Securities, LLC","2/1"
"METHANEX CORP COM","MEOH","Group One Trading LLC","4/1"
"METHODE ELECTRS INC COM","MEI","Wolverine Trading, LLC","3/1"
"METLIFE INC COM","MET","Citadel Securities LLC","1/1"
"METROCITY BANKSHARES INC COM","MCBS","Citadel Securities LLC","5/1"
"METROPOLITAN BK HLDG CORP COM","MCB","Citadel Securities LLC","5/1"
"METTLER TOLEDO INTERNATIONAL COM","MTD","Susquehanna Securities, LLC","6/1"
"MFA FINL INC COM","MFA","Citadel Securities LLC","3/1"
"MGE ENERGY INC COM","MGEE","Susquehanna Securities, LLC","3/1"
"MGIC INVT CORP WIS COM","MTG","Belvedere Trading LLC","5/1"
"MGM RESORTS INTERNATIONAL COM","MGM","Citadel Securities LLC","6/1"
"MGP INGREDIENTS INC NEW COM","MGPI","Citadel Securities LLC","3/1"
"MICROCHIP TECHNOLOGY INC. COM","MCHP","Optiver US LLC","6/1"
"MICRON TECHNOLOGY INC COM","MU","Susquehanna Securities, LLC","5/1"
"MICROSOFT CORP COM","MSFT","Susquehanna Securities, LLC","6/1"
"MICROSTRATEGY INC CL A NEW","MSTR","Jane Street Options, LLC","1/1"
"MICROVAST HOLDINGS INC COM","MVST","Wolverine Trading, LLC","3/1"
"MICROVISION INC DEL COM NEW","MVIS","Wolverine Trading, LLC","2/1"
"MID PENN BANCORP INC COM","MPB","Wolverine Trading, LLC","3/1"
"MID-AMER APT CMNTYS INC COM","MAA","Wolverine Trading, LLC","3/1"
"MIDCAP FINANCIAL INVSTMNT CORP COM NEW","MFIC","Belvedere Trading LLC","2/1"
"MIDDLEBY CORP COM","MIDD","Citadel Securities LLC","5/1"
"MIDLAND STATES BANCORP INC COM","MSBI","Wolverine Trading, LLC","6/1"
"MIDWESTONE FINL GROUP INC NEW COM","MOFG","Group One Trading LLC","2/1"
"MILESTONE PHARMACEUTICALS INC COM","MIST","Group One Trading LLC","4/1"
"MILLER INDS INC TENN COM NEW","MLR","Group One Trading LLC","4/1"
"MILLERKNOLL INC COM","MLKN","Belvedere Trading LLC","2/1"
"MILLICOM INTL CELLULAR S A COM STK","TIGO","Group One Trading LLC","2/1"
"MIMEDX GROUP INC COM","MDXG","Group One Trading LLC","4/1"
"MIND C T I LTD ORD","MNDO","Belvedere Trading LLC","3/1"
"MIND MEDICINE MINDMED INC COM NEW","MNMD","Belvedere Trading LLC","3/1"
"MINERALS TECHNOLOGIES INC COM","MTX","Susquehanna Securities, LLC","6/1"
"MINERALYS THERAPEUTICS INC COM","MLYS","Citadel Securities LLC","4/1"
"Mini Russell 2000 Index","MRUT","","8/1"
"Mini-SPX","XSP","","8/1"
"MINISO GROUP HLDG LTD SPONSORED ADS","MNSO","Wolverine Trading, LLC","3/1"
"MIRION TECHNOLOGIES INC COM CL A","MIR","Susquehanna Securities, LLC","2/1"
"MIRUM PHARMACEUTICALS INC COM","MIRM","Group One Trading LLC","4/1"
"MISSION PRODUCE INC COM","AVO","Citadel Securities LLC","3/1"
"MISTER CAR WASH INC COM","MCW","Citadel Securities LLC","2/1"
"MISTRAS GROUP INC COM","MG","Wolverine Trading, LLC","3/1"
"MITEK SYS INC COM NEW","MITK","Susquehanna Securities, LLC","4/1"
"MITSUBISHI UFJ FINL GROUP INC SPONSORED ADS","MUFG","Citadel Securities LLC","3/1"
"MIZUHO FINANCIAL GROUP INC SPONSORED ADR","MFG","Wolverine Trading, LLC","3/1"
"MKS INSTRS INC COM","MKSI","Wolverine Trading, LLC","5/1"
"MOBILEYE GLOBAL INC COMMON CLASS A","MBLY","Citadel Securities LLC","5/1"
"MODERNA INC COM","MRNA","IMC-Chicago, LLC dba IMC Financial Markets","4/1"
"MODINE MFG CO COM","MOD","Wolverine Trading, LLC","1/1"
"MODIVCARE INC COM","MODV","Wolverine Trading, LLC","2/1"
"MOELIS & CO CL A","MC","Citadel Securities LLC","3/1"
"MOGO INC COM","MOGO","Morgan Stanley & Co. LLC","3/1"
"MOHAWK INDS INC COM","MHK","Susquehanna Securities, LLC","5/1"
"MOLINA HEALTHCARE INC COM","MOH","Citadel Securities LLC","4/1"
"MOLSON COORS BEVERAGE CO CL B","TAP","Susquehanna Securities, LLC","3/1"
"MONARCH CASINO & RESORT INC COM","MCRI","Susquehanna Securities, LLC","5/1"
"MONDAY COM LTD SHS","MNDY","Wolverine Trading, LLC","3/1"
"MONDELEZ INTL INC CL A","MDLZ","Susquehanna Securities, LLC","1/1"
"MONEYHERO LIMITED ORD SHS","MNY","Wolverine Trading, LLC","3/1"
"MONGODB INC CL A","MDB","Citadel Securities LLC","3/1"
"MONOLITHIC PWR SYS INC COM","MPWR","Susquehanna Securities, LLC","5/1"
"MONRO INC COM","MNRO","Belvedere Trading LLC","5/1"
"MONROE CAP CORP COM","MRCC","Wolverine Trading, LLC","3/1"
"MONSTER BEVERAGE CORP NEW COM","MNST","Susquehanna Securities, LLC","2/1"
"MONTAUK RENEWABLES INC COM","MNTK","Susquehanna Securities, LLC","5/1"
"MONTROSE ENVIRONMENTAL GROUP I COM","MEG","Citadel Securities LLC","3/1"
"MOODYS CORP COM","MCO","Wolverine Trading, LLC","3/1"
"MOONLAKE IMMUNOTHERAPEUTICS CLASS A ORD","MLTX","Group One Trading LLC","2/1"
"MORGAN STANLEY CHINA A SH FD I COM","CAF","Belvedere Trading LLC","3/1"
"MORGAN STANLEY COM NEW","MS","Susquehanna Securities, LLC","3/1"
"MORGAN STANLEY DIRECT LENDING COM SHS","MSDL","Susquehanna Securities, LLC","4/1"
"MORGAN STANLEY ETF TRUST CALVERT INTERNAT","CVIE","Belvedere Trading LLC","6/1"
"MORGAN STANLEY ETF TRUST CALVERT US LARCP","CVLC","Belvedere Trading LLC","1/1"
"MORGAN STANLEY ETF TRUST CALVERT US LRGCP","CDEI","Belvedere Trading LLC","4/1"
"MORGAN STANLEY ETF TRUST CALVERT US SEL","CVSE","Belvedere Trading LLC","2/1"
"MORNINGSTAR INC COM","MORN","Citadel Securities LLC","1/1"
"MOSAIC CO NEW COM","MOS","Susquehanna Securities, LLC","5/1"
"MOTORCAR PTS AMER INC COM","MPAA","Belvedere Trading LLC","3/1"
"MOTOROLA SOLUTIONS INC COM NEW","MSI","Wolverine Trading, LLC","6/1"
"MOVADO GROUP INC COM","MOV","Wolverine Trading, LLC","2/1"
"MP MATERIALS CORP COM CL A","MP","Group One Trading LLC","4/1"
"MPLX LP COM UNIT REP LTD","MPLX","Susquehanna Securities, LLC","3/1"
"MR COOPER GROUP INC COM","COOP","Group One Trading LLC","4/1"
"MRC GLOBAL INC COM","MRC","Wolverine Trading, LLC","3/1"
"MSA SAFETY INC COM","MSA","Citadel Securities LLC","5/1"
"MSC INDL DIRECT INC CL A","MSM","Citadel Securities LLC","1/1"
"MSCI ACWI Net Total Return USD Index","MXACW","","7/1"
"MSCI Emerging Markets Index","MXEA","","7/1"
"MSCI Emerging Markets Index","MXEF","","7/1"
"MSCI INC COM","MSCI","Susquehanna Securities, LLC","6/1"
"MSCI USA Gross Total Return USD Index","MXUSA","","7/1"
"MSCI World Net Total Return USD Index","MXWLD","","7/1"
"MUELLER INDS INC COM","MLI","Susquehanna Securities, LLC","1/1"
"MUELLER WTR PRODS INC COM SER A","MWA","Group One Trading LLC","4/1"
"MULLEN AUTOMOTIVE INC COM NEW","MULN","Group One Trading LLC","4/1"
"MULTIPLAN CORPORATION CL A NEW","MPLN","Susquehanna Securities, LLC","3/1"
"MURAL ONCOLOGY PUB LTD CO ORD SHS","MURA","Group One Trading LLC","5/1"
"MURPHY OIL CORP COM","MUR","Susquehanna Securities, LLC","5/1"
"MURPHY USA INC COM","MUSA","Susquehanna Securities, LLC","5/1"
"MV OIL TR TR UNITS","MVO","Group One Trading LLC","4/1"
"MYERS INDS INC COM","MYE","Citadel Securities LLC","2/1"
"MYR GROUP INC DEL COM","MYRG","Wolverine Trading, LLC","2/1"
"MYRIAD GENETICS INC COM","MYGN","Susquehanna Securities, LLC","3/1"
"MYT NETHERLANDS PARENT B V ADS","MYTE","Belvedere Trading LLC","1/1"
"N-ABLE INC COMMON STOCK","NABL","Wolverine Trading, LLC","3/1"
"NABORS INDUSTRIES LTD SHS","NBR","Citadel Securities LLC","5/1"
"NANO DIMENSION LTD SPONSORD ADS NEW","NNDM","Citadel Securities LLC","4/1"
"NANO NUCLEAR ENERGY INC COM","NNE","IMC-Chicago, LLC dba IMC Financial Markets","1/1"
"NANO X IMAGING LTD ORD SHS","NNOX","Group One Trading LLC","4/1"
"NANOS Index","NANOS","","8/1"
"NANOVIRICIDES INC COM","NNVC","Group One Trading LLC","4/1"
"NAPCO SEC TECHNOLOGIES INC COM","NSSC","Group One Trading LLC","4/1"
"NASDAQ 100 Index","NDX","","8/1"
"NASDAQ INC COM","NDAQ","Susquehanna Securities, LLC","4/1"
"Nasdaq-100 Micro Index","XND","","8/1"
"NATERA INC COM","NTRA","Wolverine Trading, LLC","1/1"
"NATIONAL BEVERAGE CORP COM","FIZZ","Wolverine Trading, LLC","4/1"
"NATIONAL BK HLDGS CORP CL A","NBHC","Susquehanna Securities, LLC","2/1"
"NATIONAL CINEMEDIA INC COM NEW","NCMI","Citadel Securities LLC","1/1"
"NATIONAL FUEL GAS CO COM","NFG","Group One Trading LLC","4/1"
"NATIONAL GRID PLC SPONSORED ADR NE","NGG","Susquehanna Securities, LLC","1/1"
"NATIONAL HEALTHCARE CORP COM","NHC","Susquehanna Securities, LLC","2/1"
"NATIONAL RESH CORP COM NEW","NRC","Citadel Securities LLC","6/1"
"NATIONAL STORAGE AFFILIATES TR COM SHS BEN IN","NSA","Citadel Securities LLC","3/1"
"NATIONAL VISION HLDGS INC COM","EYE","Wolverine Trading, LLC","3/1"
"NATURAL GAS SVCS GROUP INC COM","NGS","Wolverine Trading, LLC","5/1"
"NATURAL GROCERS BY VITAMIN COT COM","NGVC","Susquehanna Securities, LLC","3/1"
"NATURAL HEALTH TRENDS CORP COM","NHTC","Belvedere Trading LLC","2/1"
"NATURAL RESOURCE PARTNERS L P COM UNIT LTD PAR","NRP","Citadel Securities LLC","6/1"
"NATURES SUNSHINE PRODS INC COM","NATR","Group One Trading LLC","4/1"
"NATWEST GROUP PLC SPONS ADR","NWG","Wolverine Trading, LLC","3/1"
"NAUTILUS BIOTECHNOLOGY INC COM","NAUT","Susquehanna Securities, LLC","6/1"
"NAVIENT CORPORATION COM","NAVI","Citadel Securities LLC","1/1"
"NAVIGATOR HLDGS LTD SHS","NVGS","Morgan Stanley & Co. LLC","4/1"
"NAVIOS MARITIME PARTNERS L P COM UNIT LPI","NMM","Group One Trading LLC","4/1"
"NAVITAS SEMICONDUCTOR CORP COM","NVTS","Wolverine Trading, LLC","3/1"
"NB BANCORP INC COM","NBBK","Belvedere Trading LLC","6/1"
"NBT BANCORP INC COM","NBTB","Citadel Securities LLC","1/1"
"NCINO INC COM","NCNO","Citadel Securities LLC","4/1"
"NCR ATLEOS CORPORATION COM SHS","NATL","Citadel Securities LLC","6/1"
"NCR VOYIX CORPORATION COM","VYX","Citadel Securities LLC","3/1"
"NEBIUS GROUP N.V. SHS CLASS A","NBIS","IMC-Chicago, LLC dba IMC Financial Markets","1/1"
"NEKTAR THERAPEUTICS COM","NKTR","Wolverine Trading, LLC","5/1"
"NELNET INC CL A","NNI","Wolverine Trading, LLC","4/1"
"NEOGEN CORP COM","NEOG","Group One Trading LLC","4/1"
"NEOGENOMICS INC COM NEW","NEO","Group One Trading LLC","4/1"
"NEONODE INC COM PAR","NEON","Susquehanna Securities, LLC","1/1"
"NEOS ETF TRUST NASDAQ 100 HDGD","NUSI","Wolverine Trading, LLC","3/1"
"NEOS ETF TRUST NASDAQ 100 HIGH","QQQI","Morgan Stanley & Co. LLC","8/1"
"NEOS Russell 2000 High Income ETF","IWMI","Belvedere Trading LLC","8/1"
"NEOS S&P 500 High Income ETF","SPYI","Morgan Stanley & Co. LLC","5/1"
"NERDWALLET INC COM CL A","NRDS","Susquehanna Securities, LLC","5/1"
"NERDY INC CL A COM","NRDY","Belvedere Trading LLC","6/1"
"NET LEASE OFFICE PROPERTIES COM","NLOP","Wolverine Trading, LLC","3/1"
"NET POWER INC COM CL A","NPWR","Belvedere Trading LLC","1/1"
"NETAPP INC COM","NTAP","Morgan Stanley & Co. LLC","5/1"
"NETEASE INC SPONSORED ADS","NTES","Susquehanna Securities, LLC","1/1"
"NETFLIX INC COM","NFLX","Susquehanna Securities, LLC","2/1"
"NETGEAR INC COM","NTGR","Citadel Securities LLC","2/1"
"NETSCOUT SYS INC COM","NTCT","Belvedere Trading LLC","5/1"
"NETSOL TECHNOLOGIES INC COM PAR $.001","NTWK","Wolverine Trading, LLC","1/1"
"NETSTREIT CORP COM","NTST","Citadel Securities LLC","2/1"
"NEUMORA THERAPEUTICS INC. COM","NMRA","Group One Trading LLC","4/1"
"NEUROCRINE BIOSCIENCES INC COM","NBIX","Susquehanna Securities, LLC","5/1"
"NEUROGENE INC COM","NGNE","Group One Trading LLC","6/1"
"NEURONETICS INC COM","STIM","Susquehanna Securities, LLC","2/1"
"NEUROONE MED TECHNOLOGIES CORP COM NEW","NMTC","Group One Trading LLC","4/1"
"NEUROPACE INC COM","NPCE","Wolverine Trading, LLC","6/1"
"NEVRO CORP COM","NVRO","Citadel Securities LLC","4/1"
"NEW FORTRESS ENERGY INC COM CL A","NFE","Susquehanna Securities, LLC","3/1"
"NEW FOUND GOLD CORP COM","NFGC","Citadel Securities LLC","4/1"
"NEW GOLD INC CDA COM","NGD","Citadel Securities LLC","5/1"
"NEW MTN FIN CORP COM","NMFC","Belvedere Trading LLC","2/1"
"NEW ORIENTAL ED & TECHNOLOGY G SPON ADR","EDU","Citadel Securities LLC","1/1"
"NEW PAC METALS CORP COM","NEWP","Wolverine Trading, LLC","3/1"
"NEW YORK LIFE INVESTMENTS ETF NYLI HEDGE MULTI","QAI","Wolverine Trading, LLC","4/1"
"NEW YORK LIFE INVESTMENTS ETF NYLI MERGER ARBI","MNA","Wolverine Trading, LLC","1/1"
"NEW YORK TIMES CO CL A","NYT","Citadel Securities LLC","6/1"
"NEWAMSTERDAM PHARMA COMPANY NV ORDINARY SHARES","NAMS","Citadel Securities LLC","5/1"
"NEWEGG COMMERCE INC COMMON SHARES","NEGG","Susquehanna Securities, LLC","3/1"
"NEWELL BRANDS INC COM","NWL","Susquehanna Securities, LLC","2/1"
"NEWMARK GROUP INC CL A","NMRK","Susquehanna Securities, LLC","1/1"
"NEWMARKET CORP COM","NEU","Wolverine Trading, LLC","3/1"
"NEWMONT CORP COM","NEM","Susquehanna Securities, LLC","3/1"
"NEWS CORP NEW CL A","NWSA","Susquehanna Securities, LLC","3/1"
"NEWS CORP NEW CL B","NWS","Belvedere Trading LLC","4/1"
"NEWTEKONE INC COM NEW","NEWT","Wolverine Trading, LLC","3/1"
"NEXA RES S A COM","NEXA","Belvedere Trading LLC","3/1"
"NEXGEN ENERGY LTD COM","NXE","Citadel Securities LLC","2/1"
"NEXPOINT DIVERSIFIED REL ET TR COM NEW","NXDT","Belvedere Trading LLC","4/1"
"NEXPOINT RESIDENTIAL TR INC COM","NXRT","Belvedere Trading LLC","3/1"
"NEXSTAR MEDIA GROUP INC COMMON STOCK","NXST","Susquehanna Securities, LLC","4/1"
"NEXTDECADE CORP COM","NEXT","Wolverine Trading, LLC","3/1"
"NEXTDOOR HOLDINGS INC COM CL A","KIND","Belvedere Trading LLC","3/1"
"NEXTERA ENERGY INC COM","NEE","Wolverine Trading, LLC","2/1"
"NEXTERA ENERGY PARTNERS LP COM UNIT PART IN","NEP","Group One Trading LLC","4/1"
"NEXTNAV INC COMMON STOCK","NN","Group One Trading LLC","6/1"
"NEXTRACKER INC CLASS A COM","NXT","Citadel Securities LLC","4/1"
"NEXXEN INTERNATIONAL LTD SPON ADR","NEXN","Citadel Securities LLC","5/1"
"NGL ENERGY PARTNERS LP COM UNIT REPST","NGL","Wolverine Trading, LLC","2/1"
"NICE LTD SPONSORED ADR","NICE","Morgan Stanley & Co. LLC","5/1"
"NIKE INC CL B","NKE","Citadel Securities LLC","3/1"
"NIKOLA CORP COM NEW","NKLA","Wolverine Trading, LLC","3/1"
"NINE ENERGY SERVICE INC COM","NINE","Susquehanna Securities, LLC","5/1"
"NIO INC SPON ADS","NIO","Citadel Securities LLC","5/1"
"NISOURCE INC COM","NI","Group One Trading LLC","4/1"
"NIU TECHNOLOGIES ADS","NIU","Group One Trading LLC","4/1"
"NKARTA INC COM","NKTX","Group One Trading LLC","4/1"
"NLIGHT INC COM","LASR","Citadel Securities LLC","2/1"
"NMI HLDGS INC COM","NMIH","Susquehanna Securities, LLC","5/1"
"NN INC COM","NNBR","Belvedere Trading LLC","1/1"
"NNN REIT INC COM","NNN","Wolverine Trading, LLC","5/1"
"NOAH HLDGS LTD SPON ADS","NOAH","Susquehanna Securities, LLC","2/1"
"NOBLE CORP PLC ORD SHS A","NE","Susquehanna Securities, LLC","6/1"
"NOKIA CORP SPONSORED ADR","NOK","Susquehanna Securities, LLC","3/1"
"NOMAD FOODS LTD USD ORD SHS","NOMD","Susquehanna Securities, LLC","5/1"
"NOMURA HLDGS INC SPONSORED ADR","NMR","Wolverine Trading, LLC","3/1"
"NOODLES & CO COM CL A","NDLS","Susquehanna Securities, LLC","3/1"
"NORDIC AMERICAN TANKERS LIMITE COM","NAT","Group One Trading LLC","4/1"
"NORDSON CORP COM","NDSN","Susquehanna Securities, LLC","2/1"
"NORDSTROM INC COM","JWN","Susquehanna Securities, LLC","1/1"
"NORFOLK SOUTHN CORP COM","NSC","Citadel Securities LLC","2/1"
"NORTH AMERN CONSTR GROUP LTD COM","NOA","Wolverine Trading, LLC","2/1"
"NORTHEAST CMNTY BANCORP INC COM","NECB","Belvedere Trading LLC","2/1"
"NORTHERN DYNASTY MINERALS LTD COM NEW","NAK","Susquehanna Securities, LLC","6/1"
"NORTHERN OIL & GAS INC COM","NOG","Group One Trading LLC","4/1"
"NORTHERN TR CORP COM","NTRS","Morgan Stanley & Co. LLC","5/1"
"NORTHFIELD BANCORP INC DEL COM","NFBK","Wolverine Trading, LLC","5/1"
"NORTHROP GRUMMAN CORP COM","NOC","Citadel Securities LLC","5/1"
"NORTHWEST NAT HLDG CO COM","NWN","Citadel Securities LLC","2/1"
"NORTHWEST PIPE CO COM","NWPX","Wolverine Trading, LLC","1/1"
"NORTHWESTERN ENERGY GROUP INC COM NEW","NWE","Susquehanna Securities, LLC","6/1"
"NORWEGIAN CRUISE LINE HLDG LTD SHS","NCLH","Wolverine Trading, LLC","4/1"
"NOV INC COM","NOV","Citadel Securities LLC","3/1"
"NOVA LTD COM","NVMI","Wolverine Trading, LLC","1/1"
"NOVAGOLD RES INC COM NEW","NG","Susquehanna Securities, LLC","1/1"
"NOVANTA INC COM","NOVT","Citadel Securities LLC","1/1"
"NOVARTIS AG SPONSORED ADR","NVS","Susquehanna Securities, LLC","4/1"
"NOVAVAX INC COM NEW","NVAX","Citadel Securities LLC","3/1"
"NOVO-NORDISK A S ADR","NVO","Morgan Stanley & Co. LLC","4/1"
"NOVOCURE LTD ORD SHS","NVCR","Susquehanna Securities, LLC","4/1"
"NPK INTERNATIONAL INC COM SHS","NPKI","Belvedere Trading LLC","5/1"
"NRG ENERGY INC COM NEW","NRG","Susquehanna Securities, LLC","5/1"
"NRX PHARMACEUTICALS INC COM NEW","NRXP","Belvedere Trading LLC","1/1"
"NU HLDGS LTD ORD SHS CL A","NU","Citadel Securities LLC","5/1"
"NU SKIN ENTERPRISES INC CL A","NUS","Wolverine Trading, LLC","2/1"
"NUCOR CORP COM","NUE","Susquehanna Securities, LLC","1/1"
"NURIX THERAPEUTICS INC COM","NRIX","Citadel Securities LLC","3/1"
"NUSCALE PWR CORP CL A COM","SMR","Belvedere Trading LLC","3/1"
"NUTANIX INC CL A","NTNX","Susquehanna Securities, LLC","2/1"
"NUTRIEN LTD COM","NTR","Citadel Securities LLC","2/1"
"NUVALENT INC COM","NUVL","Group One Trading LLC","3/1"
"NUVATION BIO INC COM CL A","NUVB","Belvedere Trading LLC","3/1"
"NUVECTIS PHARMA INC COM","NVCT","Group One Trading LLC","5/1"
"NUVEEN NEW YORK QLT MUN INC FD COM","NAN","Belvedere Trading LLC","6/1"
"NV5 GLOBAL INC COM","NVEE","Citadel Securities LLC","5/1"
"NVENT ELECTRIC PLC SHS","NVT","Susquehanna Securities, LLC","5/1"
"NVIDIA CORPORATION COM","NVDA","Morgan Stanley & Co. LLC","5/1"
"NXP SEMICONDUCTORS N V COM","NXPI","Susquehanna Securities, LLC","1/1"
"O-I GLASS INC COM","OI","Citadel Securities LLC","3/1"
"OAKTREE SPECIALTY LENDING CORP COM","OCSL","Citadel Securities LLC","3/1"
"OATLY GROUP AB SPONSORED ADS","OTLY","Citadel Securities LLC","2/1"
"OBSIDIAN ENERGY LTD COM","OBE","Group One Trading LLC","3/1"
"OCCIDENTAL PETE CORP COM","OXY","Wolverine Trading, LLC","5/1"
"OCEAN BIOMEDICAL INC COM","OCEA","Group One Trading LLC","6/1"
"OCEAN PWR TECHNOLOGIES INC COM NEW","OPTT","Group One Trading LLC","4/1"
"OCEANEERING INTL INC COM","OII","Citadel Securities LLC","3/1"
"OCEANFIRST FINL CORP COM","OCFC","Group One Trading LLC","3/1"
"OCUGEN INC COM","OCGN","Citadel Securities LLC","3/1"
"OCULAR THERAPEUTIX INC COM","OCUL","Citadel Securities LLC","3/1"
"ODDITY TECH LTD SHS CL A","ODD","Belvedere Trading LLC","4/1"
"ODYSSEY MARINE EXPL INC COM NEW","OMEX","Morgan Stanley & Co. LLC","4/1"
"OFFERPAD SOLUTIONS INC COM CL A","OPAD","Citadel Securities LLC","2/1"
"OFFICE PPTYS INCOME TR COM SHS BEN INT","OPI","Belvedere Trading LLC","2/1"
"OFG BANCORP COM","OFG","Wolverine Trading, LLC","3/1"
"OFS CAP CORP COM","OFS","Group One Trading LLC","4/1"
"OGE ENERGY CORP COM","OGE","Wolverine Trading, LLC","1/1"
"OIL STS INTL INC COM","OIS","Susquehanna Securities, LLC","3/1"
"OKLO INC COM CL A","OKLO","Susquehanna Securities, LLC","1/1"
"OKTA INC CL A","OKTA","Susquehanna Securities, LLC","5/1"
"OLAPLEX HLDGS INC COM","OLPX","Citadel Securities LLC","2/1"
"OLD DOMINION FREIGHT LINE INC COM","ODFL","Susquehanna Securities, LLC","3/1"
"OLD NATL BANCORP IND COM","ONB","Belvedere Trading LLC","5/1"
"OLD REP INTL CORP COM","ORI","Wolverine Trading, LLC","1/1"
"OLD SECOND BANCORP INC ILL COM","OSBC","Wolverine Trading, LLC","6/1"
"OLEMA PHARMACEUTICALS INC COM","OLMA","Belvedere Trading LLC","1/1"
"OLIN CORP COM PAR $1","OLN","Susquehanna Securities, LLC","6/1"
"OLLIES BARGAIN OUTLET HLDGS IN COM","OLLI","Citadel Securities LLC","3/1"
"OLO INC CL A","OLO","Susquehanna Securities, LLC","1/1"
"OLYMPIC STEEL INC COM","ZEUS","Belvedere Trading LLC","4/1"
"OMEGA HEALTHCARE INVS INC COM","OHI","Susquehanna Securities, LLC","6/1"
"OMEGA THERAPEUTICS INC COMMON STOCK","OMGA","Susquehanna Securities, LLC","6/1"
"OMEROS CORP COM","OMER","Citadel Securities LLC","6/1"
"OMNIAB INC COM","OABI","Belvedere Trading LLC","1/1"
"OMNICELL COM COM","OMCL","Susquehanna Securities, LLC","4/1"
"OMNICOM GROUP INC COM","OMC","Susquehanna Securities, LLC","4/1"
"ON HLDG AG NAMEN AKT A","ONON","Citadel Securities LLC","1/1"
"ON SEMICONDUCTOR CORP COM","ON","Wolverine Trading, LLC","4/1"
"ON24 INC COM","ONTF","Citadel Securities LLC","1/1"
"ONDAS HLDGS INC COM NEW","ONDS","Citadel Securities LLC","5/1"
"ONE GAS INC COM","OGS","Wolverine Trading, LLC","4/1"
"ONE LIBERTY PPTYS INC COM","OLP","Belvedere Trading LLC","3/1"
"ONE STOP SYS INC COM","OSS","Wolverine Trading, LLC","3/1"
"ONEMAIN HLDGS INC COM","OMF","Citadel Securities LLC","2/1"
"ONEOK INC NEW COM","OKE","Susquehanna Securities, LLC","2/1"
"ONESPAN INC COM","OSPN","Belvedere Trading LLC","5/1"
"ONESPAWORLD HOLDINGS LIMITED COM","OSW","Wolverine Trading, LLC","3/1"
"ONESTREAM INC CL A","OS","Belvedere Trading LLC","4/1"
"ONEWATER MARINE INC CL A COM","ONEW","Citadel Securities LLC","1/1"
"ONKURE THERAPEUTICS INC COM CL A","OKUR","Belvedere Trading LLC","2/1"
"ONTO INNOVATION INC COM","ONTO","Susquehanna Securities, LLC","5/1"
"OOMA INC COM","OOMA","Wolverine Trading, LLC","3/1"
"OP BANCORP COM","OPBK","Belvedere Trading LLC","1/1"
"OPAL FUELS INC CLASS A COM","OPAL","Group One Trading LLC","5/1"
"OPEN LENDING CORP COM","LPRO","Wolverine Trading, LLC","3/1"
"OPEN TEXT CORP COM","OTEX","Susquehanna Securities, LLC","3/1"
"OPENDOOR TECHNOLOGIES INC COM","OPEN","Group One Trading LLC","4/1"
"OPENLANE INC COM","KAR","Group One Trading LLC","5/1"
"OPERA LTD SPONSORED ADS","OPRA","Group One Trading LLC","4/1"
"OPKO HEALTH INC COM","OPK","Group One Trading LLC","4/1"
"OPORTUN FINL CORP COM","OPRT","Wolverine Trading, LLC","3/1"
"OPPFI INC COM CL A","OPFI","Group One Trading LLC","4/1"
"OPTIMIZERX CORP COM NEW","OPRX","Wolverine Trading, LLC","3/1"
"OPTION CARE HEALTH INC COM NEW","OPCH","Susquehanna Securities, LLC","2/1"
"OPUS GENETICS INC COM","IRD","Group One Trading LLC","4/1"
"ORACLE CORP COM","ORCL","Citadel Securities LLC","5/1"
"ORAMED PHARMACEUTICALS INC COM NEW","ORMP","Group One Trading LLC","4/1"
"ORANGE SPONSORED ADR","ORANY","Group One Trading LLC","4/1"
"ORASURE TECHNOLOGIES INC COM","OSUR","Citadel Securities LLC","3/1"
"ORCHID IS CAP INC COM NEW","ORC","Wolverine Trading, LLC","2/1"
"OREILLY AUTOMOTIVE INC COM","ORLY","Wolverine Trading, LLC","2/1"
"ORGANIGRAM HLDGS INC COM","OGI","Citadel Securities LLC","2/1"
"ORGANOGENESIS HLDGS INC COM","ORGO","Group One Trading LLC","4/1"
"ORGANON & CO COMMON STOCK","OGN","Susquehanna Securities, LLC","6/1"
"ORGANOVO HLDGS INC COM NEW","ONVO","Citadel Securities LLC","5/1"
"ORGENESIS INC COM","ORGS","Belvedere Trading LLC","3/1"
"ORIC PHARMACEUTICALS INC COM","ORIC","Susquehanna Securities, LLC","3/1"
"ORIGIN BANCORP INC COM","OBK","Citadel Securities LLC","4/1"
"ORIGIN MATERIALS INC COM","ORGN","Belvedere Trading LLC","3/1"
"ORION ENERGY SYS INC COM","OESX","Susquehanna Securities, LLC","3/1"
"ORION GROUP HLDGS INC COM","ORN","Belvedere Trading LLC","1/1"
"ORION OFFICE REIT INC COM","ONL","Susquehanna Securities, LLC","6/1"
"ORION S.A. COM","OEC","Wolverine Trading, LLC","3/1"
"ORLA MNG LTD NEW COM","ORLA","Citadel Securities LLC","6/1"
"ORMAT TECHNOLOGIES INC COM","ORA","Susquehanna Securities, LLC","1/1"
"ORTHOFIX MED INC COM","OFIX","Susquehanna Securities, LLC","2/1"
"ORTHOPEDIATRICS CORP COM","KIDS","Wolverine Trading, LLC","3/1"
"OSCAR HEALTH INC CL A","OSCR","Citadel Securities LLC","1/1"
"OSHKOSH CORP COM","OSK","Morgan Stanley & Co. LLC","1/1"
"OSI SYSTEMS INC COM","OSIS","Citadel Securities LLC","2/1"
"OSISKO GOLD ROYALTIES LTD COM","OR","Group One Trading LLC","4/1"
"OTIS WORLDWIDE CORP COM","OTIS","Citadel Securities LLC","3/1"
"OTTER TAIL CORP COM","OTTR","Citadel Securities LLC","4/1"
"OUSTER INC COM NEW","OUST","Belvedere Trading LLC","2/1"
"OUTBRAIN INC COM","OB","Citadel Securities LLC","5/1"
"OUTFRONT MEDIA INC COM NEW","OUT","Morgan Stanley & Co. LLC","2/1"
"OUTLOOK THERAPEUTICS INC COM","OTLK","Group One Trading LLC","5/1"
"OUTSET MED INC COM","OM","Group One Trading LLC","4/1"
"Overlay Shares Hedged Large Cap Equity ETF","OVLH","Belvedere Trading LLC","3/1"
"Overlay Shares Short Term Bond ETF","OVT","Wolverine Trading, LLC","3/1"
"OVID THERAPEUTICS INC COM","OVID","Citadel Securities LLC","5/1"
"OVINTIV INC COM","OVV","Susquehanna Securities, LLC","4/1"
"OWENS & MINOR INC NEW COM","OMI","Citadel Securities LLC","4/1"
"OWENS CORNING NEW COM","OC","Citadel Securities LLC","3/1"
"OXFORD INDS INC COM","OXM","Susquehanna Securities, LLC","6/1"
"OXFORD SQUARE CAP CORP COM","OXSQ","Wolverine Trading, LLC","3/1"
"P10 INC COM CL A","PX","Wolverine Trading, LLC","4/1"
"PACCAR INC COM","PCAR","Susquehanna Securities, LLC","1/1"
"PACER FDS TR BLUESTAR DIG ENT","ODDS","Belvedere Trading LLC","2/1"
"PACER FDS TR DATA AND INFRAST","SRVR","Belvedere Trading LLC","6/1"
"PACER FDS TR EMRG MKT CASH","ECOW","Wolverine Trading, LLC","2/1"
"PACER FDS TR INDUSTRIAL RELET","INDS","Belvedere Trading LLC","5/1"
"PACER FDS TR LUNT LRG CP ALTR","ALTL","Wolverine Trading, LLC","1/1"
"PACER FDS TR LUNT LRGCP MULTI","PALC","Belvedere Trading LLC","5/1"
"PACER FDS TR METAURUS CAP 400","QDPL","Wolverine Trading, LLC","1/1"
"PACER FDS TR TRENDPILOT 100","PTNQ","Belvedere Trading LLC","5/1"
"PACER FDS TR TRENDPILOT US BD","PTBD","Wolverine Trading, LLC","3/1"
"Pacer Trendpilot US Large Cap ETF","PTLC","Belvedere Trading LLC","4/1"
"Pacer US Cash Cows 100 ETF","COWZ","Belvedere Trading LLC","1/1"
"Pacer US Small Cap Cash Cows 100 ETF","CALF","Belvedere Trading LLC","1/1"
"PACIFIC BIOSCIENCES CALIF INC COM","PACB","Group One Trading LLC","4/1"
"PACIRA BIOSCIENCES INC COM","PCRX","Susquehanna Securities, LLC","6/1"
"PACKAGING CORP AMER COM","PKG","Wolverine Trading, LLC","6/1"
"PACS GROUP INC COM SHS","PACS","Citadel Securities LLC","4/1"
"PACTIV EVERGREEN INC COM","PTVE","Susquehanna Securities, LLC","5/1"
"PAGAYA TECHNOLOGIES LTD CL A NEW","PGY","Belvedere Trading LLC","6/1"
"PAGERDUTY INC COM","PD","Citadel Securities LLC","5/1"
"PAGSEGURO DIGITAL LTD COM CL A","PAGS","Susquehanna Securities, LLC","3/1"
"PALANTIR TECHNOLOGIES INC CL A","PLTR","Morgan Stanley & Co. LLC","3/1"
"PALATIN TECHNOLOGIES INC COM NEW","PTN","Belvedere Trading LLC","5/1"
"PALO ALTO NETWORKS INC COM","PANW","Susquehanna Securities, LLC","2/1"
"PALOMAR HLDGS INC COM","PLMR","Citadel Securities LLC","3/1"
"PAMPA ENERGIA S A SPONS ADR LVL I","PAM","Wolverine Trading, LLC","3/1"
"PAN AMERN SILVER CORP COM","PAAS","IMC-Chicago, LLC dba IMC Financial Markets","6/1"
"PANGAEA LOGISTICS SOLUTION LTD SHS","PANL","Group One Trading LLC","4/1"
"PAPA JOHNS INTL INC COM","PZZA","Wolverine Trading, LLC","6/1"
"PAR PAC HOLDINGS INC COM NEW","PARR","Wolverine Trading, LLC","1/1"
"PAR TECHNOLOGY CORP COM","PAR","Susquehanna Securities, LLC","1/1"
"PARAGON 28 INC COM","FNA","Susquehanna Securities, LLC","3/1"
"PARAMOUNT GLOBAL CLASS A COM","PARAA","Susquehanna Securities, LLC","5/1"
"PARAMOUNT GLOBAL CLASS B COM","PARA","Susquehanna Securities, LLC","5/1"
"PARAMOUNT GROUP INC COM","PGRE","Group One Trading LLC","4/1"
"PARK AEROSPACE CORP COM","PKE","Wolverine Trading, LLC","3/1"
"PARK HOTELS & RESORTS INC COM","PK","Morgan Stanley & Co. LLC","3/1"
"PARK NATL CORP COM","PRK","Susquehanna Securities, LLC","1/1"
"PARK-OHIO HLDGS CORP COM","PKOH","Susquehanna Securities, LLC","6/1"
"PARKER-HANNIFIN CORP COM","PH","IMC-Chicago, LLC dba IMC Financial Markets","5/1"
"PARSONS CORP DEL COM","PSN","Wolverine Trading, LLC","3/1"
"PASSAGE BIO INC COM","PASG","Belvedere Trading LLC","1/1"
"PATHWARD FINANCIAL INC COM","CASH","Susquehanna Securities, LLC","5/1"
"PATRIA INVESTMENTS LIMITED COM CL A","PAX","Citadel Securities LLC","4/1"
"PATRICK INDS INC COM","PATK","Susquehanna Securities, LLC","3/1"
"PATTERSON COS INC COM","PDCO","Susquehanna Securities, LLC","1/1"
"PATTERSON-UTI ENERGY INC COM","PTEN","Citadel Securities LLC","3/1"
"PAVMED INC COM NEW","PAVM","Belvedere Trading LLC","4/1"
"PAYCHEX INC COM","PAYX","Citadel Securities LLC","3/1"
"PAYCOM SOFTWARE INC COM","PAYC","Citadel Securities LLC","1/1"
"PAYCOR HCM INC COM","PYCR","Citadel Securities LLC","6/1"
"PAYLOCITY HLDG CORP COM","PCTY","Susquehanna Securities, LLC","1/1"
"PAYMENTUS HOLDINGS INC COM CL A","PAY","Susquehanna Securities, LLC","2/1"
"PAYONEER GLOBAL INC COM","PAYO","Citadel Securities LLC","1/1"
"PAYPAL HLDGS INC COM","PYPL","Citadel Securities LLC","6/1"
"PAYSAFE LIMITED SHS","PSFE","Belvedere Trading LLC","3/1"
"PAYSIGN INC COM","PAYS","Belvedere Trading LLC","5/1"
"PBF ENERGY INC CL A","PBF","Susquehanna Securities, LLC","3/1"
"PC CONNECTION INC COM","CNXN","Citadel Securities LLC","6/1"
"PCB BANCORP COM","PCB","Citadel Securities LLC","1/1"
"PDD HOLDINGS INC SPONSORED ADS","PDD","Susquehanna Securities, LLC","6/1"
"PDF SOLUTIONS INC COM","PDFS","Wolverine Trading, LLC","6/1"
"PDS BIOTECHNOLOGY CORP COM","PDSB","Susquehanna Securities, LLC","1/1"
"PEABODY ENERGY CORP COM","BTU","Susquehanna Securities, LLC","3/1"
"PEAKSTONE REALTY TRUST COMMON SHARES","PKST","Citadel Securities LLC","5/1"
"PEARSON PLC SPONSORED ADR","PSO","Belvedere Trading LLC","3/1"
"PEBBLEBROOK HOTEL TR COM","PEB","Susquehanna Securities, LLC","3/1"
"PEDIATRIX MEDICAL GROUP INC COM","MD","Belvedere Trading LLC","2/1"
"PEGASYSTEMS INC COM","PEGA","Susquehanna Securities, LLC","3/1"
"PELOTON INTERACTIVE INC CL A COM","PTON","Morgan Stanley & Co. LLC","1/1"
"PEMBINA PIPELINE CORP COM","PBA","Group One Trading LLC","6/1"
"PENGUIN SOLUTIONS INC SHS","PENG","Citadel Securities LLC","4/1"
"PENN ENTERTAINMENT INC COM","PENN","Susquehanna Securities, LLC","5/1"
"PENNANT GROUP INC COM","PNTG","Belvedere Trading LLC","1/1"
"PENNANTPARK FLOATING RATE CAP COM","PFLT","Citadel Securities LLC","5/1"
"PENNANTPARK INVT CORP COM","PNNT","Wolverine Trading, LLC","3/1"
"PENNYMAC FINL SVCS INC NEW COM","PFSI","Citadel Securities LLC","4/1"
"PENNYMAC MTG INVT TR COM","PMT","Wolverine Trading, LLC","3/1"
"PENSKE AUTOMOTIVE GRP INC COM","PAG","Susquehanna Securities, LLC","5/1"
"PENTAIR PLC SHS","PNR","Wolverine Trading, LLC","3/1"
"PENUMBRA INC COM","PEN","Susquehanna Securities, LLC","6/1"
"PEOPLES BANCORP INC COM","PEBO","Susquehanna Securities, LLC","4/1"
"PEPGEN INC COM","PEPG","Group One Trading LLC","6/1"
"PEPSICO INC COM","PEP","Susquehanna Securities, LLC","2/1"
"PERDOCEO ED CORP COM","PRDO","Susquehanna Securities, LLC","2/1"
"PERELLA WEINBERG PARTNERS CLASS A COM","PWP","Wolverine Trading, LLC","3/1"
"PERFORMANCE FOOD GROUP CO COM","PFGC","Wolverine Trading, LLC","2/1"
"PERFORMANT HEALTHCARE INC COM","PHLT","Wolverine Trading, LLC","6/1"
"PERIMETER SOLUTIONS INC COMMON STOCK","PRM","Susquehanna Securities, LLC","2/1"
"PERION NETWORK LTD SHS NEW","PERI","Susquehanna Securities, LLC","3/1"
"PERMA-PIPE INTL HLDGS INC COM","PPIH","Belvedere Trading LLC","3/1"
"PERMIAN BASIN RTY TR UNIT BEN INT","PBT","Citadel Securities LLC","3/1"
"PERMIAN RESOURCES CORP CLASS A COM","PR","Wolverine Trading, LLC","3/1"
"PERMIANVILLE RTY TR TR UNIT","PVL","Wolverine Trading, LLC","3/1"
"PERRIGO CO PLC SHS","PRGO","Wolverine Trading, LLC","3/1"
"PERSPECTIVE THERAPEUTICS INC COM NEW","CATX","Citadel Securities LLC","1/1"
"PETCO HEALTH & WELLNESS CO INC COM","WOOF","Susquehanna Securities, LLC","4/1"
"PETMED EXPRESS INC COM","PETS","Group One Trading LLC","2/1"
"PETROLEO BRASILEIRO SA PETROBR SPONSORED ADR","PBR","Citadel Securities LLC","2/1"
"PFIZER INC COM","PFE","Susquehanna Securities, LLC","1/1"
"PG&E CORP COM","PCG","Citadel Securities LLC","5/1"
"PHARMACYTE BIOTECH INC COM NEW","PMCB","Belvedere Trading LLC","2/1"
"PHATHOM PHARMACEUTICALS INC COM","PHAT","Susquehanna Securities, LLC","6/1"
"PHILIP MORRIS INTL INC COM","PM","Susquehanna Securities, LLC","2/1"
"PHILLIPS 66 COM","PSX","Susquehanna Securities, LLC","3/1"
"PHILLIPS EDISON & CO INC COMMON STOCK","PECO","Susquehanna Securities, LLC","6/1"
"PHINIA INC COMMON STOCK","PHIN","Citadel Securities LLC","1/1"
"PHOTRONICS INC COM","PLAB","Morgan Stanley & Co. LLC","1/1"
"PHREESIA INC COM","PHR","Wolverine Trading, LLC","3/1"
"PHUNWARE INC COM NEW","PHUN","Belvedere Trading LLC","3/1"
"PHX MINERALS INC CL A","PHX","Wolverine Trading, LLC","2/1"
"PIEDMONT LITHIUM INC COM","PLL","Citadel Securities LLC","6/1"
"PIEDMONT OFFICE REALTY TR INC COM CL A","PDM","Wolverine Trading, LLC","1/1"
"PILGRIMS PRIDE CORP COM","PPC","Citadel Securities LLC","2/1"
"PIMCO ETF TR 0-5 HIGH YIELD","HYS","Susquehanna Securities, LLC","7/1"
"PIMCO ETF TR 1-5 US TIP IDX","STPZ","Belvedere Trading LLC","3/1"
"PIMCO ETF TR 15+ YR US TIPS","LTPZ","Susquehanna Securities, LLC","7/1"
"PIMCO ETF TR 25YR+ ZERO U S","ZROZ","Susquehanna Securities, LLC","7/1"
"PIMCO ETF TR ACTIVE BD ETF","BOND","Wolverine Trading, LLC","3/1"
"PIMCO ETF TR ENHAN SHRT MA AC","MINT","Wolverine Trading, LLC","3/1"
"PIMCO ETF TR INTER MUN BD ACT","MUNI","Susquehanna Securities, LLC","7/1"
"PINNACLE FINL PARTNERS INC COM","PNFP","Wolverine Trading, LLC","2/1"
"PINNACLE WEST CAP CORP COM","PNW","Group One Trading LLC","4/1"
"PINTEREST INC CL A","PINS","Morgan Stanley & Co. LLC","6/1"
"PIPER SANDLER COMPANIES COM","PIPR","Citadel Securities LLC","2/1"
"PITNEY BOWES INC COM","PBI","Susquehanna Securities, LLC","3/1"
"PIXELWORKS INC COM NEW","PXLW","Wolverine Trading, LLC","5/1"
"PJT PARTNERS INC COM CL A","PJT","Wolverine Trading, LLC","2/1"
"PLAINS ALL AMERN PIPELINE L P UNIT LTD PARTN","PAA","Susquehanna Securities, LLC","3/1"
"PLAINS GP HLDGS L P LTD PARTNR INT A","PAGP","Susquehanna Securities, LLC","1/1"
"PLANET FITNESS INC CL A","PLNT","Morgan Stanley & Co. LLC","6/1"
"PLANET LABS PBC COM CL A","PL","Belvedere Trading LLC","4/1"
"PLATINUM GROUP METALS LTD COM","PLG","Belvedere Trading LLC","3/1"
"PLAYA HOTELS & RESORTS NV SHS","PLYA","Wolverine Trading, LLC","3/1"
"PLAYAGS INC COM","AGS","Citadel Securities LLC","3/1"
"PLAYSTUDIOS INC CLASS A COM","MYPS","Susquehanna Securities, LLC","3/1"
"PLAYTIKA HLDG CORP COM","PLTK","Citadel Securities LLC","3/1"
"PLBY GROUP INC COM","PLBY","Belvedere Trading LLC","5/1"
"PLEXUS CORP COM","PLXS","Wolverine Trading, LLC","4/1"
"PLIANT THERAPEUTICS INC COM","PLRX","Citadel Securities LLC","6/1"
"PLUG POWER INC COM NEW","PLUG","Morgan Stanley & Co. LLC","3/1"
"PLYMOUTH INDL REIT INC COM","PLYM","Citadel Securities LLC","6/1"
"PMV PHARMACEUTICALS INC COM","PMVP","Group One Trading LLC","4/1"
"PNC FINL SVCS GROUP INC COM","PNC","Citadel Securities LLC","2/1"
"POET TECHNOLOGIES INC COM NEW","POET","Citadel Securities LLC","5/1"
"Point Bridge America First ETF","MAGA","Belvedere Trading LLC","4/1"
"POLARIS INC COM","PII","Susquehanna Securities, LLC","6/1"
"POLESTAR AUTOMOTIVE HLDG UK ADS A","PSNY","Belvedere Trading LLC","6/1"
"POOL CORP COM","POOL","IMC-Chicago, LLC dba IMC Financial Markets","6/1"
"POPULAR INC COM NEW","BPOP","Morgan Stanley & Co. LLC","5/1"
"PORCH GROUP INC COM","PRCH","Susquehanna Securities, LLC","5/1"
"PORTILLOS INC COM CL A","PTLO","Group One Trading LLC","4/1"
"PORTLAND GEN ELEC CO COM NEW","POR","Citadel Securities LLC","1/1"
"PORTMAN RIDGE FIN CORP COM NEW","PTMN","Wolverine Trading, LLC","1/1"
"POSCO HOLDINGS INC SPONSORED ADR","PKX","Susquehanna Securities, LLC","2/1"
"POST HLDGS INC COM","POST","Susquehanna Securities, LLC","4/1"
"POSTAL REALTY TRUST INC CL A","PSTL","Belvedere Trading LLC","3/1"
"POTBELLY CORP COM","PBPB","Morgan Stanley & Co. LLC","3/1"
"POTLATCHDELTIC CORPORATION COM","PCH","Group One Trading LLC","4/1"
"POWELL INDS INC COM","POWL","Group One Trading LLC","4/1"
"POWER INTEGRATIONS INC COM","POWI","Wolverine Trading, LLC","6/1"
"POWERFLEET INC COM","AIOT","Belvedere Trading LLC","3/1"
"PPG INDS INC COM","PPG","Morgan Stanley & Co. LLC","6/1"
"PPL CORP COM","PPL","Citadel Securities LLC","6/1"
"PRA GROUP INC COM","PRAA","Susquehanna Securities, LLC","2/1"
"PRAXIS PRECISION MEDICINES INC COM NEW","PRAX","Susquehanna Securities, LLC","1/1"
"PRECIGEN INC COM","PGEN","Group One Trading LLC","4/1"
"PRECISION DRILLING CORP COM NEW","PDS","Morgan Stanley & Co. LLC","1/1"
"PRELUDE THERAPEUTICS INC COM","PRLD","Susquehanna Securities, LLC","5/1"
"PREMIER FINANCIAL CORP COM","PFC","Belvedere Trading LLC","3/1"
"PREMIER INC CL A","PINC","Susquehanna Securities, LLC","3/1"
"PRESTIGE CONSMR HEALTHCARE INC COM","PBH","Susquehanna Securities, LLC","5/1"
"PRICE T ROWE GROUP INC COM","TROW","Susquehanna Securities, LLC","3/1"
"PRICESMART INC COM","PSMT","Susquehanna Securities, LLC","2/1"
"PRIME MEDICINE INC COM","PRME","Susquehanna Securities, LLC","4/1"
"PRIMERICA INC COM","PRI","Wolverine Trading, LLC","5/1"
"PRIMIS FINANCIAL CORP COM","FRST","Citadel Securities LLC","2/1"
"PRIMO BRANDS CORPORATION CLASS A COM SHS","PRMB","Wolverine Trading, LLC","3/1"
"PRIMORIS SVCS CORP COM","PRIM","Wolverine Trading, LLC","3/1"
"PRINCIPAL EXCHANGE TRADED FDS ACTIVE HIGH YL","YLD","Wolverine Trading, LLC","1/1"
"PRINCIPAL EXCHANGE TRADED FDS US MEGA CP ETF","USMC","Belvedere Trading LLC","1/1"
"PRINCIPAL FINANCIAL GROUP INC COM","PFG","IMC-Chicago, LLC dba IMC Financial Markets","5/1"
"PRIORITY TECHNOLOGY HLDGS INC COM","PRTH","","16/1"
"PRIVIA HEALTH GROUP INC COM","PRVA","Citadel Securities LLC","2/1"
"PROASSURANCE CORP COM","PRA","Susquehanna Securities, LLC","4/1"
"PROCEPT BIOROBOTICS CORP COM","PRCT","Group One Trading LLC","3/1"
"PROCORE TECHNOLOGIES INC COM","PCOR","Citadel Securities LLC","5/1"
"PROCTER AND GAMBLE CO COM","PG","Morgan Stanley & Co. LLC","5/1"
"PROCURE ETF TRUST II SPACE ETF","UFO","Belvedere Trading LLC","3/1"
"PROFOUND MED CORP COM NEW","PROF","Wolverine Trading, LLC","3/1"
"PROFRAC HLDG CORP CLASS A COM","ACDC","Wolverine Trading, LLC","3/1"
"PROG HOLDINGS INC COM NPV","PRG","Citadel Securities LLC","1/1"
"PROGRESS SOFTWARE CORP COM","PRGS","Wolverine Trading, LLC","4/1"
"PROGRESSIVE CORP COM","PGR","Susquehanna Securities, LLC","5/1"
"PROGYNY INC COM","PGNY","Group One Trading LLC","4/1"
"PROKIDNEY CORP CLASS A ORD SHS","PROK","Belvedere Trading LLC","5/1"
"PROLOGIS INC. COM","PLD","Susquehanna Securities, LLC","2/1"
"PROPETRO HLDG CORP COM","PUMP","Wolverine Trading, LLC","3/1"
"PROPHASE LABS INC COM","PRPH","Belvedere Trading LLC","5/1"
"PROQR THRAPEUTICS N V SHS EURO","PRQR","Susquehanna Securities, LLC","6/1"
"PROS HOLDINGS INC COM","PRO","Susquehanna Securities, LLC","2/1"
"ProShares K-1 Free Crude Oil ETF","OILK","Belvedere Trading LLC","4/1"
"ProShares Russell 2000 Dividend Growers ETF","SMDV","Belvedere Trading LLC","1/1"
"ProShares Russell US Dividend Growers ETF","TMDV","Belvedere Trading LLC","5/1"
"ProShares S&P 500 Dividend Aristocrats ETF","NOBL","Susquehanna Securities, LLC","7/1"
"ProShares S&P Global Technology Dividend Aristocrats ETF","TDV","Belvedere Trading LLC","4/1"
"ProShares S&P MidCap 400 Dividend Aristocrats ETF","REGL","Wolverine Trading, LLC","3/1"
"ProShares Short VIX Short-Term Futures ETF","SVXY","Group One Trading LLC","9/1"
"PROSHARES TR BITCOIN ETF","BITO","Citadel Securities LLC","8/1"
"PROSHARES TR ETHER ETF","EETH","Belvedere Trading LLC","2/1"
"PROSHARES TR II ULSHT BLOOMB GAS","KOLD","Susquehanna Securities, LLC","7/1"
"PROSHARES TR II ULSHT BLOOMB OIL","SCO","Morgan Stanley & Co. LLC","3/1"
"PROSHARES TR II ULTA BLMBG 2017","UCO","Citadel Securities LLC","2/1"
"PROSHARES TR II ULTRA BLOOMBERG","BOIL","Susquehanna Securities, LLC","7/1"
"PROSHARES TR II ULTRA GOLD","UGL","Belvedere Trading LLC","6/1"
"PROSHARES TR II ULTRA SHORT SILV","ZSL","Belvedere Trading LLC","6/1"
"PROSHARES TR II ULTRA SILVER NEW","AGQ","Belvedere Trading LLC","1/1"
"PROSHARES TR II ULTRA YEN NEW","YCL","Susquehanna Securities, LLC","7/1"
"PROSHARES TR II ULTRASHORT YEN N","YCS","Citadel Securities LLC","2/1"
"PROSHARES TR II ULTRASHRT EURO","EUO","Morgan Stanley & Co. LLC","6/1"
"PROSHARES TR II ULTRASHRT NEW","GLL","Belvedere Trading LLC","1/1"
"PROSHARES TR METAVERSE ETF","VERS","Belvedere Trading LLC","6/1"
"PROSHARES TR MSCI EMRG ETF","EET","Wolverine Trading, LLC","8/1"
"PROSHARES TR NASDAQ100 DORSEY","QQQA","Belvedere Trading LLC","6/1"
"PROSHARES TR ON-DEMAND ETF","OND","Belvedere Trading LLC","5/1"
"PROSHARES TR ONLINE RTL ETF","ONLN","Belvedere Trading LLC","6/1"
"PROSHARES TR PSHS SH MDCAP400","MYY","Belvedere Trading LLC","2/1"
"PROSHARES TR PSHS SH MSCI EAF","EFZ","Belvedere Trading LLC","3/1"
"PROSHARES TR PSHS SHORT DOW30","DOG","Susquehanna Securities, LLC","7/1"
"PROSHARES TR PSHS ULDOW30 NEW","DXD","Susquehanna Securities, LLC","7/1"
"PROSHARES TR PSHS ULSHT 7-10Y","PST","Citadel Securities LLC","4/1"
"PROSHARES TR PSHS ULT HLTHCRE","RXL","Susquehanna Securities, LLC","3/1"
"PROSHARES TR PSHS ULT NASB","BIB","Susquehanna Securities, LLC","7/1"
"PROSHARES TR PSHS ULT S&P 500","SSO","Citadel Securities LLC","7/1"
"PROSHARES TR PSHS ULT SCAP600","SAA","Wolverine Trading, LLC","8/1"
"PROSHARES TR PSHS ULT SEMICDT","USD","Citadel Securities LLC","3/1"
"PROSHARES TR PSHS ULTRA DOW30","DDM","Citadel Securities LLC","2/1"
"PROSHARES TR PSHS ULTRA QQQ","QLD","Citadel Securities LLC","4/1"
"PROSHARES TR PSHS ULTRA TECH","ROM","Belvedere Trading LLC","6/1"
"PROSHARES TR PSHS ULTRA UTIL","UPW","Belvedere Trading LLC","4/1"
"PROSHARES TR PSHS ULTRUSS2000","UWM","Citadel Securities LLC","2/1"
"PROSHARES TR PSHS ULTSH 20YRS","TBT","Citadel Securities LLC","7/1"
"PROSHARES TR SHORT BITCOIN ET","BITI","Group One Trading LLC","8/1"
"PROSHARES TR SHORT ETHER ETF","SETH","Belvedere Trading LLC","6/1"
"PROSHARES TR SHORT MSCI EMRNG","EUM","Susquehanna Securities, LLC","7/1"
"PROSHARES TR SHORT QQQ","PSQ","Susquehanna Securities, LLC","7/1"
"PROSHARES TR SHORT S&P 500 NE","SH","Citadel Securities LLC","3/1"
"PROSHARES TR SHRT 20+YR TRE","TBF","Morgan Stanley & Co. LLC","2/1"
"PROSHARES TR SHRT HGH YIELD","SJB","Susquehanna Securities, LLC","7/1"
"PROSHARES TR SHRT RL EST FD","REK","Wolverine Trading, LLC","3/1"
"PROSHARES TR SHRT RUSSELL2000","RWM","Belvedere Trading LLC","4/1"
"PROSHARES TR SHRT SMALLCAP60","SBB","Belvedere Trading LLC","6/1"
"PROSHARES TR SHT FTSE CHIN 50","YXI","Belvedere Trading LLC","5/1"
"PROSHARES TR SHT MSCI NEW","EEV","Citadel Securities LLC","3/1"
"PROSHARES TR SP500 EX FINLS","SPXN","Belvedere Trading LLC","2/1"
"PROSHARES TR SP500 EX TECH","SPXT","Belvedere Trading LLC","1/1"
"PROSHARES TR SUPPLY CHAIN LOG","SUPL","Belvedere Trading LLC","5/1"
"PROSHARES TR UL MSCI JP ETF","EZJ","Susquehanna Securities, LLC","7/1"
"PROSHARES TR ULSH 20YRTRE NEW","TTT","Susquehanna Securities, LLC","7/1"
"PROSHARES TR ULT FTSE CHIN 50","XPP","Citadel Securities LLC","1/1"
"PROSHARES TR ULT MSCI BR CAPP","BZQ","Citadel Securities LLC","1/1"
"PROSHARES TR ULT R/EST NEW","URE","Citadel Securities LLC","3/1"
"PROSHARES TR ULTPRO SHT","SMDD","Belvedere Trading LLC","1/1"
"PROSHARES TR ULTPRO SHT 2017","SRTY","Belvedere Trading LLC","5/1"
"PROSHARES TR ULTR 7-10 TREA","UST","Susquehanna Securities, LLC","7/1"
"PROSHARES TR ULTR NASDAQCMPTG","SKYU","Belvedere Trading LLC","6/1"
"PROSHARES TR ULTR RUSSL2000","URTY","Belvedere Trading LLC","1/1"
"PROSHARES TR ULTRA 20YR TRE","UBT","Susquehanna Securities, LLC","7/1"
"PROSHARES TR ULTRA BITCOIN ET","BITU","IMC-Chicago, LLC dba IMC Financial Markets","5/1"
"PROSHARES TR ULTRA COMMUNICTN","LTL","Belvedere Trading LLC","4/1"
"PROSHARES TR ULTRA CYBRSCURTY","UCYB","Belvedere Trading LLC","1/1"
"PROSHARES TR ULTRA ENERGY","DIG","Citadel Securities LLC","3/1"
"PROSHARES TR ULTRA ETHER ETF","ETHT","Belvedere Trading LLC","2/1"
"PROSHARES TR ULTRA FNCLS NEW","UYG","Citadel Securities LLC","2/1"
"PROSHARES TR ULTRA MATERIALS","UYM","Citadel Securities LLC","2/1"
"PROSHARES TR ULTRAPRO QQQ","TQQQ","Susquehanna Securities, LLC","1/1"
"PROSHARES TR ULTRAPRO SHORT S","SPXU","Belvedere Trading LLC","6/1"
"PROSHARES TR ULTRAPRO SHT QQQ","SQQQ","Optiver US LLC","6/1"
"PROSHARES TR ULTRAPRO SRT DOW","SDOW","Citadel Securities LLC","5/1"
"PROSHARES TR ULTRASHORT BITCO","SBIT","Group One Trading LLC","3/1"
"PROSHARES TR ULTRASHORT CONSM","SZK","Belvedere Trading LLC","4/1"
"PROSHARES TR ULTRASHORT ENERG","DUG","Citadel Securities LLC","5/1"
"PROSHARES TR ULTRASHORT ETHER","ETHD","Belvedere Trading LLC","1/1"
"PROSHARES TR ULTRASHORT FINA","SKF","Citadel Securities LLC","2/1"
"PROSHARES TR ULTRASHORT FTSE","EPV","Susquehanna Securities, LLC","3/1"
"PROSHARES TR ULTRASHORT INDL","SIJ","Belvedere Trading LLC","5/1"
"PROSHARES TR ULTRASHORT MSCI","EWV","Susquehanna Securities, LLC","7/1"
"PROSHARES TR ULTRASHORT MTRLS","SMN","Citadel Securities LLC","5/1"
"PROSHARES TR ULTRASHORT QQQ","QID","Citadel Securities LLC","2/1"
"PROSHARES TR ULTRASHORT REAL","SRS","Citadel Securities LLC","3/1"
"PROSHARES TR ULTRASHORT RUSSE","TWM","Citadel Securities LLC","3/1"
"PROSHARES TR ULTRASHORT SEMIC","SSG","Wolverine Trading, LLC","3/1"
"PROSHARES TR ULTRASHORT TECHN","REW","Wolverine Trading, LLC","8/1"
"PROSHARES TR ULTRASHORT UTILI","SDP","Belvedere Trading LLC","3/1"
"PROSHARES TR ULTRASHRT S&P500","SDS","Citadel Securities LLC","7/1"
"PROSHARES TR ULTRPRO DOW30","UDOW","Citadel Securities LLC","1/1"
"PROSHARES TR ULTRPRO S&P500","UPRO","IMC-Chicago, LLC dba IMC Financial Markets","2/1"
"PROSHARES TR ULTSHT FT CH 50","FXP","Citadel Securities LLC","3/1"
"PROSHARES TR ULTSHT HLTHCRE","RXD","Belvedere Trading LLC","4/1"
"PROSHARES TR ULTSHT MIDCAP400","MZZ","Citadel Securities LLC","3/1"
"PROSHARES TR ULTSHT SMLCP600","SDD","Belvedere Trading LLC","3/1"
"PROSHARES TR ULTST NASD NW20","BIS","Susquehanna Securities, LLC","7/1"
"ProShares Ultra VIX Short-Term Futures ETF","UVXY","Morgan Stanley & Co. LLC","9/1"
"ProShares VIX Mid-Term Futures ETF","VIXM","Group One Trading LLC","9/1"
"ProShares VIX Short-Term Futures ETF","VIXY","Group One Trading LLC","9/1"
"PROSPECT CAP CORP COM","PSEC","Citadel Securities LLC","3/1"
"PROSPERITY BANCSHARES INC COM","PB","Wolverine Trading, LLC","3/1"
"PROTAGONIST THERAPEUTICS INC COM","PTGX","Belvedere Trading LLC","4/1"
"PROTALIX BIOTHERAPEUTICS INC COM","PLX","Group One Trading LLC","5/1"
"PROTARA THERAPEUTICS INC COM STK","TARA","Belvedere Trading LLC","6/1"
"PROTHENA CORP PLC SHS","PRTA","Citadel Securities LLC","5/1"
"PROTO LABS INC COM","PRLB","Susquehanna Securities, LLC","3/1"
"PROVIDENT BANCORP INC COM NEW","PVBC","Wolverine Trading, LLC","6/1"
"PROVIDENT FINL SVCS INC COM","PFS","Wolverine Trading, LLC","3/1"
"PRUDENTIAL FINL INC COM","PRU","Susquehanna Securities, LLC","4/1"
"PSQ HOLDINGS INC CL A","PSQH","Group One Trading LLC","1/1"
"PTC INC COM","PTC","Morgan Stanley & Co. LLC","6/1"
"PTC THERAPEUTICS INC COM","PTCT","Susquehanna Securities, LLC","4/1"
"PUBLIC STORAGE OPER CO COM","PSA","Susquehanna Securities, LLC","2/1"
"PUBLIC SVC ENTERPRISE GRP INC COM","PEG","Susquehanna Securities, LLC","2/1"
"PUBMATIC INC COM CL A","PUBM","Citadel Securities LLC","4/1"
"PULMONX CORP COM","LUNG","Susquehanna Securities, LLC","5/1"
"PULSE BIOSCIENCES INC COM","PLSE","Citadel Securities LLC","1/1"
"PULTE GROUP INC COM","PHM","Citadel Securities LLC","6/1"
"PUMA BIOTECHNOLOGY INC COM","PBYI","Susquehanna Securities, LLC","1/1"
"PURE STORAGE INC CL A","PSTG","Citadel Securities LLC","5/1"
"PURECYCLE TECHNOLOGIES INC COM","PCT","Citadel Securities LLC","1/1"
"PURPLE BIOTECH LTD SPONSORED ADR","PPBT","Belvedere Trading LLC","4/1"
"PURPLE INNOVATION INC COM","PRPL","Wolverine Trading, LLC","4/1"
"PURSUIT ATTRACTIONS AND HOSPIT COM","PRSU","Wolverine Trading, LLC","3/1"
"PVH CORPORATION COM","PVH","Citadel Securities LLC","3/1"
"Q2 HLDGS INC COM","QTWO","Citadel Securities LLC","4/1"
"QIAGEN NV SHS NEW","QGEN","Susquehanna Securities, LLC","1/1"
"QIFU TECHNOLOGY INC AMERICAN DEP","QFIN","Susquehanna Securities, LLC","1/1"
"QORVO INC COM","QRVO","Susquehanna Securities, LLC","3/1"
"QUAD / GRAPHICS INC COM CL A","QUAD","Susquehanna Securities, LLC","3/1"
"QUAKER HOUGHTON COM","KWR","Wolverine Trading, LLC","4/1"
"QUALCOMM INC COM","QCOM","Susquehanna Securities, LLC","6/1"
"QUALYS INC COM","QLYS","Susquehanna Securities, LLC","2/1"
"QUANEX BLDG PRODS CORP COM","NX","Susquehanna Securities, LLC","4/1"
"QUANTA SVCS INC COM","PWR","Citadel Securities LLC","1/1"
"QUANTERIX CORP COM","QTRX","Wolverine Trading, LLC","3/1"
"QUANTUM COMPUTING INC COM","QUBT","Susquehanna Securities, LLC","6/1"
"QUANTUM SI INC COM CL A","QSI","Belvedere Trading LLC","6/1"
"QUANTUMSCAPE CORP COM CL A","QS","Wolverine Trading, LLC","3/1"
"QUDIAN INC ADR","QD","Wolverine Trading, LLC","3/1"
"QUEST DIAGNOSTICS INC COM","DGX","IMC-Chicago, LLC dba IMC Financial Markets","6/1"
"QUEST RESOURCE HLDG CORP COM NEW","QRHC","Wolverine Trading, LLC","3/1"
"QUICKLOGIC CORP COM NEW","QUIK","Wolverine Trading, LLC","2/1"
"QUIDELORTHO CORP COM","QDEL","Susquehanna Securities, LLC","6/1"
"QUINCE THERAPEUTICS INC COM","QNCX","Susquehanna Securities, LLC","1/1"
"QUINSTREET INC COM","QNST","Wolverine Trading, LLC","3/1"
"QUIPT HOME MEDICAL CORP COM","QIPT","Wolverine Trading, LLC","3/1"
"QURATE RETAIL INC COM SER A","QRTEA","Susquehanna Securities, LLC","3/1"
"QXO INC COM NEW","QXO","Susquehanna Securities, LLC","1/1"
"RACKSPACE TECHNOLOGY INC COM","RXT","Citadel Securities LLC","2/1"
"RADIAN GROUP INC COM","RDN","Morgan Stanley & Co. LLC","1/1"
"RADIANT LOGISTICS INC COM","RLGT","Susquehanna Securities, LLC","2/1"
"RADIUS RECYCLING INC CL A","RDUS","Morgan Stanley & Co. LLC","1/1"
"RADNET INC COM","RDNT","Belvedere Trading LLC","6/1"
"RADWARE LTD ORD","RDWR","Belvedere Trading LLC","6/1"
"RAFAEL HLDGS INC COM CL B","RFL","Wolverine Trading, LLC","3/1"
"RALPH LAUREN CORP CL A","RL","Citadel Securities LLC","5/1"
"RAMACO RES INC COM CL A","METC","Group One Trading LLC","4/1"
"RAMBUS INC DEL COM","RMBS","Susquehanna Securities, LLC","4/1"
"RANGE RES CORP COM","RRC","Citadel Securities LLC","4/1"
"RANGER ENERGY SVCS INC COM CL A","RNGR","Susquehanna Securities, LLC","1/1"
"RANI THERAPEUTICS HLDGS INC COM CL A","RANI","Belvedere Trading LLC","3/1"
"RANPAK HOLDINGS CORP COM CL A","PACK","Group One Trading LLC","4/1"
"RAPID7 INC COM","RPD","Belvedere Trading LLC","2/1"
"RAPPORT THERAPEUTICS INC COM","RAPP","Group One Trading LLC","5/1"
"RAPT THERAPEUTICS INC COM","RAPT","Susquehanna Securities, LLC","1/1"
"RAVE RESTAURANT GROUP INC COM","RAVE","Citadel Securities LLC","1/1"
"RAYMOND JAMES FINL INC COM","RJF","Wolverine Trading, LLC","6/1"
"RAYONIER ADVANCED MATLS INC COM","RYAM","Citadel Securities LLC","3/1"
"RAYONIER INC COM","RYN","Citadel Securities LLC","1/1"
"RB GLOBAL INC COM","RBA","Susquehanna Securities, LLC","3/1"
"RBB FD INC US TREAS 20YR BD","UTWY","Belvedere Trading LLC","5/1"
"RBB FD INC US TREAS 30YR BD","UTHY","Belvedere Trading LLC","4/1"
"RBB FD INC US TRSRY 6 MNTH","XBIL","Belvedere Trading LLC","4/1"
"RBC BEARINGS INC COM","RBC","Wolverine Trading, LLC","3/1"
"RCI HOSPITALITY HLDGS INC COM","RICK","Susquehanna Securities, LLC","5/1"
"RE MAX HLDGS INC CL A","RMAX","Citadel Securities LLC","4/1"
"READING INTL INC CL A","RDI","Belvedere Trading LLC","1/1"
"READY CAPITAL CORP COM","RC","Wolverine Trading, LLC","3/1"
"Real Estate Select Sector Index S&P 500","SIXRE","Susquehanna Securities, LLC","7/1"
"REALTY INCOME CORP COM","O","Wolverine Trading, LLC","3/1"
"RECON TECHNOLOGY LTD SHS NEW CL A","RCON","Susquehanna Securities, LLC","4/1"
"RECURSION PHARMACEUTICALS INC CL A","RXRX","Citadel Securities LLC","1/1"
"RED CAT HLDGS INC COM","RCAT","Susquehanna Securities, LLC","2/1"
"RED ROBIN GOURMET BURGERS INC COM","RRGB","Morgan Stanley & Co. LLC","2/1"
"RED ROCK RESORTS INC CL A","RRR","Morgan Stanley & Co. LLC","4/1"
"REDDIT INC CL A","RDDT","Susquehanna Securities, LLC","6/1"
"REDFIN CORP COM","RDFN","Morgan Stanley & Co. LLC","5/1"
"REDWIRE CORPORATION COM","RDW","Wolverine Trading, LLC","3/1"
"REDWOOD TRUST INC COM","RWT","Citadel Securities LLC","3/1"
"REE AUTOMOTIVE LTD SHS CL A NEW","REE","Belvedere Trading LLC","2/1"
"REGAL REXNORD CORPORATION COM","RRX","Susquehanna Securities, LLC","4/1"
"REGENCY CTRS CORP COM","REG","Susquehanna Securities, LLC","5/1"
"REGENERON PHARMACEUTICALS COM","REGN","Wolverine Trading, LLC","6/1"
"Regents Park Hedged Market Strategy ETF","RPHS","Belvedere Trading LLC","6/1"
"REGENXBIO INC COM","RGNX","Citadel Securities LLC","3/1"
"REGIONAL MGMT CORP COM","RM","Wolverine Trading, LLC","3/1"
"REGIONS FINANCIAL CORP NEW COM","RF","Susquehanna Securities, LLC","2/1"
"REGULUS THERAPEUTICS INC COM","RGLS","Susquehanna Securities, LLC","4/1"
"REINSURANCE GRP OF AMERICA INC COM NEW","RGA","Morgan Stanley & Co. LLC","1/1"
"REKOR SYSTEMS INC COM","REKR","Wolverine Trading, LLC","3/1"
"RELAY THERAPEUTICS INC COM","RLAY","Susquehanna Securities, LLC","2/1"
"RELIANCE INC COM","RS","Citadel Securities LLC","4/1"
"RELMADA THERAPEUTICS INC COM","RLMD","Group One Trading LLC","4/1"
"RELX PLC SPONSORED ADR","RELX","Citadel Securities LLC","3/1"
"REMITLY GLOBAL INC COM","RELY","Citadel Securities LLC","1/1"
"RENAISSANCE CAP GREENWICH FDS INTNTL IPO ETF","IPOS","Group One Trading LLC","4/1"
"RENAISSANCE CAP GREENWICH FDS IPO ETF","IPO","Belvedere Trading LLC","3/1"
"RENAISSANCERE HLDGS LTD COM","RNR","Morgan Stanley & Co. LLC","6/1"
"RENALYTIX PLC SPON ADS","RNLXY","Citadel Securities LLC","6/1"
"RENASANT CORP COM","RNST","Citadel Securities LLC","2/1"
"RENEW ENERGY GLOBAL PLC CL A SHS","RNW","Wolverine Trading, LLC","3/1"
"RENOVARO INC COM","RENB","Belvedere Trading LLC","2/1"
"RENTOKIL INITIAL PLC SPONSORED ADR","RTO","Citadel Securities LLC","1/1"
"REPARE THERAPEUTICS INC COM","RPTX","Citadel Securities LLC","2/1"
"REPAY HLDGS CORP COM CL A","RPAY","Citadel Securities LLC","5/1"
"REPLIGEN CORP COM","RGEN","Citadel Securities LLC","5/1"
"REPLIMUNE GROUP INC COM","REPL","Citadel Securities LLC","5/1"
"REPOSITRAK INC COM NEW","TRAK","Wolverine Trading, LLC","2/1"
"REPUBLIC SVCS INC COM","RSG","Citadel Securities LLC","2/1"
"RESEARCH FRONTIERS INC COM","REFR","Wolverine Trading, LLC","3/1"
"Residential REIT ETF","HAUS","Belvedere Trading LLC","1/1"
"RESIDEO TECHNOLOGIES INC COM","REZI","Wolverine Trading, LLC","3/1"
"RESMED INC COM","RMD","Susquehanna Securities, LLC","3/1"
"RESOURCES CONNECTION INC COM","RGP","Susquehanna Securities, LLC","2/1"
"RESTAURANT BRANDS INTL INC COM","QSR","Citadel Securities LLC","3/1"
"RETAIL OPPORTUNITY INVTS CORP COM","ROIC","Citadel Securities LLC","2/1"
"RETRACTABLE TECHNOLOGIES INC COM","RVP","Citadel Securities LLC","5/1"
"REV GROUP INC COM","REVG","Wolverine Trading, LLC","2/1"
"REVANCE THERAPEUTICS INC COM","RVNC","Group One Trading LLC","4/1"
"REVIVA PHARMACEUTCLS HLDGS INC COM","RVPH","Susquehanna Securities, LLC","2/1"
"REVOLUTION MEDICINES INC COM","RVMD","Group One Trading LLC","4/1"
"REVOLVE GROUP INC CL A","RVLV","Citadel Securities LLC","6/1"
"REVVITY INC COM","RVTY","Susquehanna Securities, LLC","6/1"
"REX AMERICAN RES CORP COM","REX","Belvedere Trading LLC","6/1"
"REXFORD INDL RLTY INC COM","REXR","Wolverine Trading, LLC","3/1"
"REYNOLDS CONSUMER PRODS INC COM","REYN","Citadel Securities LLC","1/1"
"REZOLUTE INC COM NEW","RZLT","Group One Trading LLC","2/1"
"RGC RES INC COM","RGCO","Citadel Securities LLC","4/1"
"RH COM","RH","Wolverine Trading, LLC","5/1"
"RHYTHM PHARMACEUTICALS INC COM","RYTM","Citadel Securities LLC","1/1"
"RIBBON COMMUNICATIONS INC COM","RBBN","Wolverine Trading, LLC","3/1"
"RICHARDSON ELECTRS LTD COM","RELL","Citadel Securities LLC","3/1"
"RIGEL PHARMACEUTICALS INC COM","RIGL","Susquehanna Securities, LLC","5/1"
"RIGETTI COMPUTING INC COMMON STOCK","RGTI","Group One Trading LLC","4/1"
"RILEY EXPLORATION PERMIAN INC COM","REPX","Belvedere Trading LLC","4/1"
"RIMINI STR INC DEL COM","RMNI","Wolverine Trading, LLC","3/1"
"RING ENERGY INC COM","REI","Belvedere Trading LLC","1/1"
"RINGCENTRAL INC CL A","RNG","Wolverine Trading, LLC","3/1"
"RIO TINTO PLC SPONSORED ADR","RIO","Susquehanna Securities, LLC","2/1"
"RIOT PLATFORMS INC COM","RIOT","Susquehanna Securities, LLC","6/1"
"RISKIFIED LTD SHS CL A","RSKD","Susquehanna Securities, LLC","3/1"
"RITHM CAPITAL CORP COM NEW","RITM","Morgan Stanley & Co. LLC","4/1"
"RITHM PROPERTY TRUST INC COM","RPT","Group One Trading LLC","4/1"
"RIVERVIEW BANCORP INC COM","RVSB","Citadel Securities LLC","4/1"
"RIVIAN AUTOMOTIVE INC COM CL A","RIVN","Citadel Securities LLC","6/1"
"RLI CORP COM","RLI","Susquehanna Securities, LLC","1/1"
"RLJ LODGING TR COM","RLJ","Wolverine Trading, LLC","5/1"
"RLX TECHNOLOGY INC SPONSORED ADS","RLX","Citadel Securities LLC","1/1"
"RMR GROUP INC CL A","RMR","Citadel Securities LLC","5/1"
"ROBERT HALF INC. COM","RHI","Citadel Securities LLC","6/1"
"ROBINHOOD MKTS INC COM CL A","HOOD","Citadel Securities LLC","2/1"
"ROBLOX CORP CL A","RBLX","Citadel Securities LLC","1/1"
"ROCKET COS INC COM CL A","RKT","Citadel Securities LLC","3/1"
"ROCKET LAB USA INC COM","RKLB","Susquehanna Securities, LLC","3/1"
"ROCKET PHARMACEUTICALS INC COM","RCKT","Citadel Securities LLC","2/1"
"ROCKWELL AUTOMATION INC COM","ROK","Wolverine Trading, LLC","3/1"
"ROCKWELL MED INC COM NEW","RMTI","Wolverine Trading, LLC","6/1"
"ROGERS COMMUNICATIONS INC CL B","RCI","Wolverine Trading, LLC","3/1"
"ROGERS CORP COM","ROG","Citadel Securities LLC","1/1"
"ROIVANT SCIENCES LTD SHS","ROIV","Susquehanna Securities, LLC","6/1"
"ROKU INC COM CL A","ROKU","Morgan Stanley & Co. LLC","6/1"
"ROLLINS INC COM","ROL","Wolverine Trading, LLC","3/1"
"ROOT INC CL A NEW","ROOT","Citadel Securities LLC","6/1"
"ROPER TECHNOLOGIES INC COM","ROP","Susquehanna Securities, LLC","1/1"
"ROSS STORES INC COM","ROST","Citadel Securities LLC","5/1"
"Roundhill Bitcoin Covered Call Strategy ETF","YBTC","Belvedere Trading LLC","8/1"
"Roundhill Cannabis ETF","WEED","Belvedere Trading LLC","2/1"
"Roundhill China Dragons ETF","DRAG","Citadel Securities LLC","1/1"
"ROUNDHILL ETF TRUST GLP 1 & WEIGHT L","OZEM","Wolverine Trading, LLC","2/1"
"Roundhill Ether Covered Call Strategy ETF","YETH","Belvedere Trading LLC","2/1"
"Roundhill Innovation-100 0DTE Covered Call Strategy ETF","QDTE","Belvedere Trading LLC","6/1"
"Roundhill S&P 500 0DTE Covered Call Strategy ETF","XDTE","Belvedere Trading LLC","6/1"
"Roundhill Small Cap 0DTE Covered Call Strategy ETF","RDTE","Belvedere Trading LLC","4/1"
"ROYAL BK CDA COM","RY","Wolverine Trading, LLC","6/1"
"ROYAL CARIBBEAN GROUP COM","RCL","Citadel Securities LLC","6/1"
"ROYAL GOLD INC COM","RGLD","Group One Trading LLC","4/1"
"ROYALTY PHARMA PLC SHS CLASS A","RPRX","Citadel Securities LLC","4/1"
"RPC INC COM","RES","Group One Trading LLC","4/1"
"RPM INTL INC COM","RPM","Wolverine Trading, LLC","6/1"
"RTX CORPORATION COM","RTX","Susquehanna Securities, LLC","3/1"
"RUBRIK INC. CL A","RBRK","IMC-Chicago, LLC dba IMC Financial Markets","6/1"
"RUMBLE INC COM CL A","RUM","Susquehanna Securities, LLC","6/1"
"RUMBLEON INC COM CL B","RMBL","Group One Trading LLC","4/1"
"RUNWAY GROWTH FINANCE CORP COM","RWAY","Belvedere Trading LLC","5/1"
"RUSH ENTERPRISES INC CL A","RUSHA","Belvedere Trading LLC","5/1"
"RUSH STREET INTERACTIVE INC COM","RSI","Belvedere Trading LLC","6/1"
"Russell 1000 Index","RUI","Susquehanna Securities, LLC","7/1"
"Russell 1000 Value Index","RLV","Susquehanna Securities, LLC","7/1"
"Russell 2000 Index","RUT","Susquehanna Securities, LLC","7/1"
"RXO INC COMMON STOCK","RXO","Citadel Securities LLC","4/1"
"RXSIGHT INC COM","RXST","Belvedere Trading LLC","4/1"
"RYAN SPECIALTY HOLDINGS INC CL A","RYAN","Susquehanna Securities, LLC","3/1"
"RYANAIR HOLDINGS PLC SPONSORED ADR","RYAAY","Wolverine Trading, LLC","3/1"
"RYDER SYS INC COM","R","Susquehanna Securities, LLC","3/1"
"RYERSON HLDG CORP COM","RYI","Citadel Securities LLC","2/1"
"RYMAN HOSPITALITY PPTYS INC COM","RHP","Susquehanna Securities, LLC","1/1"
"S&P 100 index American-style","OEX","Citadel Securities LLC","5/1"
"S&P 100 index European-style","XEO","Citadel Securities LLC","5/1"
"S&P 500 ESG Index","SPESG","","9/1"
"S&P GLOBAL INC COM","SPGI","Morgan Stanley & Co. LLC","3/1"
"S&W SEED CO COM NEW","SANW","Citadel Securities LLC","4/1"
"SABLE OFFSHORE CORP COM SHS","SOC","IMC-Chicago, LLC dba IMC Financial Markets","2/1"
"SABRA HEALTH CARE REIT INC COM","SBRA","Belvedere Trading LLC","1/1"
"SABRE CORP COM","SABR","Wolverine Trading, LLC","5/1"
"SACHEM CAP CORP COM","SACH","Group One Trading LLC","4/1"
"SAFE BULKERS INC COM","SB","Morgan Stanley & Co. LLC","4/1"
"SAFEHOLD INC COM","SAFE","Group One Trading LLC","4/1"
"SAFETY INS GROUP INC COM","SAFT","Wolverine Trading, LLC","3/1"
"SAFETY SHOT INC COM NEW","SHOT","Morgan Stanley & Co. LLC","2/1"
"SAGE THERAPEUTICS INC COM","SAGE","Susquehanna Securities, LLC","4/1"
"SAGIMET BIOSCIENCES INC COM SER A","SGMT","Group One Trading LLC","5/1"
"SAIA INC COM","SAIA","Susquehanna Securities, LLC","6/1"
"SALESFORCE INC COM","CRM","Citadel Securities LLC","5/1"
"SALLY BEAUTY HLDGS INC COM","SBH","Susquehanna Securities, LLC","2/1"
"SAMSARA INC COM CL A","IOT","Susquehanna Securities, LLC","6/1"
"SAN JUAN BASIN RTY TR UNIT BEN INT","SJT","Susquehanna Securities, LLC","3/1"
"SANA BIOTECHNOLOGY INC COM","SANA","Citadel Securities LLC","2/1"
"SANDRIDGE ENERGY INC COM NEW","SD","Wolverine Trading, LLC","2/1"
"SANDSTORM GOLD LTD COM NEW","SAND","Susquehanna Securities, LLC","4/1"
"SANFILIPPO JOHN B & SON INC COM","JBSS","Susquehanna Securities, LLC","1/1"
"SANGAMO THERAPEUTICS INC COM","SGMO","Wolverine Trading, LLC","3/1"
"SANMINA CORPORATION COM","SANM","Citadel Securities LLC","6/1"
"SANOFI SPONSORED ADR","SNY","Citadel Securities LLC","2/1"
"SAP SE SPON ADR","SAP","Citadel Securities LLC","5/1"
"SAPIENS INTL CORP N V SHS","SPNS","Susquehanna Securities, LLC","6/1"
"SARATOGA INVT CORP COM NEW","SAR","Wolverine Trading, LLC","3/1"
"SAREPTA THERAPEUTICS INC COM","SRPT","Group One Trading LLC","4/1"
"SASOL LTD SPONSORED ADR","SSL","Citadel Securities LLC","2/1"
"SATELLOGIC INC CLASS A ORD SHS","SATL","Belvedere Trading LLC","3/1"
"SAUL CTRS INC COM","BFS","Wolverine Trading, LLC","3/1"
"SAVARA INC COM","SVRA","Susquehanna Securities, LLC","2/1"
"SBA COMMUNICATIONS CORP NEW CL A","SBAC","Citadel Securities LLC","2/1"
"SCANSOURCE INC COM","SCSC","Susquehanna Securities, LLC","2/1"
"SCHLUMBERGER LTD COM STK","SLB","Citadel Securities LLC","2/1"
"SCHNEIDER NATIONAL INC CL B","SNDR","Susquehanna Securities, LLC","1/1"
"SCHOLAR ROCK HLDG CORP COM","SRRK","Citadel Securities LLC","5/1"
"SCHOLASTIC CORP COM","SCHL","Wolverine Trading, LLC","1/1"
"SCHRODINGER INC COM","SDGR","Susquehanna Securities, LLC","3/1"
"SCHWAB CHARLES CORP COM","SCHW","Citadel Securities LLC","2/1"
"SCHWAB STRATEGIC TR 1000 INDEX ETF","SCHK","Belvedere Trading LLC","3/1"
"SCHWAB STRATEGIC TR EMRG MKTEQ ETF","SCHE","Susquehanna Securities, LLC","7/1"
"SCHWAB STRATEGIC TR FUNDAMENTAL EMER","FNDE","Belvedere Trading LLC","3/1"
"SCHWAB STRATEGIC TR FUNDAMENTAL INTL","FNDF","Belvedere Trading LLC","6/1"
"SCHWAB STRATEGIC TR FUNDAMENTAL US L","FNDX","Belvedere Trading LLC","2/1"
"SCHWAB STRATEGIC TR FUNDAMENTAL US S","FNDA","Belvedere Trading LLC","2/1"
"SCHWAB STRATEGIC TR INT-TRM U.S TRES","SCHR","Belvedere Trading LLC","3/1"
"SCHWAB STRATEGIC TR INTL EQTY ETF","SCHF","Susquehanna Securities, LLC","7/1"
"SCHWAB STRATEGIC TR INTL SCEQT ETF","SCHC","Wolverine Trading, LLC","8/1"
"SCHWAB STRATEGIC TR SHT TM US TRES","SCHO","Citadel Securities LLC","2/1"
"SCHWAB STRATEGIC TR US AGGREGATE B","SCHZ","Belvedere Trading LLC","6/1"
"SCHWAB STRATEGIC TR US BRD MKT ETF","SCHB","Susquehanna Securities, LLC","7/1"
"SCHWAB STRATEGIC TR US DIVIDEND EQ","SCHD","Susquehanna Securities, LLC","7/1"
"SCHWAB STRATEGIC TR US LCAP GR ETF","SCHG","Susquehanna Securities, LLC","7/1"
"SCHWAB STRATEGIC TR US LCAP VA ETF","SCHV","Susquehanna Securities, LLC","7/1"
"SCHWAB STRATEGIC TR US LRG CAP ETF","SCHX","Susquehanna Securities, LLC","7/1"
"SCHWAB STRATEGIC TR US MID-CAP ETF","SCHM","Susquehanna Securities, LLC","7/1"
"SCHWAB STRATEGIC TR US REIT ETF","SCHH","Susquehanna Securities, LLC","7/1"
"SCHWAB STRATEGIC TR US SML CAP ETF","SCHA","Susquehanna Securities, LLC","7/1"
"SCHWAB STRATEGIC TR US TIPS ETF","SCHP","Susquehanna Securities, LLC","7/1"
"SCIENCE APPLICATIONS INTL CORP COM","SAIC","Susquehanna Securities, LLC","3/1"
"SCILEX HOLDING CO COM","SCLX","Group One Trading LLC","3/1"
"SCORPIO TANKERS INC SHS","STNG","Wolverine Trading, LLC","3/1"
"SCOTTS MIRACLE-GRO CO CL A","SMG","Susquehanna Securities, LLC","3/1"
"SCPHARMACEUTICALS INC COM","SCPH","Belvedere Trading LLC","2/1"
"SCRIPPS E W CO OHIO CL A NEW","SSP","Belvedere Trading LLC","4/1"
"SCULLY ROYALTY LTD COM SHS","SRL","Belvedere Trading LLC","2/1"
"SCYNEXIS INC COM NEW","SCYX","Susquehanna Securities, LLC","3/1"
"SEA LTD SPONSORD ADS","SE","Citadel Securities LLC","5/1"
"SEABRIDGE GOLD INC COM","SA","Citadel Securities LLC","3/1"
"SEACOAST BKG CORP FLA COM NEW","SBCF","Citadel Securities LLC","3/1"
"SEACOR MARINE HLDGS INC COM","SMHI","Group One Trading LLC","4/1"
"SEADRILL 2021 LTD COM","SDRL","Wolverine Trading, LLC","3/1"
"SEAGATE TECHNOLOGY HLDNGS PLC ORD SHS","STX","Susquehanna Securities, LLC","1/1"
"SEALED AIR CORP NEW COM","SEE","Susquehanna Securities, LLC","6/1"
"SEANERGY MARITIME HLDGS CORP SHS","SHIP","Wolverine Trading, LLC","3/1"
"SECUREWORKS CORP CL A","SCWX","Susquehanna Securities, LLC","3/1"
"SEER INC COM CL A","SEER","Susquehanna Securities, LLC","3/1"
"SEI INVTS CO COM","SEIC","Citadel Securities LLC","5/1"
"SELECT MED HLDGS CORP COM","SEM","Susquehanna Securities, LLC","2/1"
"SELECT SECTOR SPDR TR COMMUNICATION","XLC","Citadel Securities LLC","4/1"
"SELECT SECTOR SPDR TR ENERGY","XLE","Optiver US LLC","6/1"
"SELECT SECTOR SPDR TR FINANCIAL","XLF","Susquehanna Securities, LLC","6/1"
"SELECT SECTOR SPDR TR INDL","XLI","Morgan Stanley & Co. LLC","5/1"
"SELECT SECTOR SPDR TR RL EST SEL SEC","XLRE","Citadel Securities LLC","3/1"
"SELECT SECTOR SPDR TR SBI CONS DISCR","XLY","Morgan Stanley & Co. LLC","5/1"
"SELECT SECTOR SPDR TR SBI CONS STPLS","XLP","Optiver US LLC","6/1"
"SELECT SECTOR SPDR TR SBI HEALTHCARE","XLV","IMC-Chicago, LLC dba IMC Financial Markets","6/1"
"SELECT SECTOR SPDR TR SBI INT-UTILS","XLU","Citadel Securities LLC","6/1"
"SELECT SECTOR SPDR TR SBI MATERIALS","XLB","Citadel Securities LLC","6/1"
"SELECT SECTOR SPDR TR TECHNOLOGY","XLK","Jane Street Options, LLC","6/1"
"SELECT WATER SOLUTIONS INC CL A COM","WTTR","Wolverine Trading, LLC","3/1"
"SELECTIVE INS GROUP INC COM","SIGI","Wolverine Trading, LLC","5/1"
"SELECTQUOTE INC COM","SLQT","Wolverine Trading, LLC","3/1"
"SELLAS LIFE SCIENCES GROUP INC COM NEW","SLS","Citadel Securities LLC","6/1"
"SEMLER SCIENTIFIC INC COM","SMLR","Group One Trading LLC","2/1"
"SEMPRA COM","SRE","Citadel Securities LLC","2/1"
"SEMRUSH HLDGS INC CL A COM","SEMR","Citadel Securities LLC","3/1"
"SEMTECH CORP COM","SMTC","Susquehanna Securities, LLC","2/1"
"SENDAS DISTRIBUIDORA S A SPON ADS","ASAIY","","16/1"
"SENSATA TECHNOLOGIES HLDG PLC SHS","ST","Morgan Stanley & Co. LLC","5/1"
"SENSEONICS HLDGS INC COM","SENS","Susquehanna Securities, LLC","3/1"
"SENSIENT TECHNOLOGIES CORP COM","SXT","Citadel Securities LLC","6/1"
"SENSUS HEALTHCARE INC COM","SRTS","Citadel Securities LLC","1/1"
"SENTINELONE INC CL A","S","Susquehanna Securities, LLC","2/1"
"SERA PROGNOSTICS INC CLASS A COM","SERA","Belvedere Trading LLC","1/1"
"SERES THERAPEUTICS INC COM","MCRB","Group One Trading LLC","4/1"
"SERITAGE GROWTH PPTYS CL A","SRG","Citadel Securities LLC","3/1"
"SERVE ROBOTICS INC COM","SERV","Citadel Securities LLC","1/1"
"SERVICE CORP INTL COM","SCI","Wolverine Trading, LLC","3/1"
"SERVICE PPTYS TR COM SH BEN INT","SVC","Susquehanna Securities, LLC","6/1"
"SERVICENOW INC COM","NOW","Susquehanna Securities, LLC","3/1"
"SERVICETITAN INC SHS CL A","TTAN","Jane Street Options, LLC","3/1"
"SERVISFIRST BANCSHARES INC COM","SFBS","Citadel Securities LLC","4/1"
"SES AI CORPORATION CL A COM","SES","Citadel Securities LLC","5/1"
"SEVEN HILLS REALTY TRUST COM","SEVN","Belvedere Trading LLC","1/1"
"SFL CORPORATION LTD SHS","SFL","Susquehanna Securities, LLC","3/1"
"SHAKE SHACK INC CL A","SHAK","Morgan Stanley & Co. LLC","5/1"
"SHARKNINJA INC COM SHS","SN","Morgan Stanley & Co. LLC","3/1"
"SHATTUCK LABS INC COM","STTK","Citadel Securities LLC","1/1"
"SHELL PLC SPON ADS","SHEL","Citadel Securities LLC","3/1"
"SHENANDOAH TELECOMMUNICATIONS COM","SHEN","Susquehanna Securities, LLC","2/1"
"SHERWIN WILLIAMS CO COM","SHW","Wolverine Trading, LLC","5/1"
"SHIFT4 PMTS INC CL A","FOUR","Wolverine Trading, LLC","3/1"
"SHINHAN FINANCIAL GROUP CO LTD SPN ADR RESTRD","SHG","Citadel Securities LLC","5/1"
"SHOALS TECHNOLOGIES GROUP INC CL A","SHLS","Susquehanna Securities, LLC","3/1"
"SHOE CARNIVAL INC COM","SCVL","Wolverine Trading, LLC","3/1"
"SHOPIFY INC CL A","SHOP","Susquehanna Securities, LLC","3/1"
"SHUTTERSTOCK INC COM","SSTK","Wolverine Trading, LLC","3/1"
"SHYFT GROUP INC COM","SHYF","Susquehanna Securities, LLC","5/1"
"SI-BONE INC COM","SIBN","Citadel Securities LLC","5/1"
"SIBANYE STILLWATER LTD SPONSORED ADR","SBSW","Susquehanna Securities, LLC","1/1"
"SIERRA BANCORP COM","BSRR","Susquehanna Securities, LLC","4/1"
"SIFY TECHNOLOGIES LTD SPONSORED ADR","SIFY","Wolverine Trading, LLC","2/1"
"SIGA TECHNOLOGIES INC COM","SIGA","Group One Trading LLC","4/1"
"SIGHT SCIENCES INC COM","SGHT","Group One Trading LLC","4/1"
"SIGMA LITHIUM CORPORATION COM","SGML","Citadel Securities LLC","1/1"
"SIGNET JEWELERS LIMITED SHS","SIG","Susquehanna Securities, LLC","6/1"
"SILA REALTY TRUST INC COMMON STOCK","SILA","IMC-Chicago, LLC dba IMC Financial Markets","1/1"
"SILGAN HLDGS INC COM","SLGN","Citadel Securities LLC","6/1"
"SILICON LABORATORIES INC COM","SLAB","Susquehanna Securities, LLC","3/1"
"SILICON MOTION TECHNOLOGY CORP SPONSORED ADR","SIMO","Citadel Securities LLC","5/1"
"SILVERCORP METALS INC COM","SVM","Susquehanna Securities, LLC","1/1"
"SILVERCREST ASSET MGMT GROUP I CL A","SAMG","Belvedere Trading LLC","5/1"
"SILVERCREST METALS INC COM","SILV","Citadel Securities LLC","6/1"
"SIMILARWEB LTD SHS","SMWB","Group One Trading LLC","4/1"
"SIMMONS 1ST NATL CORP CL A $1 PAR","SFNC","Wolverine Trading, LLC","4/1"
"SIMON PPTY GROUP INC NEW COM","SPG","Susquehanna Securities, LLC","3/1"
"SIMPLIFY EXCHANGE TRADED FUNDS BITCOIN STRATEGY","MAXI","Belvedere Trading LLC","5/1"
"SIMPLIFY EXCHANGE TRADED FUNDS COMMODITIES STRA","HARD","Belvedere Trading LLC","4/1"
"SIMPLIFY EXCHANGE TRADED FUNDS MBS ETF","MTBA","Morgan Stanley & Co. LLC","2/1"
"SIMPLIFY EXCHANGE TRADED FUNDS SHORT TERM TREA","TUA","Belvedere Trading LLC","6/1"
"SIMPLIFY EXCHANGE TRADED FUNDS SIMPLIFY INTERST","PFIX","Belvedere Trading LLC","6/1"
"SIMPLIFY EXCHANGE TRADED FUNDS VOLATILITY PREM","SVOL","Wolverine Trading, LLC","3/1"
"SIMPLIFY EXCHANGE TRADED FUNDS VOLT TSLA REVOLU","TESL","Wolverine Trading, LLC","3/1"
"SIMPLY GOOD FOODS CO COM","SMPL","Susquehanna Securities, LLC","6/1"
"SIMPSON MFG INC COM","SSD","Citadel Securities LLC","1/1"
"SIMULATIONS PLUS INC COM","SLP","Susquehanna Securities, LLC","5/1"
"SINCLAIR INC CL A","SBGI","Wolverine Trading, LLC","6/1"
"SINGULAR GENOMICS SYSTEMS INC COM NEW","OMIC","Group One Trading LLC","3/1"
"SIREN ETF TR NSD NXGN ECO ETF","BLCN","Wolverine Trading, LLC","3/1"
"SIRIUSPOINT LTD COM","SPNT","Wolverine Trading, LLC","3/1"
"SIRIUSXM HOLDINGS INC COMMON STOCK","SIRI","Morgan Stanley & Co. LLC","2/1"
"SITE CTRS CORP COM","SITC","Citadel Securities LLC","2/1"
"SITEONE LANDSCAPE SUPPLY INC COM","SITE","Wolverine Trading, LLC","3/1"
"SITIME CORP COM","SITM","Citadel Securities LLC","6/1"
"SITIO ROYALTIES CORP CLASS A COM","STR","Citadel Securities LLC","5/1"
"SIX FLAGS ENTERTAINMENT CORP COM","FUN","Citadel Securities LLC","1/1"
"SIXTH STREET SPECIALTY LENDING COM","TSLX","Citadel Securities LLC","3/1"
"SK TELECOM CO LTD SPONSORED ADR","SKM","Wolverine Trading, LLC","1/1"
"SKECHERS U S A INC CL A","SKX","Susquehanna Securities, LLC","3/1"
"SKEENA RES LTD NEW COM","SKE","Group One Trading LLC","4/1"
"SKILLZ INC COM CL A","SKLZ","Group One Trading LLC","4/1"
"SKYWARD SPECIALTY INS GROUP IN COM","SKWD","Morgan Stanley & Co. LLC","6/1"
"SKYWATER TECHNOLOGY INC COM","SKYT","Wolverine Trading, LLC","3/1"
"SKYWEST INC COM","SKYW","Wolverine Trading, LLC","1/1"
"SKYWORKS SOLUTIONS INC COM","SWKS","Citadel Securities LLC","3/1"
"SL GREEN RLTY CORP COM","SLG","Susquehanna Securities, LLC","2/1"
"SLEEP NUMBER CORP COM","SNBR","Citadel Securities LLC","1/1"
"SLM CORP COM","SLM","Citadel Securities LLC","1/1"
"SLR INVESTMENT CORP COM","SLRC","Wolverine Trading, LLC","1/1"
"SM ENERGY CO COM","SM","Susquehanna Securities, LLC","2/1"
"SMART SAND INC COM","SND","Wolverine Trading, LLC","3/1"
"SMARTFINANCIAL INC COM NEW","SMBK","Wolverine Trading, LLC","4/1"
"SMARTSHEET INC COM CL A","SMAR","Group One Trading LLC","4/1"
"SMILEDIRECTCLUB INC CL A COM","SDCCQ","Susquehanna Securities, LLC","3/1"
"SMITH & NEPHEW PLC SPDN ADR NEW","SNN","Wolverine Trading, LLC","3/1"
"SMITH & WESSON BRANDS INC COM","SWBI","Citadel Securities LLC","3/1"
"SMITH A O CORP COM","AOS","Susquehanna Securities, LLC","2/1"
"SMITH MICRO SOFTWARE INC COM SHS","SMSI","Susquehanna Securities, LLC","3/1"
"SMUCKER J M CO COM NEW","SJM","Morgan Stanley & Co. LLC","6/1"
"SMURFIT WESTROCK PLC SHS","SW","IMC-Chicago, LLC dba IMC Financial Markets","4/1"
"SNAP INC CL A","SNAP","Citadel Securities LLC","3/1"
"SNAP ON INC COM","SNA","Citadel Securities LLC","5/1"
"SNDL INC COM","SNDL","Citadel Securities LLC","5/1"
"SNOWFLAKE INC CL A","SNOW","Wolverine Trading, LLC","3/1"
"SO YOUNG INTERNATIONAL INC SPONSORED ADS","SY","Wolverine Trading, LLC","3/1"
"SOCIEDAD QUIMICA Y MINERA DE SPON ADR SER B","SQM","Susquehanna Securities, LLC","2/1"
"SOFI TECHNOLOGIES INC COM","SOFI","Susquehanna Securities, LLC","3/1"
"SOHO HOUSE & CO INC COM CL A","SHCO","Wolverine Trading, LLC","3/1"
"SOHU COM LTD SPONSORED ADS","SOHU","Citadel Securities LLC","3/1"
"SOL GEL TECHNOLOGIES SHS","SLGL","Citadel Securities LLC","3/1"
"SOLAREDGE TECHNOLOGIES INC COM","SEDG","Citadel Securities LLC","5/1"
"SOLARIS ENERGY INFRAS INC COM CL A","SEI","Wolverine Trading, LLC","3/1"
"SOLARWINDS CORP COM NEW","SWI","Susquehanna Securities, LLC","6/1"
"SOLENO THERAPEUTICS INC COM","SLNO","Citadel Securities LLC","2/1"
"SOLID BIOSCIENCES INC COM NEW","SLDB","Belvedere Trading LLC","6/1"
"SOLID POWER INC CLASS A COM","SLDP","Wolverine Trading, LLC","3/1"
"SOLO BRANDS INC COM CL A","DTC","Wolverine Trading, LLC","3/1"
"SOLVENTUM CORP COM SHS","SOLV","Morgan Stanley & Co. LLC","6/1"
"SONDER HOLDINGS INC CL A NEW","SOND","Susquehanna Securities, LLC","6/1"
"SONIC AUTOMOTIVE INC CL A","SAH","Citadel Securities LLC","1/1"
"SONOCO PRODS CO COM","SON","Wolverine Trading, LLC","3/1"
"SONOS INC COM","SONO","Citadel Securities LLC","3/1"
"SONY GROUP CORP SPONSORED ADR","SONY","IMC-Chicago, LLC dba IMC Financial Markets","6/1"
"SOPHIA GENETICS SA ORDINARY SHARES","SOPH","Belvedere Trading LLC","6/1"
"SOTERA HEALTH CO COM","SHC","Susquehanna Securities, LLC","2/1"
"SOUND GROUP INC SPONSORED ADS","SOGP","Citadel Securities LLC","5/1"
"SOUNDHOUND AI INC CLASS A COM","SOUN","Morgan Stanley & Co. LLC","2/1"
"SOUNDTHINKING INC COM","SSTI","Citadel Securities LLC","6/1"
"SOUTH BOW CORP COM","SOBO","Citadel Securities LLC","1/1"
"SOUTH PLAINS FINANCIAL INC COM","SPFI","Susquehanna Securities, LLC","1/1"
"SOUTHERN CO COM","SO","Citadel Securities LLC","1/1"
"SOUTHERN COPPER CORP COM","SCCO","Citadel Securities LLC","6/1"
"SOUTHERN FIRST BANCSHARES COM","SFST","Susquehanna Securities, LLC","2/1"
"SOUTHSIDE BANCSHARES INC COM","SBSI","Wolverine Trading, LLC","3/1"
"SOUTHSTATE CORPORATION COM","SSB","Wolverine Trading, LLC","3/1"
"SOUTHWEST AIRLS CO COM","LUV","Susquehanna Securities, LLC","5/1"
"SPARTANNASH CO COM","SPTN","Susquehanna Securities, LLC","2/1"
"SPDR DOW JONES INDL AVERAGE ET UT SER 1","DIA","Morgan Stanley & Co. LLC","8/1"
"SPDR GOLD TR GOLD SHS","GLD","Morgan Stanley & Co. LLC","8/1"
"SPDR INDEX SHS FDS ASIA PACIF ETF","GMF","Belvedere Trading LLC","1/1"
"SPDR INDEX SHS FDS DJ GLB RL ES ETF","RWO","Susquehanna Securities, LLC","7/1"
"SPDR INDEX SHS FDS DJ INTL RL ETF","RWX","Susquehanna Securities, LLC","7/1"
"SPDR INDEX SHS FDS EURO STOXX 50","FEZ","Susquehanna Securities, LLC","7/1"
"SPDR INDEX SHS FDS GLB NAT RESRCE","GNR","Susquehanna Securities, LLC","7/1"
"SPDR INDEX SHS FDS MSCI ACWI EXUS","CWI","Belvedere Trading LLC","6/1"
"SPDR INDEX SHS FDS MSCI EMR MKT ETF","EEMX","Wolverine Trading, LLC","3/1"
"SPDR INDEX SHS FDS MSCI WRLD STRGIC","QWLD","Belvedere Trading LLC","2/1"
"SPDR INDEX SHS FDS PORTFLI MSCI GBL","SPGM","Belvedere Trading LLC","2/1"
"SPDR INDEX SHS FDS PORTFOLIO DEVLPD","SPDW","Belvedere Trading LLC","7/1"
"SPDR INDEX SHS FDS PORTFOLIO EMG MK","SPEM","Belvedere Trading LLC","5/1"
"SPDR INDEX SHS FDS S&P CHINA ETF","GXC","Susquehanna Securities, LLC","7/1"
"SPDR INDEX SHS FDS S&P EM MKT DIV","EDIV","Susquehanna Securities, LLC","7/1"
"SPDR INDEX SHS FDS S&P EMKTSC ETF","EWX","Susquehanna Securities, LLC","7/1"
"SPDR INDEX SHS FDS S&P INTL ETF","DWX","Susquehanna Securities, LLC","7/1"
"SPDR INDEX SHS FDS S&P INTL SMLCP","GWX","Susquehanna Securities, LLC","7/1"
"SPDR INDEX SHS FDS S&P NORTH AMER","NANR","Belvedere Trading LLC","6/1"
"SPDR S&P 500 ETF TR TR UNIT","SPY","Morgan Stanley & Co. LLC","8/1"
"SPDR S&P MIDCAP 400 ETF TR UTSER1 S&PDCRP","MDY","Jane Street Options, LLC","6/1"
"SPDR SER TR AEROSPACE DEF","XAR","Belvedere Trading LLC","2/1"
"SPDR SER TR BBG CONV SEC ETF","CWB","Susquehanna Securities, LLC","7/1"
"SPDR SER TR BLOOMBERG 1 10 Y","TIPX","Belvedere Trading LLC","6/1"
"SPDR SER TR BLOOMBERG 1-3 MO","BIL","Wolverine Trading, LLC","3/1"
"SPDR SER TR BLOOMBERG 3-12 M","BILS","Wolverine Trading, LLC","6/1"
"SPDR SER TR BLOOMBERG EMERGI","EBND","Wolverine Trading, LLC","8/1"
"SPDR SER TR BLOOMBERG HIGH Y","JNK","Citadel Securities LLC","3/1"
"SPDR SER TR BLOOMBERG INTL","IBND","Wolverine Trading, LLC","3/1"
"SPDR SER TR BLOOMBERG INTL T","BWX","Susquehanna Securities, LLC","7/1"
"SPDR SER TR BLOOMBERG INVT","FLRN","Wolverine Trading, LLC","3/1"
"SPDR SER TR BLOOMBERG SHT TE","SJNK","Wolverine Trading, LLC","8/1"
"SPDR SER TR COMP SOFTWARE","XSW","Belvedere Trading LLC","2/1"
"SPDR SER TR DJ REIT ETF","RWR","Susquehanna Securities, LLC","7/1"
"SPDR SER TR FTSE INT GVT ETF","WIP","Wolverine Trading, LLC","3/1"
"SPDR SER TR HLTH CR EQUIP","XHE","Belvedere Trading LLC","2/1"
"SPDR SER TR ICE PFD SEC ETF","PSK","Citadel Securities LLC","1/1"
"SPDR SER TR MKTAXES INVT GRD","LQIG","Belvedere Trading LLC","4/1"
"SPDR SER TR MSCI USA CLIMATE","NZUS","Belvedere Trading LLC","6/1"
"SPDR SER TR NUVEEN BLMBRG SH","SHM","Wolverine Trading, LLC","3/1"
"SPDR SER TR NUVEEN BLOOMBERG","HYMB","Susquehanna Securities, LLC","7/1"
"SPDR SER TR OILGAS EQUIP","XES","Susquehanna Securities, LLC","7/1"
"SPDR SER TR PORT MTG BK ETF","SPMB","Wolverine Trading, LLC","3/1"
"SPDR SER TR PORTFLI HIGH YLD","SPHY","Morgan Stanley & Co. LLC","2/1"
"SPDR SER TR PORTFLI INTRMDIT","SPTI","Belvedere Trading LLC","4/1"
"SPDR SER TR PORTFLI TIPS ETF","SPIP","Belvedere Trading LLC","5/1"
"SPDR SER TR PORTFOLI S&P1500","SPTM","Belvedere Trading LLC","3/1"
"SPDR SER TR PORTFOLIO AGRGTE","SPAB","Wolverine Trading, LLC","3/1"
"SPDR SER TR PORTFOLIO CRPORT","SPBO","Citadel Securities LLC","5/1"
"SPDR SER TR PORTFOLIO INTRMD","SPIB","Wolverine Trading, LLC","3/1"
"SPDR SER TR PORTFOLIO LN COR","SPLB","Wolverine Trading, LLC","3/1"
"SPDR SER TR PORTFOLIO LN TSR","SPTL","Wolverine Trading, LLC","3/1"
"SPDR SER TR PORTFOLIO S&P400","SPMD","Belvedere Trading LLC","3/1"
"SPDR SER TR PORTFOLIO S&P500","SPLG","Belvedere Trading LLC","3/1"
"SPDR SER TR PORTFOLIO S&P600","SPSM","Belvedere Trading LLC","4/1"
"SPDR SER TR PORTFOLIO SH TSR","SPTS","Belvedere Trading LLC","5/1"
"SPDR SER TR PORTFOLIO SHORT","SPSB","Wolverine Trading, LLC","3/1"
"SPDR SER TR PRTFLO S&P500 GW","SPYG","Belvedere Trading LLC","6/1"
"SPDR SER TR PRTFLO S&P500 HI","SPYD","Citadel Securities LLC","6/1"
"SPDR SER TR PRTFLO S&P500 VL","SPYV","Belvedere Trading LLC","6/1"
"SPDR SER TR RUSSELL MOMENTUM","ONEO","Belvedere Trading LLC","4/1"
"SPDR SER TR S&P 400 MDCP GRW","MDYG","Wolverine Trading, LLC","3/1"
"SPDR SER TR S&P 400 MDCP VAL","MDYV","Belvedere Trading LLC","5/1"
"SPDR SER TR S&P 600 SMCP GRW","SLYG","Belvedere Trading LLC","1/1"
"SPDR SER TR S&P 600 SMCP VAL","SLYV","Belvedere Trading LLC","2/1"
"SPDR SER TR S&P BIOTECH","XBI","Susquehanna Securities, LLC","7/1"
"SPDR SER TR S&P BK ETF","KBE","Susquehanna Securities, LLC","7/1"
"SPDR SER TR S&P CAP MKTS","KCE","Citadel Securities LLC","3/1"
"SPDR SER TR S&P DIVID ETF","SDY","Citadel Securities LLC","3/1"
"SPDR SER TR S&P HOMEBUILD","XHB","Susquehanna Securities, LLC","7/1"
"SPDR SER TR S&P INS ETF","KIE","Citadel Securities LLC","5/1"
"SPDR SER TR S&P KENSHO NEW","KOMP","Wolverine Trading, LLC","3/1"
"SPDR SER TR S&P METALS MNG","XME","Susquehanna Securities, LLC","7/1"
"SPDR SER TR S&P OILGAS EXP","XOP","Citadel Securities LLC","6/1"
"SPDR SER TR S&P PHARMAC","XPH","Morgan Stanley & Co. LLC","4/1"
"SPDR SER TR S&P REGL BKG","KRE","Susquehanna Securities, LLC","7/1"
"SPDR SER TR S&P RETAIL ETF","XRT","Susquehanna Securities, LLC","6/1"
"SPDR SER TR S&P SEMICNDCTR","XSD","Susquehanna Securities, LLC","7/1"
"SPDR SER TR S&P TRANSN ETF","XTN","Wolverine Trading, LLC","3/1"
"SPDR SER TR S&P1500MOMTILT","MMTM","Belvedere Trading LLC","3/1"
"SPDR SER TR SPDR S&P 500 ETF","SPYX","Wolverine Trading, LLC","2/1"
"SPECTRUM BRANDS HLDGS INC NEW COM","SPB","Susquehanna Securities, LLC","6/1"
"SPHERE 3D CORP NEW COM NEW","ANY","Belvedere Trading LLC","6/1"
"SPHERE ENTERTAINMENT CO CL A","SPHR","Susquehanna Securities, LLC","3/1"
"SPIRE GLOBAL INC COM CL A NEW","SPIR","Wolverine Trading, LLC","3/1"
"SPIRE INC COM","SR","Susquehanna Securities, LLC","1/1"
"SPIRIT AEROSYSTEMS HLDGS INC COM CL A","SPR","Susquehanna Securities, LLC","6/1"
"SPIRIT AIRLS INC COM","SAVEQ","Belvedere Trading LLC","6/1"
"SPLASH BEVERAGE GROUP INC COM NEW","SBEV","Citadel Securities LLC","6/1"
"SPOK HLDGS INC COM","SPOK","Citadel Securities LLC","2/1"
"SPORTRADAR GROUP AG CLASS A ORD SHS","SRAD","Wolverine Trading, LLC","3/1"
"SPORTSMANS WHSE HLDGS INC COM","SPWH","Belvedere Trading LLC","4/1"
"SPOTIFY TECHNOLOGY S A SHS","SPOT","Morgan Stanley & Co. LLC","5/1"
"SPRINGWORKS THERAPEUTICS INC COM","SWTX","Citadel Securities LLC","5/1"
"SPRINKLR INC CL A","CXM","Wolverine Trading, LLC","3/1"
"SPROTT ETF TRUST GOLD MINERS ETF","SGDM","Belvedere Trading LLC","6/1"
"SPROTT FDS TR JUNIOR URANIUM","URNJ","Belvedere Trading LLC","1/1"
"SPROTT FDS TR URANIUM MINERS E","URNM","Belvedere Trading LLC","1/1"
"SPROTT INC COM NEW","SII","Belvedere Trading LLC","5/1"
"SPROUT SOCIAL INC COM CL A","SPT","Wolverine Trading, LLC","3/1"
"SPROUTS FMRS MKT INC COM","SFM","Susquehanna Securities, LLC","3/1"
"SPRUCE BIOSCIENCES INC COM","SPRB","Group One Trading LLC","6/1"
"SPRUCE POWER HOLDING CORP COM NEW","SPRU","Citadel Securities LLC","3/1"
"SPS COMM INC COM","SPSC","Wolverine Trading, LLC","2/1"
"SPX","SPX","","10/1"
"SPX TECHNOLOGIES INC COM","SPXC","Susquehanna Securities, LLC","1/1"
"SPYRE THERAPEUTICS INC COM NEW","SYRE","Citadel Securities LLC","4/1"
"SS&C TECHNOLOGIES HLDGS INC COM","SSNC","Citadel Securities LLC","4/1"
"SSGA ACTIVE ETF TR BLACKSTONE SENR","SRLN","Wolverine Trading, LLC","3/1"
"SSGA ACTIVE ETF TR GLOBL ALLO ETF","GAL","Wolverine Trading, LLC","3/1"
"SSGA ACTIVE ETF TR INCOM ALLO ETF","INKM","Belvedere Trading LLC","1/1"
"SSGA ACTIVE ETF TR MULT ASS RLRTN","RLY","Citadel Securities LLC","2/1"
"SSGA ACTIVE ETF TR SPDR TR TACTIC","TOTL","Belvedere Trading LLC","6/1"
"SSR MINING IN COM","SSRM","Wolverine Trading, LLC","3/1"
"ST JOE CO COM","JOE","Morgan Stanley & Co. LLC","3/1"
"STAAR SURGICAL CO COM PAR $0.01","STAA","Susquehanna Securities, LLC","1/1"
"STAG INDL INC COM","STAG","Citadel Securities LLC","1/1"
"STAGWELL INC COM CL A","STGW","Belvedere Trading LLC","5/1"
"STANDARD BIOTOOLS INC COM","LAB","Wolverine Trading, LLC","2/1"
"STANDARD LITHIUM LTD COM","SLI","Susquehanna Securities, LLC","5/1"
"STANDARD MTR PRODS INC COM","SMP","Wolverine Trading, LLC","3/1"
"STANDARDAERO INC COM","SARO","Group One Trading LLC","4/1"
"STANDEX INTL CORP COM","SXI","Citadel Securities LLC","1/1"
"STANLEY BLACK & DECKER INC COM","SWK","Citadel Securities LLC","5/1"
"STANTEC INC COM","STN","Susquehanna Securities, LLC","2/1"
"STAR BULK CARRIERS CORP. SHS PAR","SBLK","Susquehanna Securities, LLC","1/1"
"STAR GROUP L P UNIT LTD PARTNR","SGU","Belvedere Trading LLC","4/1"
"STAR HLDGS SHS BEN INT","STHO","Group One Trading LLC","3/1"
"STARBUCKS CORP COM","SBUX","Citadel Securities LLC","1/1"
"STARWOOD PPTY TR INC COM","STWD","Wolverine Trading, LLC","6/1"
"STATE STR CORP COM","STT","Susquehanna Securities, LLC","5/1"
"STEALTHGAS INC SHS","GASS","Wolverine Trading, LLC","2/1"
"STEEL DYNAMICS INC COM","STLD","Group One Trading LLC","4/1"
"STEELCASE INC CL A","SCS","Morgan Stanley & Co. LLC","1/1"
"STELLANTIS N.V SHS","STLA","Susquehanna Securities, LLC","1/1"
"STELLUS CAP INVT CORP COM","SCM","Belvedere Trading LLC","2/1"
"STEM INC COM","STEM","Wolverine Trading, LLC","3/1"
"STEPAN CO COM","SCL","Citadel Securities LLC","3/1"
"STEPSTONE GROUP INC COM CL A","STEP","Susquehanna Securities, LLC","3/1"
"STERIS PLC SHS USD","STE","Susquehanna Securities, LLC","1/1"
"STERLING INFRASTRUCTURE INC COM","STRL","Belvedere Trading LLC","1/1"
"STEVANATO GROUP S P A ORD SHS","STVN","Citadel Securities LLC","5/1"
"STEWART INFORMATION SVCS CORP COM","STC","Citadel Securities LLC","3/1"
"STIFEL FINL CORP COM","SF","Susquehanna Securities, LLC","6/1"
"STITCH FIX INC COM CL A","SFIX","Susquehanna Securities, LLC","6/1"
"STMICROELECTRONICS N V NY REGISTRY","STM","Citadel Securities LLC","3/1"
"STOCK YDS BANCORP INC COM","SYBT","Group One Trading LLC","1/1"
"STOKE THERAPEUTICS INC COM","STOK","Group One Trading LLC","2/1"
"STONECO LTD COM CL A","STNE","Citadel Securities LLC","3/1"
"STONERIDGE INC COM","SRI","Group One Trading LLC","4/1"
"STONEX GROUP INC COM","SNEX","Wolverine Trading, LLC","1/1"
"STRATASYS LTD SHS","SSYS","Susquehanna Securities, LLC","3/1"
"STRATEGIC ED INC COM","STRA","Citadel Securities LLC","2/1"
"Strategy Shares Gold Enhanced Yield ETF","GOLY","Belvedere Trading LLC","5/1"
"STRATEGY SHS NS 7HANDL IDX","HNDL","Citadel Securities LLC","4/1"
"STRIDE INC COM","LRN","Wolverine Trading, LLC","5/1"
"STRONGHOLD DIGITAL MINING INC CLASS A COM","SDIG","Belvedere Trading LLC","6/1"
"STRUCTURE THERAPEUTICS INC SPONSORED ADS","GPCR","Citadel Securities LLC","1/1"
"STRYKER CORPORATION COM","SYK","Susquehanna Securities, LLC","3/1"
"STURM RUGER & CO INC COM","RGR","IMC-Chicago, LLC dba IMC Financial Markets","6/1"
"SUBURBAN PROPANE PARTNERS L P UNIT LTD PARTN","SPH","Morgan Stanley & Co. LLC","4/1"
"SUMITOMO MITSUI FINL GROUP INC SPONSORED ADR","SMFG","Wolverine Trading, LLC","3/1"
"SUMMIT HOTEL PPTYS INC COM","INN","Susquehanna Securities, LLC","1/1"
"SUMMIT MATLS INC CL A","SUM","Susquehanna Securities, LLC","3/1"
"SUMMIT MIDSTREAM CORPORATION COM","SMC","Citadel Securities LLC","5/1"
"SUMMIT THERAPEUTICS INC COM","SMMT","Citadel Securities LLC","4/1"
"SUN CMNTYS INC COM","SUI","Wolverine Trading, LLC","4/1"
"SUN CTRY AIRLS HLDGS INC COM","SNCY","Wolverine Trading, LLC","3/1"
"SUN LIFE FINANCIAL INC. COM","SLF","Susquehanna Securities, LLC","6/1"
"SUNCOKE ENERGY INC COM","SXC","Susquehanna Securities, LLC","2/1"
"SUNCOR ENERGY INC NEW COM","SU","Citadel Securities LLC","5/1"
"SUNNOVA ENERGY INTL INC. COM","NOVA","Susquehanna Securities, LLC","6/1"
"SUNOCO LP/SUNOCO FIN CORP COM UT REP LP","SUN","Group One Trading LLC","4/1"
"SUNOPTA INC COM","STKL","Wolverine Trading, LLC","3/1"
"SUNRUN INC COM","RUN","Citadel Securities LLC","4/1"
"SUNSTONE HOTEL INVS INC NEW COM","SHO","Group One Trading LLC","4/1"
"SUPER GROUP SGHC LIMITED ORD SHS","SGHC","Group One Trading LLC","4/1"
"SUPER MICRO COMPUTER INC COM NEW","SMCI","Susquehanna Securities, LLC","2/1"
"SUPERIOR INDS INTL INC COM","SUP","Citadel Securities LLC","1/1"
"SUPERNUS PHARMACEUTICALS INC COM","SUPN","Group One Trading LLC","4/1"
"SURGEPAYS INC COM NEW","SURG","Citadel Securities LLC","3/1"
"SURGERY PARTNERS INC COM","SGRY","Group One Trading LLC","4/1"
"SURMODICS INC COM","SRDX","Susquehanna Securities, LLC","4/1"
"SURO CAPITAL CORP COM NEW","SSSS","Wolverine Trading, LLC","3/1"
"SUTRO BIOPHARMA INC COM","STRO","Citadel Securities LLC","4/1"
"Swan Hedged Equity US Large Cap ETF","HEGD","","16/1"
"SWEETGREEN INC COM CL A","SG","Citadel Securities LLC","1/1"
"SYLVAMO CORP COMMON STOCK","SLVM","Wolverine Trading, LLC","3/1"
"SYMBOTIC INC CLASS A COM","SYM","Group One Trading LLC","3/1"
"SYNAPTICS INC COM","SYNA","Citadel Securities LLC","6/1"
"SYNCHRONOSS TECHNOLOGIES INC COM NEW","SNCR","Citadel Securities LLC","6/1"
"SYNCHRONY FINANCIAL COM","SYF","Susquehanna Securities, LLC","3/1"
"SYNDAX PHARMACEUTICALS INC COM","SNDX","Group One Trading LLC","4/1"
"SYNOPSYS INC COM","SNPS","Susquehanna Securities, LLC","2/1"
"SYNOVUS FINL CORP COM NEW","SNV","Wolverine Trading, LLC","6/1"
"SYPRIS SOLUTIONS INC COM","SYPR","Susquehanna Securities, LLC","5/1"
"SYSCO CORP COM","SYY","Susquehanna Securities, LLC","4/1"
"SYSTEM1 INC CL A COM","SST","Citadel Securities LLC","1/1"
"T-MOBILE US INC COM","TMUS","Susquehanna Securities, LLC","3/1"
"T-Rex 2X Inverse Bitcoin Daily Target ETF","BTCZ","Citadel Securities LLC","8/1"
"T-Rex 2X Inverse Ether Daily Target ETF","ETQ","Belvedere Trading LLC","1/1"
"T-Rex 2X Inverse MSTR Daily Target ETF","MSTZ","Belvedere Trading LLC","2/1"
"T-Rex 2X Inverse NVIDIA Daily Target ETF ","NVDQ","Belvedere Trading LLC","6/1"
"T-Rex 2X Inverse Tesla Daily Target ETF","TSLZ","Wolverine Trading, LLC","6/1"
"T-Rex 2X Long Alphabet Daily Target ETF","GOOX","Belvedere Trading LLC","5/1"
"T-Rex 2X Long Apple Daily Target ETF","AAPX","Belvedere Trading LLC","2/1"
"T-Rex 2X Long Bitcoin Daily Target ETF","BTCL","Belvedere Trading LLC","8/1"
"T-Rex 2X Long Ether Daily Target ETF","ETU","Citadel Securities LLC","2/1"
"T-Rex 2X Long Microsoft Daily Target ETF","MSFX","Belvedere Trading LLC","5/1"
"T-Rex 2X Long MSTR Daily Target ETF","MSTU","IMC-Chicago, LLC dba IMC Financial Markets","1/1"
"T-Rex 2X Long NFLX Daily Target ETF","NFLU","Belvedere Trading LLC","1/1"
"T-Rex 2X Long NVIDIA Daily Target ETF","NVDX","Belvedere Trading LLC","1/1"
"T-Rex 2X Long Tesla Daily Target ETF","TSLT","Belvedere Trading LLC","5/1"
"T2 BIOSYSTEMS INC COM NEW","TTOO","Citadel Securities LLC","5/1"
"TABOOLA.COM LTD ORD SHS","TBLA","Wolverine Trading, LLC","3/1"
"TAIWAN SEMICONDUCTOR MFG LTD SPONSORED ADS","TSM","Morgan Stanley & Co. LLC","4/1"
"TAKE-TWO INTERACTIVE SOFTWARE COM","TTWO","Citadel Securities LLC","3/1"
"TAKEDA PHARMACEUTICAL CO LTD SPONSORED ADS","TAK","Morgan Stanley & Co. LLC","6/1"
"TAL EDUCATION GROUP SPONSORED ADS","TAL","Citadel Securities LLC","3/1"
"TALEN ENERGY CORP COM","TLN","Wolverine Trading, LLC","1/1"
"TALKSPACE INC COM","TALK","Wolverine Trading, LLC","3/1"
"TALOS ENERGY INC COM","TALO","Wolverine Trading, LLC","3/1"
"TALPHERA INC COM NEW","TLPH","Susquehanna Securities, LLC","2/1"
"TANDEM DIABETES CARE INC COM NEW","TNDM","Susquehanna Securities, LLC","3/1"
"TANGER INC COM","SKT","Group One Trading LLC","3/1"
"TANGO THERAPEUTICS INC COM","TNGX","Susquehanna Securities, LLC","4/1"
"TAPESTRY INC COM","TPR","Susquehanna Securities, LLC","3/1"
"TARGA RES CORP COM","TRGP","Citadel Securities LLC","2/1"
"TARGET CORP COM","TGT","Susquehanna Securities, LLC","2/1"
"TARGET HOSPITALITY CORP COM","TH","Group One Trading LLC","4/1"
"TARSUS PHARMACEUTICALS INC COM","TARS","Belvedere Trading LLC","2/1"
"TASEKO MINES LTD COM","TGB","Group One Trading LLC","4/1"
"TASKUS INC CLASS A COM","TASK","Susquehanna Securities, LLC","2/1"
"TAYLOR MORRISON HOME CORP COM","TMHC","Susquehanna Securities, LLC","3/1"
"TC ENERGY CORP COM","TRP","Susquehanna Securities, LLC","3/1"
"TCW ETF TRUST TRANSFORM SYSTEM","NETZ","Belvedere Trading LLC","1/1"
"TD SYNNEX CORPORATION COM","SNX","Citadel Securities LLC","6/1"
"TE CONNECTIVITY PLC ORD SHS","TEL","Wolverine Trading, LLC","6/1"
"TECHNIPFMC PLC COM","FTI","Wolverine Trading, LLC","3/1"
"TECHTARGET INC COM NEW","TTGT","Wolverine Trading, LLC","3/1"
"TECK RESOURCES LTD CL B","TECK","Citadel Securities LLC","6/1"
"TECNOGLASS INC ORD SHS","TGLS","Susquehanna Securities, LLC","2/1"
"TEEKAY CORPORATION LTD SHS","TK","Citadel Securities LLC","5/1"
"TEEKAY TANKERS LTD CL A","TNK","Wolverine Trading, LLC","3/1"
"TEGNA INC COM","TGNA","Belvedere Trading LLC","3/1"
"TEJON RANCH CO COM","TRC","Susquehanna Securities, LLC","2/1"
"TELA BIO INC COM","TELA","Citadel Securities LLC","3/1"
"TELADOC HEALTH INC COM","TDOC","Citadel Securities LLC","4/1"
"TELECOM ARGENTINA SA SPON ADR REP B","TEO","Susquehanna Securities, LLC","3/1"
"TELEDYNE TECHNOLOGIES INC COM","TDY","Wolverine Trading, LLC","3/1"
"TELEFLEX INCORPORATED COM","TFX","Citadel Securities LLC","2/1"
"TELEFONAKTIEBOLAGET LM ERICSS ADR B SEK 10","ERIC","Citadel Securities LLC","3/1"
"TELEFONICA BRASIL SA NEW ADR","VIV","Wolverine Trading, LLC","5/1"
"TELEFONICA S A SPONSORED ADR","TEF","Susquehanna Securities, LLC","4/1"
"TELEPHONE & DATA SYS INC COM NEW","TDS","Belvedere Trading LLC","6/1"
"TELESAT CORP CL A & CL B SHS","TSAT","Wolverine Trading, LLC","6/1"
"TELOS CORP MD COM","TLS","Wolverine Trading, LLC","3/1"
"TELUS CORPORATION COM","TU","Wolverine Trading, LLC","3/1"
"TELUS INTL CDA INC SUB VTG SHS","TIXT","Citadel Securities LLC","6/1"
"TEMPEST THERAPEUTICS INC COM","TPST","Group One Trading LLC","2/1"
"TEMPUR SEALY INTL INC COM","TPX","Susquehanna Securities, LLC","6/1"
"TEMPUS AI INC CL A","TEM","Group One Trading LLC","1/1"
"TENABLE HLDGS INC COM","TENB","Group One Trading LLC","4/1"
"TENARIS S A SPONSORED ADS","TS","","4/1"
"TENAYA THERAPEUTICS INC COM","TNYA","Group One Trading LLC","4/1"
"TENCENT MUSIC ENTMT GROUP SPON ADS","TME","Citadel Securities LLC","3/1"
"TENET HEALTHCARE CORP COM NEW","THC","Morgan Stanley & Co. LLC","6/1"
"TENNANT CO COM","TNC","Group One Trading LLC","4/1"
"TERADATA CORP DEL COM","TDC","Group One Trading LLC","4/1"
"TERADYNE INC COM","TER","Susquehanna Securities, LLC","1/1"
"TERAWULF INC COM","WULF","Belvedere Trading LLC","1/1"
"TEREX CORP NEW COM","TEX","Belvedere Trading LLC","6/1"
"TERNIUM SA SPONSORED ADS","TX","Susquehanna Securities, LLC","6/1"
"TERNS PHARMACEUTICALS INC COM","TERN","Group One Trading LLC","3/1"
"TERRENO RLTY CORP COM","TRNO","Wolverine Trading, LLC","3/1"
"TERRITORIAL BANCORP INC COM","TBNK","Wolverine Trading, LLC","3/1"
"TESLA INC COM","TSLA","Susquehanna Securities, LLC","3/1"
"TETRA TECH INC NEW COM","TTEK","Citadel Securities LLC","3/1"
"TETRA TECHNOLOGIES INC DEL COM","TTI","Group One Trading LLC","4/1"
"TEUCRIUM COMMODITY TR AGRICULTURE FD","TAGS","Belvedere Trading LLC","6/1"
"TEUCRIUM COMMODITY TR CORN FD SHS","CORN","Wolverine Trading, LLC","3/1"
"TEUCRIUM COMMODITY TR SOYBEAN FD","SOYB","Belvedere Trading LLC","2/1"
"TEUCRIUM COMMODITY TR SUGAR FD","CANE","Wolverine Trading, LLC","3/1"
"TEUCRIUM COMMODITY TR WHEAT FD","WEAT","Susquehanna Securities, LLC","7/1"
"TEVA PHARMACEUTICAL INDS LTD SPONSORED ADS","TEVA","IMC-Chicago, LLC dba IMC Financial Markets","6/1"
"TEXAS CAP BANCSHARES INC COM","TCBI","Belvedere Trading LLC","6/1"
"TEXAS INSTRS INC COM","TXN","Susquehanna Securities, LLC","3/1"
"TEXAS PACIFIC LAND CORPORATION COM","TPL","Wolverine Trading, LLC","5/1"
"TEXAS ROADHOUSE INC COM","TXRH","Morgan Stanley & Co. LLC","6/1"
"TEXTRON INC COM","TXT","Morgan Stanley & Co. LLC","3/1"
"TFI INTL INC COM","TFII","Wolverine Trading, LLC","3/1"
"TFS FINL CORP COM","TFSL","Susquehanna Securities, LLC","1/1"
"TG THERAPEUTICS INC COM","TGTX","Morgan Stanley & Co. LLC","4/1"
"TH INTERNATIONAL LIMITED SHS NEW","THCH","Group One Trading LLC","3/1"
"The 3D Printing ETF","PRNT","Belvedere Trading LLC","6/1"
"THE ARENA GROUP HOLDINGS INC COM","AREN","Susquehanna Securities, LLC","1/1"
"THE BALDWIN INSURANCE GRP INC COM CL A","BWIN","Wolverine Trading, LLC","4/1"
"THE BEAUTY HEALTH COMPANY COM CL A","SKIN","Citadel Securities LLC","3/1"
"THE CAMPBELLS COMPANY COM","CPB","Morgan Stanley & Co. LLC","6/1"
"THE CIGNA GROUP COM","CI","Susquehanna Securities, LLC","5/1"
"THE LION ELECTRIC COMPANY COMMON STOCK","LEVGQ","Susquehanna Securities, LLC","1/1"
"THE ODP CORP COM","ODP","Wolverine Trading, LLC","1/1"
"THE ONE GROUP HOSPITALITY INC COM","STKS","Susquehanna Securities, LLC","6/1"
"THE REAL BROKERAGE INC COM NEW","REAX","Susquehanna Securities, LLC","6/1"
"THE REALREAL INC COM","REAL","Susquehanna Securities, LLC","1/1"
"THE TRADE DESK INC COM CL A","TTD","Citadel Securities LLC","3/1"
"THERAPEUTICSMD INC COM NEW","TXMD","Citadel Securities LLC","6/1"
"THERATECHNOLOGIES INC COM NEW","THTX","Citadel Securities LLC","1/1"
"THERAVANCE BIOPHARMA INC COM","TBPH","Wolverine Trading, LLC","4/1"
"THERMO FISHER SCIENTIFIC INC COM","TMO","IMC-Chicago, LLC dba IMC Financial Markets","6/1"
"THOMSON REUTERS CORP COM","TRI","Citadel Securities LLC","6/1"
"THOR INDS INC COM","THO","Morgan Stanley & Co. LLC","4/1"
"THREDUP INC CL A","TDUP","Susquehanna Securities, LLC","6/1"
"THRYV HLDGS INC COM NEW","THRY","Group One Trading LLC","4/1"
"TIDAL ETF TR FUNDSTRAT GRANNY","GRNY","IMC-Chicago, LLC dba IMC Financial Markets","5/1"
"TIDAL ETF TR GOTHAM 1000 VALU","GVLU","Belvedere Trading LLC","2/1"
"TIDAL ETF TR IONIC INFLATION","CPII","Belvedere Trading LLC","1/1"
"TIDAL ETF TR RPAR RISK PARI","RPAR","Belvedere Trading LLC","2/1"
"TIDAL ETF TR UNLIMITED HFND","HFND","Belvedere Trading LLC","5/1"
"TIDAL ETF TR UPAR ULTRA RISK","UPAR","Belvedere Trading LLC","3/1"
"TIDAL TR II CLOCKWISE CORE E","TIME","Belvedere Trading LLC","1/1"
"TIDAL TR II DEF DLY TGT 2X L","MSTX","Belvedere Trading LLC","5/1"
"TIDAL TR II DEF DLY TGT AVGO","AVGX","Belvedere Trading LLC","2/1"
"TIDAL TR II DEFIANCE DT 2X L","SMCX","Jane Street Options, LLC","5/1"
"TIDAL TR II DEFIANCE DT 2X S","SMST","Belvedere Trading LLC","3/1"
"TIDAL TR II DEFIANCE NASDAQ","QQQY","Belvedere Trading LLC","2/1"
"TIDAL TR II DEFIANCE OIL ENH","USOY","IMC-Chicago, LLC dba IMC Financial Markets","1/1"
"TIDAL TR II DEFIANCE R2000","IWMY","Citadel Securities LLC","2/1"
"TIDAL TR II DEFIANCE S&P 500","SPYT","IMC-Chicago, LLC dba IMC Financial Markets","4/1"
"TIDAL TR II DEFIANCE S&P 500","WDTE","Belvedere Trading LLC","6/1"
"TIDAL TR II ROUNDHILL GENER","CHAT","Belvedere Trading LLC","6/1"
"TIDAL TR II THE MEET KEVIN","PP","Wolverine Trading, LLC","6/1"
"TIDAL TR II YIELDMAX AI OPT","AIYY","Citadel Securities LLC","1/1"
"TIDAL TR II YIELDMAX AMD OPT","AMDY","Morgan Stanley & Co. LLC","2/1"
"TIDAL TR II YIELDMAX AMZN OP","AMZY","Belvedere Trading LLC","2/1"
"TIDAL TR II YIELDMAX COIN OP","CONY","Citadel Securities LLC","6/1"
"TIDAL TR II YIELDMAX GOLD MI","GDXY","Belvedere Trading LLC","2/1"
"TIDAL TR II YIELDMAX GOOGL","GOOY","Belvedere Trading LLC","2/1"
"TIDAL TR II YIELDMAX INNOVAT","OARK","Citadel Securities LLC","6/1"
"TIDAL TR II YIELDMAX MAGNIFI","YMAG","Citadel Securities LLC","2/1"
"TIDAL TR II YIELDMAX META","FBY","Belvedere Trading LLC","2/1"
"TIDAL TR II YIELDMAX MSFT OP","MSFO","Morgan Stanley & Co. LLC","4/1"
"TIDAL TR II YIELDMAX MSTR OP","MSTY","Belvedere Trading LLC","2/1"
"TIDAL TR II YIELDMAX NFLX","NFLY","Belvedere Trading LLC","6/1"
"TIDAL TR II YIELDMAX NVDA","NVDY","Belvedere Trading LLC","5/1"
"TIDAL TR II YIELDMAX PLTR OP","PLTY","IMC-Chicago, LLC dba IMC Financial Markets","4/1"
"TIDAL TR II YIELDMAX SHORT","FIAT","IMC-Chicago, LLC dba IMC Financial Markets","1/1"
"TIDAL TR II YIELDMAX SMCI","SMCY","Citadel Securities LLC","5/1"
"TIDAL TR II YIELDMAX TARGET","SOXY","Belvedere Trading LLC","1/1"
"TIDAL TR II YIELDMAX TRGT12","BIGY","Belvedere Trading LLC","3/1"
"TIDAL TR II YIELDMAX TSLA OP","TSLY","Belvedere Trading LLC","5/1"
"TIDAL TR II YIELDMAX TSM OPT","TSMY","Belvedere Trading LLC","6/1"
"TIDAL TR II YIELDMAX ULTRA O","ULTY","Citadel Securities LLC","1/1"
"TIDAL TR II YIELDMAX UNIVERS","YMAX","Citadel Securities LLC","3/1"
"TIDEWATER INC NEW COM","TDW","Susquehanna Securities, LLC","3/1"
"TILE SHOP HLDGS INC COM","TTSH","Susquehanna Securities, LLC","4/1"
"TILLYS INC CL A","TLYS","Susquehanna Securities, LLC","3/1"
"TILRAY BRANDS INC COM","TLRY","Citadel Securities LLC","4/1"
"TIM S A SPONSORED ADR","TIMB","Citadel Securities LLC","1/1"
"TIMKEN CO COM","TKR","Wolverine Trading, LLC","6/1"
"TIPTREE INC COM","TIPT","Wolverine Trading, LLC","3/1"
"TITAN INTL INC ILL COM","TWI","Belvedere Trading LLC","6/1"
"TITAN MACHY INC COM","TITN","Susquehanna Securities, LLC","2/1"
"TJX COS INC NEW COM","TJX","Susquehanna Securities, LLC","6/1"
"TKO GROUP HOLDINGS INC CL A","TKO","Citadel Securities LLC","1/1"
"TMC THE METALS COMPANY INC COM","TMC","Wolverine Trading, LLC","3/1"
"TOAST INC CL A","TOST","Susquehanna Securities, LLC","6/1"
"TOLL BROTHERS INC COM","TOL","Jane Street Options, LLC","6/1"
"TOOTSIE ROLL INDS INC COM","TR","Susquehanna Securities, LLC","5/1"
"TOPBUILD CORP COM","BLD","Morgan Stanley & Co. LLC","2/1"
"TOPGOLF CALLAWAY BRANDS CORP COM","MODG","Morgan Stanley & Co. LLC","5/1"
"TORM PLC SHS CL A","TRMD","Citadel Securities LLC","1/1"
"TORO CO COM","TTC","Citadel Securities LLC","3/1"
"TORONTO DOMINION BK ONT COM NEW","TD","Morgan Stanley & Co. LLC","6/1"
"TORRID HLDGS INC COM","CURV","Group One Trading LLC","4/1"
"TOTALENERGIES SE SPONSORED ADS","TTE","Susquehanna Securities, LLC","6/1"
"TOURMALINE BIO INC COM","TRML","Citadel Securities LLC","6/1"
"TOWER SEMICONDUCTOR LTD SHS NEW","TSEM","Belvedere Trading LLC","1/1"
"TOWNSQUARE MEDIA INC CL A","TSQ","Belvedere Trading LLC","6/1"
"TOYOTA MOTOR CORP ADS","TM","Citadel Securities LLC","2/1"
"TPG INC COM CL A","TPG","Susquehanna Securities, LLC","5/1"
"TPG RE FIN TR INC COM","TRTX","Wolverine Trading, LLC","3/1"
"TPI COMPOSITES INC COM","TPIC","Susquehanna Securities, LLC","6/1"
"TRACTOR SUPPLY CO COM","TSCO","Citadel Securities LLC","5/1"
"TRADEWEB MKTS INC CL A","TW","Citadel Securities LLC","2/1"
"TRAEGER INC COMMON STOCK","COOK","Susquehanna Securities, LLC","2/1"
"TRANE TECHNOLOGIES PLC SHS","TT","Susquehanna Securities, LLC","1/1"
"TRANSACT TECHNOLOGIES INC COM","TACT","Belvedere Trading LLC","5/1"
"TRANSALTA CORP COM","TAC","Citadel Securities LLC","3/1"
"TRANSCAT INC COM","TRNS","Citadel Securities LLC","6/1"
"TRANSDIGM GROUP INC COM","TDG","Susquehanna Securities, LLC","3/1"
"TRANSMEDICS GROUP INC COM","TMDX","Susquehanna Securities, LLC","6/1"
"TRANSOCEAN LTD REGISTERED SHS","RIG","Susquehanna Securities, LLC","5/1"
"TRANSPORTADORA DE GAS SUR SPONSORED ADS B","TGS","Susquehanna Securities, LLC","6/1"
"TRANSUNION COM","TRU","Wolverine Trading, LLC","3/1"
"TRAVEL PLUS LEISURE CO COM","TNL","Citadel Securities LLC","4/1"
"TRAVELERS COMPANIES INC COM","TRV","Susquehanna Securities, LLC","3/1"
"TRAVERE THERAPEUTICS INC COM","TVTX","Citadel Securities LLC","5/1"
"TRAWS PHARMA INC COM NEW","TRAW","Belvedere Trading LLC","1/1"
"TREDEGAR CORP COM","TG","Wolverine Trading, LLC","4/1"
"TREEHOUSE FOODS INC COM","THS","Citadel Securities LLC","1/1"
"TREVENA INC COM","TRVN","Citadel Securities LLC","5/1"
"TREX CO INC COM","TREX","Wolverine Trading, LLC","5/1"
"TRI POINTE HOMES INC COM","TPH","Morgan Stanley & Co. LLC","5/1"
"TRICO BANCSHARES COM","TCBK","Wolverine Trading, LLC","3/1"
"TRILOGY METALS INC NEW COM","TMQ","Susquehanna Securities, LLC","3/1"
"TRIMAS CORP COM NEW","TRS","Susquehanna Securities, LLC","6/1"
"TRIMBLE INC COM","TRMB","Citadel Securities LLC","2/1"
"TRINET GROUP INC COM","TNET","Susquehanna Securities, LLC","6/1"
"TRINITY BIOTECH PLC SPONS ADR NEW","TRIB","Susquehanna Securities, LLC","2/1"
"TRINITY CAP INC COM","TRIN","Group One Trading LLC","4/1"
"TRINITY INDS INC COM","TRN","Belvedere Trading LLC","6/1"
"TRINSEO PLC SHS","TSE","Citadel Securities LLC","2/1"
"TRIP COM GROUP LTD ADS","TCOM","Susquehanna Securities, LLC","1/1"
"TRIPADVISOR INC COM","TRIP","Susquehanna Securities, LLC","5/1"
"TRIPLE FLAG PRECIOUS METAL COM","TFPM","Group One Trading LLC","5/1"
"TRIPLEPOINT VENTURE GROWTH BDC COM","TPVG","Wolverine Trading, LLC","4/1"
"TRIUMPH FINANCIAL INC COM","TFIN","Belvedere Trading LLC","3/1"
"TRIUMPH GROUP INC NEW COM","TGI","Wolverine Trading, LLC","3/1"
"TRIVAGO N V SPON ADS A SHS N","TRVG","Susquehanna Securities, LLC","3/1"
"TRONOX HOLDINGS PLC SHS","TROX","Citadel Securities LLC","5/1"
"TROOPS INC SHS","TROO","Susquehanna Securities, LLC","2/1"
"TRUBRIDGE INC COM","TBRG","Citadel Securities LLC","6/1"
"TRUEBLUE INC COM","TBI","Belvedere Trading LLC","4/1"
"TRUECAR INC COM","TRUE","Susquehanna Securities, LLC","5/1"
"TRUIST FINL CORP COM","TFC","Susquehanna Securities, LLC","4/1"
"TRUMP MEDIA & TECHNOLOGY GROUP COM","DJT","Susquehanna Securities, LLC","1/1"
"TRUPANION INC COM","TRUP","Susquehanna Securities, LLC","2/1"
"TRUST FOR PROFESSIONAL MANAGER CROSSINGBRDG PRE","SPC","Belvedere Trading LLC","6/1"
"TRUSTCO BK CORP N Y COM NEW","TRST","Wolverine Trading, LLC","1/1"
"TRUSTMARK CORP COM","TRMK","Citadel Securities LLC","6/1"
"TRX GOLD CORPORATION COM","TRX","Belvedere Trading LLC","1/1"
"TSAKOS ENERGY NAVIGATION LTD SHS","TEN","Morgan Stanley & Co. LLC","6/1"
"TSS INC DEL COM","TSSI","Morgan Stanley & Co. LLC","6/1"
"TTEC HLDGS INC COM","TTEC","Susquehanna Securities, LLC","1/1"
"TTM TECHNOLOGIES INC COM","TTMI","Citadel Securities LLC","1/1"
"TUCOWS INC COM NEW","TCX","Citadel Securities LLC","1/1"
"TUNIU CORP SPONSORED ADS","TOUR","Group One Trading LLC","4/1"
"TURKCELL ILETISIM HIZMETLERI SPON ADR NEW","TKC","Citadel Securities LLC","5/1"
"TURNING PT BRANDS INC COM","TPB","Group One Trading LLC","4/1"
"TURTLE BEACH CORP COM NEW","TBCH","Citadel Securities LLC","5/1"
"TUTOR PERINI CORP COM","TPC","Citadel Securities LLC","5/1"
"TUYA INC SPONSERED ADS","TUYA","Citadel Securities LLC","1/1"
"TWILIO INC CL A","TWLO","Morgan Stanley & Co. LLC","3/1"
"TWIN DISC INC COM","TWIN","Susquehanna Securities, LLC","2/1"
"TWIST BIOSCIENCE CORP COM","TWST","Citadel Securities LLC","4/1"
"TWO HBRS INVT CORP COM","TWO","Citadel Securities LLC","1/1"
"TXNM ENERGY INC COM","TXNM","Belvedere Trading LLC","3/1"
"TXO PARTNERS LP COM UNIT","TXO","Citadel Securities LLC","2/1"
"TYLER TECHNOLOGIES INC COM","TYL","Wolverine Trading, LLC","3/1"
"TYRA BIOSCIENCES INC COM","TYRA","Belvedere Trading LLC","4/1"
"TYSON FOODS INC CL A","TSN","Citadel Securities LLC","2/1"
"U HAUL HOLDING COMPANY COM","UHAL","Citadel Securities LLC","4/1"
"U S GLOBAL INVS INC CL A","GROW","Susquehanna Securities, LLC","1/1"
"U S GOLD CORP COM NEW","USAU","Susquehanna Securities, LLC","2/1"
"U S PHYSICAL THERAPY COM","USPH","Belvedere Trading LLC","1/1"
"UBER TECHNOLOGIES INC COM","UBER","Citadel Securities LLC","5/1"
"UBS GROUP AG SHS","UBS","Morgan Stanley & Co. LLC","2/1"
"UDEMY INC COM","UDMY","Susquehanna Securities, LLC","3/1"
"UDR INC COM","UDR","Wolverine Trading, LLC","3/1"
"UFP INDUSTRIES INC COM","UFPI","Susquehanna Securities, LLC","1/1"
"UFP TECHNOLOGIES INC COM","UFPT","Wolverine Trading, LLC","3/1"
"UGI CORP NEW COM","UGI","Susquehanna Securities, LLC","6/1"
"UIPATH INC CL A","PATH","Susquehanna Securities, LLC","6/1"
"UL SOLUTIONS INC CLASS A COM SHS","ULS","Citadel Securities LLC","1/1"
"ULTA BEAUTY INC COM","ULTA","Wolverine Trading, LLC","6/1"
"ULTRA CLEAN HLDGS INC COM","UCTT","Susquehanna Securities, LLC","2/1"
"ULTRAGENYX PHARMACEUTICAL INC COM","RARE","Citadel Securities LLC","3/1"
"ULTRAPAR PARTICIPACOES SA SP ADR REP COM","UGP","Wolverine Trading, LLC","2/1"
"UMB FINL CORP COM","UMBF","Wolverine Trading, LLC","3/1"
"UMH PPTYS INC COM","UMH","Wolverine Trading, LLC","3/1"
"UNDER ARMOUR INC CL A","UAA","Citadel Securities LLC","3/1"
"UNDER ARMOUR INC CL C","UA","Citadel Securities LLC","3/1"
"UNIFI INC COM NEW","UFI","Wolverine Trading, LLC","2/1"
"UNIFIED SER TR ONEASCENT CORE P","OACP","Belvedere Trading LLC","1/1"
"UNILEVER PLC SPON ADR NEW","UL","IMC-Chicago, LLC dba IMC Financial Markets","6/1"
"UNION PAC CORP COM","UNP","Citadel Securities LLC","2/1"
"UNIQURE NV SHS","QURE","Citadel Securities LLC","2/1"
"UNISYS CORP COM NEW","UIS","Susquehanna Securities, LLC","4/1"
"UNITED AIRLS HLDGS INC COM","UAL","Citadel Securities LLC","6/1"
"UNITED FIRE GROUP INC COM","UFCS","Wolverine Trading, LLC","3/1"
"UNITED MICROELECTRONICS CORP SPON ADR NEW","UMC","Wolverine Trading, LLC","3/1"
"UNITED NAT FOODS INC COM","UNFI","Susquehanna Securities, LLC","2/1"
"UNITED PARCEL SERVICE INC CL B","UPS","Susquehanna Securities, LLC","5/1"
"UNITED PARKS & RESORTS INC COM","PRKS","Susquehanna Securities, LLC","6/1"
"UNITED RENTALS INC COM","URI","Citadel Securities LLC","2/1"
"UNITED STATES ANTIMONY CORP COM","UAMY","Susquehanna Securities, LLC","6/1"
"UNITED STATES CELLULAR CORP COM","USM","Morgan Stanley & Co. LLC","3/1"
"UNITED STATES STL CORP NEW COM","X","Citadel Securities LLC","6/1"
"UNITED STS 12 MONTH NAT GAS FD UNIT BEN INT","UNL","Susquehanna Securities, LLC","7/1"
"UNITED STS 12 MONTH OIL FD LP UNIT BEN INT","USL","Citadel Securities LLC","1/1"
"UNITED STS BRENT OIL FD LP UNIT","BNO","Susquehanna Securities, LLC","7/1"
"UNITED STS COMMODITY INDEX FD CM REP COPP FD","CPER","Susquehanna Securities, LLC","6/1"
"UNITED STS COMMODITY INDEX FD COMM IDX FND","USCI","Belvedere Trading LLC","1/1"
"UNITED STS GASOLINE FD LP UNITS","UGA","Citadel Securities LLC","3/1"
"UNITED STS LIME & MINERALS INC COM","USLM","Wolverine Trading, LLC","6/1"
"UNITED STS NAT GAS FD LP UNIT PAR","UNG","Citadel Securities LLC","7/1"
"UNITED STS OIL FD LP UNITS","USO","Susquehanna Securities, LLC","7/1"
"UNITED THERAPEUTICS CORP DEL COM","UTHR","Susquehanna Securities, LLC","1/1"
"UNITEDHEALTH GROUP INC COM","UNH","Susquehanna Securities, LLC","3/1"
"UNITI GROUP INC COM","UNIT","Citadel Securities LLC","6/1"
"UNITIL CORP COM","UTL","Wolverine Trading, LLC","1/1"
"UNITY BANCORP INC COM","UNTY","Wolverine Trading, LLC","3/1"
"UNITY SOFTWARE INC COM","U","Susquehanna Securities, LLC","3/1"
"UNIVERSAL CORP VA COM","UVV","Citadel Securities LLC","3/1"
"UNIVERSAL DISPLAY CORP COM","OLED","IMC-Chicago, LLC dba IMC Financial Markets","5/1"
"UNIVERSAL ELECTRS INC COM","UEIC","Citadel Securities LLC","3/1"
"UNIVERSAL HEALTH RLTY INCOME T SH BEN INT","UHT","Wolverine Trading, LLC","3/1"
"UNIVERSAL HLTH SVCS INC CL B","UHS","Susquehanna Securities, LLC","1/1"
"UNIVERSAL INS HLDGS INC COM","UVE","Citadel Securities LLC","1/1"
"UNIVERSAL TECHNICAL INST INC COM","UTI","Wolverine Trading, LLC","3/1"
"UNIVEST FINANCIAL CORPORATION COM","UVSP","Wolverine Trading, LLC","4/1"
"UNUM GROUP COM","UNM","Susquehanna Securities, LLC","1/1"
"Unusual Whales Subversive Democratic Trading ETF","NANC","Wolverine Trading, LLC","1/1"
"Unusual Whales Subversive Republican Trading ETF","KRUZ","Belvedere Trading LLC","1/1"
"UP FINTECH HLDG LTD SPONSORED ADS","TIGR","Citadel Securities LLC","2/1"
"UPBOUND GROUP INC COM","UPBD","Wolverine Trading, LLC","6/1"
"UPEXI INC COM NEW","UPXI","Wolverine Trading, LLC","3/1"
"UPLAND SOFTWARE INC COM","UPLD","Group One Trading LLC","4/1"
"UPSTART HLDGS INC COM","UPST","Susquehanna Securities, LLC","1/1"
"UPWORK INC COM","UPWK","Citadel Securities LLC","3/1"
"URANIUM ENERGY CORP COM","UEC","Susquehanna Securities, LLC","4/1"
"URANIUM RTY CORP COM","UROY","Citadel Securities LLC","2/1"
"URBAN EDGE PPTYS COM","UE","Group One Trading LLC","4/1"
"URBAN ONE INC CL A","UONE","Citadel Securities LLC","5/1"
"URBAN OUTFITTERS INC COM","URBN","Susquehanna Securities, LLC","2/1"
"UROGEN PHARMA LTD COM","URGN","Susquehanna Securities, LLC","1/1"
"US BANCORP DEL COM NEW","USB","Optiver US LLC","2/1"
"US FOODS HLDG CORP COM","USFD","Morgan Stanley & Co. LLC","6/1"
"USA COMPRESSION PARTNERS LP COMUNIT LTDPAR","USAC","Susquehanna Securities, LLC","3/1"
"USANA HEALTH SCIENCES INC COM","USNA","Citadel Securities LLC","5/1"
"Utilities Select Sector Index S&P 500","SIXU","Susquehanna Securities, LLC","7/1"
"UTZ BRANDS INC COM CL A","UTZ","Citadel Securities LLC","6/1"
"UWM HOLDINGS CORPORATION COM CL A","UWMC","Wolverine Trading, LLC","3/1"
"V F CORP COM","VFC","Susquehanna Securities, LLC","3/1"
"V2X INC COM","VVX","Wolverine Trading, LLC","3/1"
"VAALCO ENERGY INC COM NEW","EGY","Belvedere Trading LLC","3/1"
"VAIL RESORTS INC COM","MTN","Wolverine Trading, LLC","5/1"
"VALARIS LTD CL A","VAL","Susquehanna Securities, LLC","3/1"
"VALE S A SPONSORED ADS","VALE","Susquehanna Securities, LLC","6/1"
"VALENS SEMICONDUCTOR LTD ORDINARY SHARES","VLN","Group One Trading LLC","3/1"
"VALERO ENERGY CORP COM","VLO","Wolverine Trading, LLC","4/1"
"VALKYRIE ETF TRUST II COINSHARES VALKY","BTF","Citadel Securities LLC","8/1"
"VALKYRIE ETF TRUST II COINSHARES VALKY","WGMI","Belvedere Trading LLC","2/1"
"VALLEY NATL BANCORP COM","VLY","Citadel Securities LLC","6/1"
"VALMONT INDS INC COM","VMI","Wolverine Trading, LLC","3/1"
"VALUED ADVISERS TR KOVITZ CORE EQT","EQTY","Wolverine Trading, LLC","1/1"
"VALVOLINE INC COM","VVV","Citadel Securities LLC","2/1"
"VANDA PHARMACEUTICALS INC COM","VNDA","Citadel Securities LLC","6/1"
"VANECK ETF TRUST AGRIBUSINESS ETF","MOO","Citadel Securities LLC","2/1"
"VANECK ETF TRUST BDC INCOME ETF","BIZD","Citadel Securities LLC","3/1"
"VANECK ETF TRUST BIOTECH ETF","BBH","Susquehanna Securities, LLC","7/1"
"VANECK ETF TRUST BRAZIL SMALL CAP","BRF","Susquehanna Securities, LLC","7/1"
"VANECK ETF TRUST CHINEXT ETF","CNXT","Citadel Securities LLC","5/1"
"VANECK ETF TRUST DIGI TRANSFRM","DAPP","Belvedere Trading LLC","4/1"
"VANECK ETF TRUST ENERGY INCME ET","EINC","Belvedere Trading LLC","6/1"
"VANECK ETF TRUST FALLEN ANGEL HG","ANGL","Belvedere Trading LLC","4/1"
"VANECK ETF TRUST GAMING ETF","BJK","Susquehanna Securities, LLC","7/1"
"VANECK ETF TRUST GOLD MINERS ETF","GDX","Citadel Securities LLC","7/1"
"VANECK ETF TRUST INTERNATIONAL HI","IHY","Susquehanna Securities, LLC","7/1"
"VANECK ETF TRUST ISRAEL ETF","ISRA","Susquehanna Securities, LLC","7/1"
"VANECK ETF TRUST JP MRGAN EM LOC","EMLC","Susquehanna Securities, LLC","7/1"
"VANECK ETF TRUST JUNIOR GOLD MINE","GDXJ","Susquehanna Securities, LLC","4/1"
"VANECK ETF TRUST LOW CARBN ENERGY","SMOG","Susquehanna Securities, LLC","7/1"
"VANECK ETF TRUST MORTGAGE REIT","MORT","Citadel Securities LLC","6/1"
"VANECK ETF TRUST OFFICE AND COMME","DESK","Belvedere Trading LLC","6/1"
"VANECK ETF TRUST OIL REFINERS ETF","CRAK","Wolverine Trading, LLC","3/1"
"VANECK ETF TRUST OIL SERVICES ETF","OIH","Citadel Securities LLC","5/1"
"VANECK ETF TRUST PHARMACEUTCL ETF","PPH","Belvedere Trading LLC","3/1"
"VANECK ETF TRUST PREFERRED SECURT","PFXF","Citadel Securities LLC","1/1"
"VANECK ETF TRUST RARE EARTH AND S","REMX","Susquehanna Securities, LLC","7/1"
"VANECK ETF TRUST REAL ASSETS ETF","RAAX","Wolverine Trading, LLC","2/1"
"VANECK ETF TRUST RETAIL ETF","RTH","Susquehanna Securities, LLC","7/1"
"VANECK ETF TRUST SEMICONDUCTR ETF","SMH","Susquehanna Securities, LLC","7/1"
"VANECK ETF TRUST SOCIAL SENTIMENT","BUZZ","Citadel Securities LLC","3/1"
"VANECK ETF TRUST STEEL ETF","SLX","Citadel Securities LLC","6/1"
"VANECK ETF TRUST VIDEO GMNG ESPRT","ESPO","Belvedere Trading LLC","6/1"
"VanEck High Yield Muni ETF","HYD","Belvedere Trading LLC","1/1"
"VanEck Long Muni ETF","MLN","Citadel Securities LLC","2/1"
"VANECK MERK GOLD ETF GOLD SHS","OUNZ","Belvedere Trading LLC","5/1"
"VanEck Morningstar SMID Moat ETF","SMOT","Belvedere Trading LLC","5/1"
"VanEck Morningstar Wide Moat ETF","MOAT","Belvedere Trading LLC","1/1"
"VanEck Short Muni ETF","SMB","Wolverine Trading, LLC","4/1"
"VANGUARD ADMIRAL FDS INC 500 GRTH IDX F","VOOG","Belvedere Trading LLC","5/1"
"VANGUARD ADMIRAL FDS INC 500 VAL IDX FD","VOOV","Belvedere Trading LLC","5/1"
"VANGUARD BD INDEX FDS INTERMED TERM","BIV","Susquehanna Securities, LLC","7/1"
"VANGUARD BD INDEX FDS LONG TERM BOND","BLV","Susquehanna Securities, LLC","7/1"
"VANGUARD BD INDEX FDS SHORT TRM BOND","BSV","Wolverine Trading, LLC","3/1"
"VANGUARD BD INDEX FDS TOTAL BND MRKT","BND","Susquehanna Securities, LLC","7/1"
"Vanguard California Tax-Exempt Bond ETF","VTEC","Wolverine Trading, LLC","6/1"
"VANGUARD CHARLOTTE FDS TOTAL INT BD ETF","BNDX","Wolverine Trading, LLC","8/1"
"Vanguard ESG International Stock ETF","VSGX","Belvedere Trading LLC","5/1"
"Vanguard ESG U.S. Corporate Bond ETF","VCEB","Wolverine Trading, LLC","2/1"
"VANGUARD INDEX FDS EXTEND MKT ETF","VXF","Susquehanna Securities, LLC","7/1"
"VANGUARD INDEX FDS GROWTH ETF","VUG","Susquehanna Securities, LLC","7/1"
"VANGUARD INDEX FDS LARGE CAP ETF","VV","Susquehanna Securities, LLC","7/1"
"VANGUARD INDEX FDS MCAP GR IDXVIP","VOT","Susquehanna Securities, LLC","7/1"
"VANGUARD INDEX FDS MCAP VL IDXVIP","VOE","Susquehanna Securities, LLC","7/1"
"VANGUARD INDEX FDS MID CAP ETF","VO","Susquehanna Securities, LLC","7/1"
"VANGUARD INDEX FDS REAL ESTATE ETF","VNQ","Citadel Securities LLC","6/1"
"VANGUARD INDEX FDS S&P 500 ETF SHS","VOO","Susquehanna Securities, LLC","7/1"
"VANGUARD INDEX FDS SM CP VAL ETF","VBR","Susquehanna Securities, LLC","7/1"
"VANGUARD INDEX FDS SMALL CP ETF","VB","Susquehanna Securities, LLC","7/1"
"VANGUARD INDEX FDS SML CP GRW ETF","VBK","Susquehanna Securities, LLC","7/1"
"VANGUARD INDEX FDS TOTAL STK MKT","VTI","Susquehanna Securities, LLC","7/1"
"VANGUARD INDEX FDS VALUE ETF","VTV","Susquehanna Securities, LLC","7/1"
"Vanguard Intermediate-Term Tax-Exempt Bond ETF","VTEI","Wolverine Trading, LLC","1/1"
"VANGUARD INTL EQUITY INDEX FDS ALLWRLD EX US","VEU","Susquehanna Securities, LLC","7/1"
"VANGUARD INTL EQUITY INDEX FDS FTSE EMR MKT ETF","VWO","Susquehanna Securities, LLC","7/1"
"VANGUARD INTL EQUITY INDEX FDS FTSE EUROPE ETF","VGK","Susquehanna Securities, LLC","7/1"
"VANGUARD INTL EQUITY INDEX FDS FTSE PACIFIC ETF","VPL","Susquehanna Securities, LLC","7/1"
"VANGUARD INTL EQUITY INDEX FDS FTSE SMCAP ETF","VSS","Susquehanna Securities, LLC","7/1"
"VANGUARD INTL EQUITY INDEX FDS GLB EX US ETF","VNQI","Susquehanna Securities, LLC","7/1"
"VANGUARD INTL EQUITY INDEX FDS TT WRLD ST ETF","VT","Susquehanna Securities, LLC","7/1"
"VANGUARD MALVERN FDS CORE BD ETF","VCRB","Belvedere Trading LLC","3/1"
"VANGUARD MALVERN FDS CORE-PLUS BD ETF","VPLS","Wolverine Trading, LLC","4/1"
"VANGUARD MALVERN FDS STRM INFPROIDX","VTIP","Wolverine Trading, LLC","3/1"
"VANGUARD MUN BD FDS TAX EXEMPT BD","VTEB","Wolverine Trading, LLC","3/1"
"VANGUARD SCOTTSDALE FDS INT-TERM CORP","VCIT","Susquehanna Securities, LLC","7/1"
"VANGUARD SCOTTSDALE FDS INTER TERM TREAS","VGIT","Wolverine Trading, LLC","3/1"
"VANGUARD SCOTTSDALE FDS LG-TERM COR BD","VCLT","Susquehanna Securities, LLC","7/1"
"VANGUARD SCOTTSDALE FDS LONG TERM TREAS","VGLT","Citadel Securities LLC","3/1"
"VANGUARD SCOTTSDALE FDS MTG-BKD SECS ETF","VMBS","Wolverine Trading, LLC","3/1"
"VANGUARD SCOTTSDALE FDS SHORT TERM TREAS","VGSH","Wolverine Trading, LLC","3/1"
"VANGUARD SCOTTSDALE FDS SHRT TRM CORP BD","VCSH","Belvedere Trading LLC","5/1"
"VANGUARD SCOTTSDALE FDS TOTAL CORP BND","VTC","Belvedere Trading LLC","5/1"
"VANGUARD SCOTTSDALE FDS TOTAL WLD BD ETF","BNDW","Belvedere Trading LLC","3/1"
"VANGUARD SCOTTSDALE FDS VNG RUS1000IDX","VONE","Wolverine Trading, LLC","2/1"
"VANGUARD SCOTTSDALE FDS VNG RUS2000GRW","VTWG","Belvedere Trading LLC","1/1"
"VANGUARD SCOTTSDALE FDS VNG RUS2000IDX","VTWO","Susquehanna Securities, LLC","7/1"
"VANGUARD SPECIALIZED FUNDS DIV APP ETF","VIG","Susquehanna Securities, LLC","7/1"
"VANGUARD STAR FDS VG TL INTL STK F","VXUS","Susquehanna Securities, LLC","7/1"
"VANGUARD TAX-MANAGED FDS VAN FTSE DEV MKT","VEA","Susquehanna Securities, LLC","7/1"
"Vanguard U.S. Momentum Factor ETF","VFMO","Belvedere Trading LLC","1/1"
"Vanguard U.S. Multifactor ETF","VFMF","Belvedere Trading LLC","1/1"
"Vanguard U.S. Quality Factor ETF","VFQY","Belvedere Trading LLC","2/1"
"Vanguard Ultra-Short Bond ETF","VUSB","Morgan Stanley & Co. LLC","2/1"
"VANGUARD WELLINGTON FD SHORT TRM TAX EX","VTES","Belvedere Trading LLC","1/1"
"VANGUARD WHITEHALL FDS EM MK GOV BD ETF","VWOB","Citadel Securities LLC","1/1"
"VANGUARD WHITEHALL FDS HIGH DIV YLD","VYM","Susquehanna Securities, LLC","7/1"
"VANGUARD WHITEHALL FDS INTL DVD ETF","VIGI","Belvedere Trading LLC","5/1"
"VANGUARD WHITEHALL FDS INTL HIGH ETF","VYMI","Belvedere Trading LLC","1/1"
"VANGUARD WORLD FD COMM SRVC ETF","VOX","Susquehanna Securities, LLC","7/1"
"VANGUARD WORLD FD CONSUM DIS ETF","VCR","Susquehanna Securities, LLC","7/1"
"VANGUARD WORLD FD CONSUM STP ETF","VDC","Susquehanna Securities, LLC","7/1"
"VANGUARD WORLD FD ENERGY ETF","VDE","Susquehanna Securities, LLC","7/1"
"VANGUARD WORLD FD EXTENDED DUR","EDV","Belvedere Trading LLC","5/1"
"VANGUARD WORLD FD FINANCIALS ETF","VFH","Susquehanna Securities, LLC","7/1"
"VANGUARD WORLD FD HEALTH CAR ETF","VHT","Susquehanna Securities, LLC","7/1"
"VANGUARD WORLD FD INDUSTRIAL ETF","VIS","Susquehanna Securities, LLC","7/1"
"VANGUARD WORLD FD INF TECH ETF","VGT","Susquehanna Securities, LLC","7/1"
"VANGUARD WORLD FD MATERIALS ETF","VAW","Susquehanna Securities, LLC","7/1"
"VANGUARD WORLD FD MEGA CAP INDEX","MGC","Susquehanna Securities, LLC","7/1"
"VANGUARD WORLD FD MEGA CAP VAL ETF","MGV","Susquehanna Securities, LLC","7/1"
"VANGUARD WORLD FD MEGA GRWTH IND","MGK","Susquehanna Securities, LLC","7/1"
"VANGUARD WORLD FD UTILITIES ETF","VPU","Susquehanna Securities, LLC","7/1"
"VAREX IMAGING CORP COM","VREX","Group One Trading LLC","4/1"
"VARONIS SYS INC COM","VRNS","Wolverine Trading, LLC","3/1"
"VAXART INC COM NEW","VXRT","Group One Trading LLC","4/1"
"VAXCYTE INC COM","PCVX","Belvedere Trading LLC","2/1"
"VEECO INSTRS INC DEL COM","VECO","Citadel Securities LLC","5/1"
"VEEVA SYS INC CL A COM","VEEV","Susquehanna Securities, LLC","4/1"
"VegTech Plant-based Innovation & Climate ETF","EATV","Belvedere Trading LLC","6/1"
"VELO3D INC COM NEW","VLDX","Susquehanna Securities, LLC","5/1"
"VELOCITY FINL INC COM","VEL","Group One Trading LLC","4/1"
"VENTAS INC COM","VTR","Citadel Securities LLC","2/1"
"VENTYX BIOSCIENCES INC COM","VTYX","Susquehanna Securities, LLC","3/1"
"VERA BRADLEY INC COM","VRA","Morgan Stanley & Co. LLC","4/1"
"VERA THERAPEUTICS INC CL A","VERA","Citadel Securities LLC","2/1"
"VERACYTE INC COM","VCYT","Susquehanna Securities, LLC","3/1"
"VERALTO CORP COM SHS","VLTO","Morgan Stanley & Co. LLC","6/1"
"VERASTEM INC COM NEW","VSTM","Citadel Securities LLC","6/1"
"VEREN INC COM NEW","VRN","Morgan Stanley & Co. LLC","6/1"
"VERICEL CORP COM","VCEL","Group One Trading LLC","4/1"
"VERINT SYS INC COM","VRNT","Susquehanna Securities, LLC","3/1"
"VERIS RESIDENTIAL INC COM","VRE","Wolverine Trading, LLC","6/1"
"VERISIGN INC COM","VRSN","Susquehanna Securities, LLC","4/1"
"VERISK ANALYTICS INC COM","VRSK","Citadel Securities LLC","1/1"
"VERITONE INC COM","VERI","Citadel Securities LLC","6/1"
"VERIZON COMMUNICATIONS INC COM","VZ","Susquehanna Securities, LLC","4/1"
"VERMILION ENERGY INC COM","VET","Susquehanna Securities, LLC","3/1"
"VERONA PHARMA PLC SPONSORED ADS","VRNA","Citadel Securities LLC","5/1"
"VERRA MOBILITY CORP CL A COM STK","VRRM","Belvedere Trading LLC","6/1"
"VERRICA PHARMACEUTICALS INC COM","VRCA","Group One Trading LLC","4/1"
"VERTEX ENERGY INC COM","VTNRQ","Wolverine Trading, LLC","3/1"
"VERTEX PHARMACEUTICALS INC COM","VRTX","Citadel Securities LLC","1/1"
"VERTICAL AEROSPACE LTD SHS NEW","EVTL","Susquehanna Securities, LLC","3/1"
"VERTIV HOLDINGS CO COM CL A","VRT","Citadel Securities LLC","3/1"
"VERU INC COM","VERU","Wolverine Trading, LLC","5/1"
"VERVE THERAPEUTICS INC COM","VERV","Citadel Securities LLC","6/1"
"VESTIS CORPORATION COM SHS","VSTS","Citadel Securities LLC","1/1"
"VIANT TECHNOLOGY INC COM CL A","DSP","Group One Trading LLC","4/1"
"VIASAT INC COM","VSAT","Morgan Stanley & Co. LLC","6/1"
"VIATRIS INC COM","VTRS","Citadel Securities LLC","5/1"
"VIAVI SOLUTIONS INC COM","VIAV","Susquehanna Securities, LLC","6/1"
"VICI PPTYS INC COM","VICI","Group One Trading LLC","4/1"
"VICOR CORP COM","VICR","Susquehanna Securities, LLC","6/1"
"VICTORIAS SECRET AND CO COMMON STOCK","VSCO","Wolverine Trading, LLC","3/1"
"VICTORY CAP HLDGS INC COM CL A","VCTR","Wolverine Trading, LLC","3/1"
"VICTORY PORTFOLIOS II VCSHS US 500 ENH","CFO","Wolverine Trading, LLC","3/1"
"VICTORY PORTFOLIOS II VCSHS US 500 VOL","CFA","Belvedere Trading LLC","5/1"
"VICTORY PORTFOLIOS II VCSHS US EQ INCM","CDC","Wolverine Trading, LLC","3/1"
"VICTORY PORTFOLIOS II VCSHS US SMCP HG","CSB","Wolverine Trading, LLC","3/1"
"VICTORY PORTFOLIOS II VICSHS DV AC ETF","VSDA","Belvedere Trading LLC","3/1"
"VIKING HOLDINGS LTD ORD SHS","VIK","IMC-Chicago, LLC dba IMC Financial Markets","2/1"
"VIKING THERAPEUTICS INC COM","VKTX","Group One Trading LLC","4/1"
"VILLAGE FARMS INTL INC COM","VFF","Wolverine Trading, LLC","3/1"
"VIMEO INC COMMON STOCK","VMEO","Wolverine Trading, LLC","3/1"
"VINFAST AUTO LTD SHS","VFS","Citadel Securities LLC","4/1"
"VIPER ENERGY INC CL A","VNOM","Wolverine Trading, LLC","5/1"
"VIPSHOP HLDGS LTD SPONSORED ADS A","VIPS","Susquehanna Securities, LLC","1/1"
"VIR BIOTECHNOLOGY INC COM","VIR","Susquehanna Securities, LLC","3/1"
"VIRACTA THERAPEUTICS INC COM","VIRX","Belvedere Trading LLC","6/1"
"VIRCO MFG CO COM","VIRC","Citadel Securities LLC","5/1"
"VIRGIN GALACTIC HOLDINGS INC COM NEW","SPCE","Citadel Securities LLC","2/1"
"VIRIDIAN THERAPEUTICS INC COM","VRDN","Citadel Securities LLC","4/1"
"VIRTRA INC COM PAR","VTSI","Susquehanna Securities, LLC","3/1"
"VIRTU FINL INC CL A","VIRT","Citadel Securities LLC","1/1"
"VISA INC COM CL A","V","Optiver US LLC","5/1"
"VISHAY INTERTECHNOLOGY INC COM","VSH","Susquehanna Securities, LLC","1/1"
"VISHAY PRECISION GROUP INC COM","VPG","Susquehanna Securities, LLC","1/1"
"VISTA ENERGY S.A.B. DE C.V. SPONSORED ADS","VIST","Group One Trading LLC","4/1"
"VISTA GOLD CORP COM NEW","VGZ","Wolverine Trading, LLC","3/1"
"VISTAGEN THERAPEUTICS INC COM","VTGN","Belvedere Trading LLC","6/1"
"VISTEON CORP COM NEW","VC","Citadel Securities LLC","4/1"
"VISTRA CORP COM","VST","Susquehanna Securities, LLC","2/1"
"VITA COCO CO INC COM","COCO","Belvedere Trading LLC","5/1"
"VITAL ENERGY INC COM","VTLE","Morgan Stanley & Co. LLC","4/1"
"VITAL FARMS INC COM","VITL","Wolverine Trading, LLC","3/1"
"VIVANI MEDICAL INC COMMON STOCK","VANI","Citadel Securities LLC","1/1"
"VIVID SEATS INC COM CL A","SEAT","Citadel Securities LLC","1/1"
"VNET GROUP INC SPONSORED ADS A","VNET","Citadel Securities LLC","5/1"
"VOC ENERGY TR TR UNIT","VOC","Morgan Stanley & Co. LLC","1/1"
"VODAFONE GROUP PLC NEW SPONSORED ADR","VOD","Citadel Securities LLC","6/1"
"VOLITIONRX LTD COM","VNRX","Citadel Securities LLC","3/1"
"VONTIER CORPORATION COM","VNT","Morgan Stanley & Co. LLC","4/1"
"VOR BIOPHARMA INC COM","VOR","Group One Trading LLC","4/1"
"VORNADO RLTY TR SH BEN INT","VNO","Susquehanna Securities, LLC","5/1"
"VOXX INTL CORP CL A","VOXX","Citadel Securities LLC","3/1"
"VOYA FINANCIAL INC COM","VOYA","Susquehanna Securities, LLC","3/1"
"VOYAGER THERAPEUTICS INC COM","VYGR","Belvedere Trading LLC","1/1"
"VSE CORP COM","VSEC","Susquehanna Securities, LLC","5/1"
"VTEX SHS CL A","VTEX","Susquehanna Securities, LLC","5/1"
"VULCAN MATLS CO COM","VMC","Morgan Stanley & Co. LLC","1/1"
"VUZIX CORP COM NEW","VUZI","Group One Trading LLC","4/1"
"W & T OFFSHORE INC COM","WTI","Susquehanna Securities, LLC","1/1"
"WABASH NATL CORP COM","WNC","Susquehanna Securities, LLC","3/1"
"WABTEC COM","WAB","Wolverine Trading, LLC","6/1"
"WAFD INC COM","WAFD","Wolverine Trading, LLC","5/1"
"WALGREENS BOOTS ALLIANCE INC COM","WBA","Citadel Securities LLC","5/1"
"WALKER & DUNLOP INC COM","WD","Wolverine Trading, LLC","5/1"
"WALLBOX NV SHS CL A","WBX","Wolverine Trading, LLC","3/1"
"WALMART INC COM","WMT","Susquehanna Securities, LLC","6/1"
"WARBY PARKER INC CL A COM","WRBY","Citadel Securities LLC","2/1"
"WARNER BROS DISCOVERY INC COM SER A","WBD","Susquehanna Securities, LLC","6/1"
"WARNER MUSIC GROUP CORP COM CL A","WMG","Susquehanna Securities, LLC","3/1"
"WARRIOR MET COAL INC COM","HCC","Susquehanna Securities, LLC","1/1"
"WASHINGTON TR BANCORP INC COM","WASH","Wolverine Trading, LLC","3/1"
"WASTE CONNECTIONS INC COM","WCN","Citadel Securities LLC","3/1"
"WASTE MGMT INC DEL COM","WM","Morgan Stanley & Co. LLC","2/1"
"WATERS CORP COM","WAT","Susquehanna Securities, LLC","6/1"
"WATERSTONE FINL INC MD COM","WSBF","Susquehanna Securities, LLC","3/1"
"WATSCO INC COM","WSO","Wolverine Trading, LLC","4/1"
"WATTS WATER TECHNOLOGIES INC CL A","WTS","Wolverine Trading, LLC","3/1"
"WAVE LIFE SCIENCES LTD SHS","WVE","Citadel Securities LLC","2/1"
"WAYFAIR INC CL A","W","Wolverine Trading, LLC","4/1"
"WAYSTAR HLDG CORP COM","WAY","Citadel Securities LLC","3/1"
"WD 40 CO COM","WDFC","Susquehanna Securities, LLC","6/1"
"WEATHERFORD INTL PLC ORD SHS","WFRD","Belvedere Trading LLC","1/1"
"WEAVE COMMUNICATIONS INC COM","WEAV","Wolverine Trading, LLC","3/1"
"WEBSTER FINL CORP COM","WBS","Morgan Stanley & Co. LLC","6/1"
"WEBTOON ENTMT INC COM","WBTN","Citadel Securities LLC","3/1"
"WEC ENERGY GROUP INC COM","WEC","Wolverine Trading, LLC","5/1"
"WEIBO CORP SPONSORED ADR","WB","Susquehanna Securities, LLC","3/1"
"WELLS FARGO CO NEW COM","WFC","Susquehanna Securities, LLC","6/1"
"WELLTOWER INC COM","WELL","Wolverine Trading, LLC","3/1"
"WENDYS CO COM","WEN","Susquehanna Securities, LLC","3/1"
"WEREWOLF THERAPEUTICS INC COM","HOWL","Group One Trading LLC","4/1"
"WERNER ENTERPRISES INC COM","WERN","Citadel Securities LLC","3/1"
"WESCO INTL INC COM","WCC","Wolverine Trading, LLC","6/1"
"WEST BANCORPORATION INC CAP STK","WTBA","Susquehanna Securities, LLC","6/1"
"WEST FRASER TIMBER CO LTD COM","WFG","Citadel Securities LLC","2/1"
"WEST PHARMACEUTICAL SVSC INC COM","WST","Wolverine Trading, LLC","3/1"
"WESTAMERICA BANCORPORATION COM","WABC","Susquehanna Securities, LLC","3/1"
"WESTERN ALLIANCE BANCORP COM","WAL","Susquehanna Securities, LLC","4/1"
"WESTERN DIGITAL CORP COM","WDC","Susquehanna Securities, LLC","3/1"
"WESTERN MIDSTREAM PARTNERS LP COM UNIT LP INT","WES","Citadel Securities LLC","2/1"
"WESTERN UN CO COM","WU","Citadel Securities LLC","2/1"
"WESTLAKE CHEM PARTNERS LP COM UNIT RP LP","WLKP","Citadel Securities LLC","1/1"
"WESTLAKE CORPORATION COM","WLK","Susquehanna Securities, LLC","6/1"
"WESTPORT FUEL SYSTEMS INC COM","WPRT","Wolverine Trading, LLC","3/1"
"WESTROCK COFFEE CO COM","WEST","Belvedere Trading LLC","4/1"
"WESTWATER RES INC COM NEW","WWR","Citadel Securities LLC","5/1"
"WEX INC COM","WEX","Susquehanna Securities, LLC","5/1"
"WEYERHAEUSER CO MTN BE COM NEW","WY","Susquehanna Securities, LLC","4/1"
"WHEATON PRECIOUS METALS CORP COM","WPM","Morgan Stanley & Co. LLC","6/1"
"WHEELS UP EXPERIENCE INC COM CL A","UP","Susquehanna Securities, LLC","3/1"
"WHIRLPOOL CORP COM","WHR","Wolverine Trading, LLC","6/1"
"WHITEHORSE FIN INC COM","WHF","Susquehanna Securities, LLC","2/1"
"WHITESTONE REIT COM","WSR","Citadel Securities LLC","3/1"
"WIDEOPENWEST INC COM","WOW","Morgan Stanley & Co. LLC","5/1"
"WILEY JOHN & SONS INC CL A","WLY","Susquehanna Securities, LLC","3/1"
"WILLDAN GROUP INC COM","WLDN","Citadel Securities LLC","1/1"
"WILLIAMS COS INC COM","WMB","Susquehanna Securities, LLC","3/1"
"WILLIAMS SONOMA INC COM","WSM","Susquehanna Securities, LLC","3/1"
"WILLIS TOWERS WATSON PLC LTD SHS","WTW","Susquehanna Securities, LLC","4/1"
"WILLSCOT HLDGS CORP COM CL A","WSC","Group One Trading LLC","4/1"
"WIMI HOLOGRAM CLOUD INC SPON ADS CL B","WIMI","Citadel Securities LLC","6/1"
"WINGSTOP INC COM","WING","Wolverine Trading, LLC","1/1"
"WINNEBAGO INDS INC COM","WGO","Susquehanna Securities, LLC","1/1"
"WINTRUST FINL CORP COM","WTFC","Wolverine Trading, LLC","1/1"
"WIPRO LTD SPON ADR 1 SH","WIT","Citadel Securities LLC","3/1"
"WisdomTree Battery Value Chain and Innovation Fund","WBAT","Belvedere Trading LLC","1/1"
"WisdomTree Efficient Gold Plus Equity Strategy Fund","GDE","Belvedere Trading LLC","5/1"
"WISDOMTREE INC COM","WT","Citadel Securities LLC","3/1"
"WISDOMTREE TR BLMBG US BULL","USDU","Wolverine Trading, LLC","1/1"
"WISDOMTREE TR CLOUD COMPUTNG","WCLD","Wolverine Trading, LLC","3/1"
"WISDOMTREE TR EM EX ST-OWNED","XSOE","Wolverine Trading, LLC","3/1"
"WISDOMTREE TR EM LCL DEBT FD","ELD","Susquehanna Securities, LLC","7/1"
"WISDOMTREE TR EMER MKT HIGH FD","DEM","Susquehanna Securities, LLC","7/1"
"WISDOMTREE TR EMERG CUR STR FD","CEW","Susquehanna Securities, LLC","7/1"
"WISDOMTREE TR EMG MKTS SMCAP","DGS","Susquehanna Securities, LLC","7/1"
"WISDOMTREE TR ENHNCD CMMDTY ST","GCC","Belvedere Trading LLC","5/1"
"WISDOMTREE TR EUROPE HEDGED EQ","HEDJ","Susquehanna Securities, LLC","7/1"
"WISDOMTREE TR EUROPE SMCP DV","DFE","Susquehanna Securities, LLC","7/1"
"WISDOMTREE TR FLOATNG RAT TREA","USFR","Belvedere Trading LLC","3/1"
"WISDOMTREE TR GLB US QTLY DIV","DNL","Wolverine Trading, LLC","5/1"
"WISDOMTREE TR INDIA ERNGS FD","EPI","Wolverine Trading, LLC","3/1"
"WISDOMTREE TR INTERNTNL AI ENH","AIVI","Belvedere Trading LLC","2/1"
"WISDOMTREE TR INTL SMCAP DIV","DLS","Belvedere Trading LLC","3/1"
"WISDOMTREE TR ITL HDG QTLY DIV","IHDG","Belvedere Trading LLC","2/1"
"WISDOMTREE TR JAPN HEDGE EQT","DXJ","Susquehanna Securities, LLC","7/1"
"WISDOMTREE TR JP SMALLCP DIV","DFJ","Belvedere Trading LLC","7/1"
"WISDOMTREE TR JPN SCAP HDG EQT","DXJS","Susquehanna Securities, LLC","7/1"
"WISDOMTREE TR US AI ENHANCED","AIVL","Belvedere Trading LLC","7/1"
"WISDOMTREE TR US LARGECAP DIVD","DLN","Wolverine Trading, LLC","7/1"
"WISDOMTREE TR US MIDCAP DIVID","DON","Wolverine Trading, LLC","1/1"
"WISDOMTREE TR US QTLY DIV GRT","DGRW","Susquehanna Securities, LLC","7/1"
"WISDOMTREE TR US SMALLCAP FUND","EES","Belvedere Trading LLC","6/1"
"WISDOMTREE TR WISDOMTREE US VA","WTV","Belvedere Trading LLC","6/1"
"WISDOMTREE TR YIELD ENHANCD US","AGGY","Wolverine Trading, LLC","3/1"
"WisdomTree U.S. Multifactor Fund","USMF","Belvedere Trading LLC","2/1"
"WIX COM LTD SHS","WIX","Wolverine Trading, LLC","6/1"
"WK KELLOGG CO COM SHS","KLG","Citadel Securities LLC","1/1"
"WM TECHNOLOGY INC COM","MAPS","Wolverine Trading, LLC","3/1"
"WNS HLDGS LTD COM SHS","WNS","Wolverine Trading, LLC","3/1"
"WOLFSPEED INC COM","WOLF","Susquehanna Securities, LLC","3/1"
"WOLVERINE WORLD WIDE INC COM","WWW","Wolverine Trading, LLC","4/1"
"WOODSIDE ENERGY GROUP LTD SPONSORED ADR","WDS","Citadel Securities LLC","6/1"
"WOODWARD INC COM","WWD","Morgan Stanley & Co. LLC","2/1"
"WORKDAY INC CL A","WDAY","Susquehanna Securities, LLC","1/1"
"WORKHORSE GROUP INC COM SHS","WKHS","Susquehanna Securities, LLC","1/1"
"WORKIVA INC COM CL A","WK","Citadel Securities LLC","3/1"
"WORKSPORT LTD COM NEW","WKSP","Wolverine Trading, LLC","3/1"
"WORLD KINECT CORPORATION COM","WKC","Wolverine Trading, LLC","1/1"
"WORTHINGTON ENTERPRISES INC COM","WOR","IMC-Chicago, LLC dba IMC Financial Markets","6/1"
"WORTHINGTON STL INC COM SHS","WS","Susquehanna Securities, LLC","6/1"
"WP CAREY INC COM","WPC","Susquehanna Securities, LLC","3/1"
"WPP PLC NEW ADR","WPP","Wolverine Trading, LLC","3/1"
"WRAP TECHNOLOGIES INC COM","WRAP","Citadel Securities LLC","6/1"
"WSFS FINL CORP COM","WSFS","Susquehanna Securities, LLC","2/1"
"WW INTL INC COM","WW","Morgan Stanley & Co. LLC","3/1"
"WYNDHAM HOTELS & RESORTS INC COM","WH","Susquehanna Securities, LLC","1/1"
"WYNN RESORTS LTD COM","WYNN","Susquehanna Securities, LLC","6/1"
"X4 PHARMACEUTICALS INC COM","XFOR","Wolverine Trading, LLC","3/1"
"XBIOTECH INC COM","XBIT","Susquehanna Securities, LLC","4/1"
"XCEL ENERGY INC COM","XEL","Susquehanna Securities, LLC","6/1"
"XENCOR INC COM","XNCR","Susquehanna Securities, LLC","1/1"
"XENIA HOTELS & RESORTS INC COM","XHR","Belvedere Trading LLC","1/1"
"XENON PHARMACEUTICALS INC COM","XENE","Susquehanna Securities, LLC","5/1"
"XERIS BIOPHARMA HOLDINGS INC COM","XERS","Citadel Securities LLC","6/1"
"XEROX HOLDINGS CORP COM NEW","XRX","Susquehanna Securities, LLC","1/1"
"XOMA ROYALTY CORPORATION COM NEW","XOMA","Group One Trading LLC","4/1"
"XOMETRY INC CLASS A COM","XMTR","Belvedere Trading LLC","2/1"
"XP INC CL A","XP","Citadel Securities LLC","3/1"
"XPEL INC COM","XPEL","Group One Trading LLC","4/1"
"XPENG INC ADS","XPEV","Susquehanna Securities, LLC","6/1"
"XPO INC COM","XPO","Susquehanna Securities, LLC","6/1"
"XPONENTIAL FITNESS INC COM CL A","XPOF","Belvedere Trading LLC","3/1"
"XUNLEI LTD SPONSORED ADS","XNET","Susquehanna Securities, LLC","5/1"
"XYLEM INC COM","XYL","Citadel Securities LLC","6/1"
"Y-MABS THERAPEUTICS INC COM","YMAB","Group One Trading LLC","1/1"
"YALLA GROUP LTD ADS","YALA","Wolverine Trading, LLC","3/1"
"YATSEN HLDG LTD SPONSORED ADS","YSG","Susquehanna Securities, LLC","3/1"
"YELP INC CL A","YELP","Susquehanna Securities, LLC","2/1"
"YETI HLDGS INC COM","YETI","Susquehanna Securities, LLC","1/1"
"YEXT INC COM","YEXT","Susquehanna Securities, LLC","3/1"
"YIREN DIGITAL LTD SPONSORED ADS","YRD","Susquehanna Securities, LLC","3/1"
"YORK WTR CO COM","YORW","Citadel Securities LLC","6/1"
"YOUDAO INC SPONSORED ADS","DAO","Wolverine Trading, LLC","3/1"
"YPF SOCIEDAD ANONIMA SPON ADR CL D","YPF","Group One Trading LLC","4/1"
"YUM BRANDS INC COM","YUM","Susquehanna Securities, LLC","2/1"
"YUM CHINA HLDGS INC COM","YUMC","Susquehanna Securities, LLC","2/1"
"ZAI LAB LTD ADR","ZLAB","Susquehanna Securities, LLC","5/1"
"ZEBRA TECHNOLOGIES CORPORATION CL A","ZBRA","Susquehanna Securities, LLC","3/1"
"ZEDGE INC CL B","ZDGE","Citadel Securities LLC","3/1"
"ZEEKR INTELLIGENT TECHNOLOGY SPON ADS","ZK","Morgan Stanley & Co. LLC","4/1"
"ZEPP HEALTH CORPORATION SPONSORED ADR","ZEPP","Citadel Securities LLC","1/1"
"ZETA GLOBAL HOLDINGS CORP CL A","ZETA","Susquehanna Securities, LLC","2/1"
"ZEVRA THERAPEUTICS INC COM NEW","ZVRA","Citadel Securities LLC","6/1"
"ZHIHU INC SPONSORED ADS","ZH","Citadel Securities LLC","5/1"
"ZIFF DAVIS INC COM","ZD","Citadel Securities LLC","6/1"
"ZILLOW GROUP INC CL A","ZG","Wolverine Trading, LLC","3/1"
"ZILLOW GROUP INC CL C CAP STK","Z","Wolverine Trading, LLC","4/1"
"ZIM INTEGRATED SHIPPING SERV SHS","ZIM","Susquehanna Securities, LLC","4/1"
"ZIMMER BIOMET HOLDINGS INC COM","ZBH","IMC-Chicago, LLC dba IMC Financial Markets","6/1"
"ZIMVIE INC COM","ZIMV","Citadel Securities LLC","6/1"
"ZIONS BANCORPORATION N A COM","ZION","Morgan Stanley & Co. LLC","6/1"
"ZIPRECRUITER INC CL A","ZIP","Susquehanna Securities, LLC","1/1"
"ZOETIS INC CL A","ZTS","Wolverine Trading, LLC","1/1"
"ZOOM COMMUNICATIONS INC CL A","ZM","Citadel Securities LLC","4/1"
"ZOOMINFO TECHNOLOGIES INC COMMON STOCK","ZI","Citadel Securities LLC","1/1"
"ZSCALER INC COM","ZS","Morgan Stanley & Co. LLC","3/1"
"ZTO EXPRESS CAYMAN INC SPONSORED ADS A","ZTO","Morgan Stanley & Co. LLC","2/1"
"ZUMIEZ INC COM","ZUMZ","IMC-Chicago, LLC dba IMC Financial Markets","6/1"
"ZUORA INC COM CL A","ZUO","Susquehanna Securities, LLC","3/1"
"ZURN ELKAY WATER SOLNS CORP COM","ZWS","Susquehanna Securities, LLC","3/1"
"ZYMEWORKS INC COM","ZYME","Citadel Securities LLC","2/1"
"ZYNEX INC COM","ZYXI","Group One Trading LLC","4/1"
